PRAGMA foreign_keys=OFF;
BEGIN TRANSACTION;
CREATE TABLE units_tab(
    property  CHARACTER(32),
       units  CHARACTER(32),
  to_hartree  DOUBLE PRECISION
);
INSERT INTO "units_tab" VALUES('energy','Hartree',1.0);
INSERT INTO "units_tab" VALUES('so','kcal/mol',0.00159362);
INSERT INTO "units_tab" VALUES('atomization','kcal/mol',0.00159362);
CREATE TABLE ele_tab(
             id INTEGER UNIQUE,
           name CHARACTER(32) PRIMARY KEY,
         charge INTEGER,
   multiplicity INTEGER,
      num_atoms INTEGER,
       num_elec INTEGER,
       symmetry CHARACTER(16)
);
INSERT INTO "ele_tab" VALUES(1,'TiCl',0,4,2,39,'psi');
INSERT INTO "ele_tab" VALUES(2,'VH',0,5,2,24,'delta');
INSERT INTO "ele_tab" VALUES(3,'VO',0,4,2,31,'A2');
INSERT INTO "ele_tab" VALUES(4,'VCl',0,5,2,40,'delta');
INSERT INTO "ele_tab" VALUES(5,'CrH',0,6,2,25,'A1');
INSERT INTO "ele_tab" VALUES(6,'CrO',0,5,2,32,'pi');
INSERT INTO "ele_tab" VALUES(7,'CrCl',0,6,2,41,'A1');
INSERT INTO "ele_tab" VALUES(8,'MnS',0,6,2,41,'A1');
INSERT INTO "ele_tab" VALUES(9,'MnCl',0,7,2,42,'A1');
INSERT INTO "ele_tab" VALUES(10,'FeH',0,4,2,27,'delta');
INSERT INTO "ele_tab" VALUES(11,'FeCl',0,6,2,43,'delta');
INSERT INTO "ele_tab" VALUES(12,'CoH',0,3,2,28,'psi');
INSERT INTO "ele_tab" VALUES(13,'CoCl',0,3,2,44,'psi');
INSERT INTO "ele_tab" VALUES(14,'NiCl',0,2,2,45,'pi');
INSERT INTO "ele_tab" VALUES(15,'CuH',0,1,2,30,'A1');
INSERT INTO "ele_tab" VALUES(16,'CuCl',0,1,2,46,'sigma');
INSERT INTO "ele_tab" VALUES(17,'ZnH',0,2,2,31,'A1');
INSERT INTO "ele_tab" VALUES(18,'ZnO',0,1,2,38,'sigma');
INSERT INTO "ele_tab" VALUES(19,'ZnS',0,1,2,46,'sigma');
INSERT INTO "ele_tab" VALUES(20,'ZnCl',0,2,2,47,'sigma');
INSERT INTO "ele_tab" VALUES(21,'Ti',0,3,1,22,'F');
INSERT INTO "ele_tab" VALUES(22,'V',0,4,1,23,'F');
INSERT INTO "ele_tab" VALUES(23,'Cr',0,7,1,24,'S');
INSERT INTO "ele_tab" VALUES(24,'Mn',0,6,1,25,'S');
INSERT INTO "ele_tab" VALUES(25,'Fe',0,5,1,26,'D');
INSERT INTO "ele_tab" VALUES(26,'Co',0,4,1,27,'F');
INSERT INTO "ele_tab" VALUES(27,'Ni',0,3,1,28,'F');
INSERT INTO "ele_tab" VALUES(28,'Cu',0,2,1,29,'S');
INSERT INTO "ele_tab" VALUES(29,'Zn',0,1,1,30,'S');
INSERT INTO "ele_tab" VALUES(30,'H',0,2,1,1,'S');
INSERT INTO "ele_tab" VALUES(31,'O',0,3,1,8,'P');
INSERT INTO "ele_tab" VALUES(32,'S',0,3,1,16,'P');
INSERT INTO "ele_tab" VALUES(33,'Cl',0,2,1,17,'P');
CREATE TABLE basis_tab(
    basis_id INTEGER PRIMARY KEY AUTOINCREMENT,
        name CHARACTER(32),
    comments STRING
);
INSERT INTO "basis_tab" VALUES(1,'ma(L)-TZVP',NULL);
INSERT INTO "basis_tab" VALUES(2,'cc-pVDZ',NULL);
INSERT INTO "basis_tab" VALUES(3,'ANO_DZ',NULL);
INSERT INTO "basis_tab" VALUES(4,'ANO_TZ',NULL);
INSERT INTO "basis_tab" VALUES(5,'Inf',NULL);
INSERT INTO "basis_tab" VALUES(6,'Bunge',NULL);
INSERT INTO "basis_tab" VALUES(7,'Applencourt',NULL);
CREATE TABLE method_tab(
                     method_id INTEGER PRIMARY KEY AUTOINCREMENT,
                          name CHARACTER(32),
                      comments STRING);
INSERT INTO "method_tab" VALUES(1,'ROHF',NULL);
INSERT INTO "method_tab" VALUES(2,'MP2',NULL);
INSERT INTO "method_tab" VALUES(3,'CCSD',NULL);
INSERT INTO "method_tab" VALUES(4,'CCSD(T)',NULL);
INSERT INTO "method_tab" VALUES(5,'CCSDT',NULL);
INSERT INTO "method_tab" VALUES(6,'CCSDT(2)Q',NULL);
INSERT INTO "method_tab" VALUES(7,'B97-1',NULL);
INSERT INTO "method_tab" VALUES(8,'CIPSI',NULL);
INSERT INTO "method_tab" VALUES(9,'DMC',NULL);
INSERT INTO "method_tab" VALUES(10,'CASSD',NULL);
INSERT INTO "method_tab" VALUES(11,'MRCCSD',NULL);
INSERT INTO "method_tab" VALUES(12,'MRSC2',NULL);
INSERT INTO "method_tab" VALUES(13,'CAS',NULL);
INSERT INTO "method_tab" VALUES(14,'MRCEPA0',NULL);
CREATE TABLE geo_tab(
            geo_id INTEGER PRIMARY KEY AUTOINCREMENT,
         method_id INTEGER,
          basis_id INTEGER,
            name CHARACTER(32),
            comments STRING,
          FOREIGN KEY(method_id) REFERENCES method_tab(method_id),
          FOREIGN KEY(basis_id) REFERENCES basis_tab(basis_id)
            );
INSERT INTO "geo_tab" VALUES(1,NULL,NULL,'Experiment',NULL);
CREATE TABLE run_tab(
         run_id INTEGER PRIMARY KEY,
         geo_id INTEGER,
      method_id INTEGER,
       basis_id INTEGER,
       comments STRING,
          FOREIGN KEY(geo_id) REFERENCES geo_tab(geo_id),
          FOREIGN KEY(method_id) REFERENCES method_tab(method_id),
          FOREIGN KEY(basis_id) REFERENCES basis_tab(basis_id),
         UNIQUE(geo_id,method_id,basis_id,comments));
INSERT INTO "run_tab" VALUES(605196,1,8,3,'100k dets');
INSERT INTO "run_tab" VALUES(1478073,1,8,3,'1M dets');
INSERT INTO "run_tab" VALUES(2370421,1,11,3,'100k (+PT2)');
INSERT INTO "run_tab" VALUES(10224142,1,1,3,'');
INSERT INTO "run_tab" VALUES(14127839,1,10,3,'100k dets (+PT2)');
INSERT INTO "run_tab" VALUES(24410468,1,11,3,'100k 1st iter');
INSERT INTO "run_tab" VALUES(25610813,1,1,7,'Slater spdfg');
INSERT INTO "run_tab" VALUES(33994575,1,9,3,'1Mdets 1e-6');
INSERT INTO "run_tab" VALUES(35180479,1,2,1,'Truhlar');
INSERT INTO "run_tab" VALUES(40636632,1,8,7,'All-electron 1M dets');
INSERT INTO "run_tab" VALUES(43389242,1,1,1,'Truhlar');
INSERT INTO "run_tab" VALUES(44847366,1,9,3,'1Mdets 1e-3');
INSERT INTO "run_tab" VALUES(47614777,1,11,3,'100k');
INSERT INTO "run_tab" VALUES(48323083,1,4,1,'Truhlar');
INSERT INTO "run_tab" VALUES(57408710,1,3,1,'Truhlar');
INSERT INTO "run_tab" VALUES(57872599,1,6,1,'Truhlar');
INSERT INTO "run_tab" VALUES(58995183,1,7,1,'Truhlar');
INSERT INTO "run_tab" VALUES(60898009,1,9,3,'CAS');
INSERT INTO "run_tab" VALUES(66232992,1,10,3,'100k dets');
INSERT INTO "run_tab" VALUES(66474780,1,NULL,NULL,'Experiment');
INSERT INTO "run_tab" VALUES(76777389,1,5,1,'Truhlar');
INSERT INTO "run_tab" VALUES(77320446,1,1,6,'Literature');
INSERT INTO "run_tab" VALUES(77786834,1,9,7,'1M dets 99.5% norm');
INSERT INTO "run_tab" VALUES(79141737,1,14,3,'100k-1st iter-no CrO');
INSERT INTO "run_tab" VALUES(80264259,1,8,3,'100k dets (+PT2)');
INSERT INTO "run_tab" VALUES(84283829,1,1,5,'Literature');
INSERT INTO "run_tab" VALUES(86244274,1,13,3,'0.02..occ..1.98');
INSERT INTO "run_tab" VALUES(88556624,1,9,3,'1det HF');
INSERT INTO "run_tab" VALUES(90431327,1,9,3,'MRCC Proj CAS');
INSERT INTO "run_tab" VALUES(97146129,1,9,3,'1Mdets 1e-2');
INSERT INTO "run_tab" VALUES(99494534,1,9,3,'CASSD Proj CAS');
INSERT INTO "run_tab" VALUES(99802402,1,9,3,'1det Natorb');
CREATE TABLE coord_tab(
                    coord_id INTEGER PRIMARY KEY AUTOINCREMENT,
                     geo_id INTEGER,
                      mol_id INTEGER,
                        atom CHARACTER(2),
                           x DOUBLE PRECISION,
                           y DOUBLE PRECISION,
                           z DOUBLE PRECISION,
                    FOREIGN KEY(geo_id) REFERENCES geo_tab(geo_id),
                    FOREIGN KEY(atom) REFERENCES ele_tab(name),
                    UNIQUE(x,y,z,mol_id,geo_id)
                );
INSERT INTO "coord_tab" VALUES(1,1,1,'Ti',0.0,0.0,0.0);
INSERT INTO "coord_tab" VALUES(2,1,1,'Cl',0.0,0.0,2.265);
INSERT INTO "coord_tab" VALUES(3,1,2,'V',0.0,0.0,0.0);
INSERT INTO "coord_tab" VALUES(4,1,2,'H',0.0,0.0,1.73);
INSERT INTO "coord_tab" VALUES(5,1,3,'V',0.0,0.0,0.0);
INSERT INTO "coord_tab" VALUES(6,1,3,'O',0.0,0.0,1.589);
INSERT INTO "coord_tab" VALUES(7,1,4,'V',0.0,0.0,0.0);
INSERT INTO "coord_tab" VALUES(8,1,4,'Cl',0.0,0.0,2.215);
INSERT INTO "coord_tab" VALUES(9,1,5,'Cr',0.0,0.0,0.0);
INSERT INTO "coord_tab" VALUES(10,1,5,'H',0.0,0.0,1.656);
INSERT INTO "coord_tab" VALUES(11,1,6,'Cr',0.0,0.0,0.0);
INSERT INTO "coord_tab" VALUES(12,1,6,'O',0.0,0.0,1.621);
INSERT INTO "coord_tab" VALUES(13,1,7,'Cr',0.0,0.0,0.0);
INSERT INTO "coord_tab" VALUES(14,1,7,'Cl',0.0,0.0,2.194);
INSERT INTO "coord_tab" VALUES(15,1,8,'Mn',0.0,0.0,0.0);
INSERT INTO "coord_tab" VALUES(16,1,8,'S',0.0,0.0,2.07);
INSERT INTO "coord_tab" VALUES(17,1,9,'Mn',0.0,0.0,0.0);
INSERT INTO "coord_tab" VALUES(18,1,9,'Cl',0.0,0.0,2.243);
INSERT INTO "coord_tab" VALUES(19,1,10,'Fe',0.0,0.0,0.0);
INSERT INTO "coord_tab" VALUES(20,1,10,'H',0.0,0.0,1.63);
INSERT INTO "coord_tab" VALUES(21,1,11,'Fe',0.0,0.0,0.0);
INSERT INTO "coord_tab" VALUES(22,1,11,'Cl',0.0,0.0,2.179);
INSERT INTO "coord_tab" VALUES(23,1,12,'Co',0.0,0.0,0.0);
INSERT INTO "coord_tab" VALUES(24,1,12,'H',0.0,0.0,1.53);
INSERT INTO "coord_tab" VALUES(25,1,13,'Co',0.0,0.0,0.0);
INSERT INTO "coord_tab" VALUES(26,1,13,'Cl',0.0,0.0,2.087);
INSERT INTO "coord_tab" VALUES(27,1,14,'Ni',0.0,0.0,0.0);
INSERT INTO "coord_tab" VALUES(28,1,14,'Cl',0.0,0.0,2.073);
INSERT INTO "coord_tab" VALUES(29,1,15,'Cu',0.0,0.0,0.0);
INSERT INTO "coord_tab" VALUES(30,1,15,'H',0.0,0.0,1.463);
INSERT INTO "coord_tab" VALUES(31,1,16,'Cu',0.0,0.0,0.0);
INSERT INTO "coord_tab" VALUES(32,1,16,'Cl',0.0,0.0,2.05);
INSERT INTO "coord_tab" VALUES(33,1,17,'Zn',0.0,0.0,0.0);
INSERT INTO "coord_tab" VALUES(34,1,17,'H',0.0,0.0,1.59);
INSERT INTO "coord_tab" VALUES(35,1,18,'Zn',0.0,0.0,0.0);
INSERT INTO "coord_tab" VALUES(36,1,18,'O',0.0,0.0,1.8);
INSERT INTO "coord_tab" VALUES(37,1,19,'Zn',0.0,0.0,0.0);
INSERT INTO "coord_tab" VALUES(38,1,19,'S',0.0,0.0,2.1);
INSERT INTO "coord_tab" VALUES(39,1,20,'Zn',0.0,0.0,0.0);
INSERT INTO "coord_tab" VALUES(40,1,20,'Cl',0.0,0.0,2.1);
INSERT INTO "coord_tab" VALUES(41,1,21,'Ti',0.0,0.0,0.0);
INSERT INTO "coord_tab" VALUES(42,1,22,'V',0.0,0.0,0.0);
INSERT INTO "coord_tab" VALUES(43,1,23,'Cr',0.0,0.0,0.0);
INSERT INTO "coord_tab" VALUES(44,1,24,'Mn',0.0,0.0,0.0);
INSERT INTO "coord_tab" VALUES(45,1,25,'Fe',0.0,0.0,0.0);
INSERT INTO "coord_tab" VALUES(46,1,26,'Co',0.0,0.0,0.0);
INSERT INTO "coord_tab" VALUES(47,1,27,'Ni',0.0,0.0,0.0);
INSERT INTO "coord_tab" VALUES(48,1,28,'Cu',0.0,0.0,0.0);
INSERT INTO "coord_tab" VALUES(49,1,29,'Zn',0.0,0.0,0.0);
INSERT INTO "coord_tab" VALUES(50,1,30,'H',0.0,0.0,0.0);
INSERT INTO "coord_tab" VALUES(51,1,31,'O',0.0,0.0,0.0);
INSERT INTO "coord_tab" VALUES(52,1,32,'S',0.0,0.0,0.0);
INSERT INTO "coord_tab" VALUES(53,1,33,'Cl',0.0,0.0,0.0);
CREATE TABLE so_tab(
                run_id INTEGER,
                mol_name INTEGER,
               energy DOUBLE PRECISION,
                  err DOUBLE PRECISION,
               FOREIGN KEY(mol_name) REFERENCES ele_tab(name),
               FOREIGN KEY(run_id) REFERENCES run_tab(run_id),
               PRIMARY KEY(run_id,mol_name)
);
INSERT INTO "so_tab" VALUES(66474780,'TiCl',-0.5,NULL);
INSERT INTO "so_tab" VALUES(66474780,'VH',-0.5,NULL);
INSERT INTO "so_tab" VALUES(66474780,'VO',0.0,NULL);
INSERT INTO "so_tab" VALUES(66474780,'VCl',-0.4,NULL);
INSERT INTO "so_tab" VALUES(66474780,'CrH',0.0,NULL);
INSERT INTO "so_tab" VALUES(66474780,'CrO',-0.4,NULL);
INSERT INTO "so_tab" VALUES(66474780,'CrCl',0.0,NULL);
INSERT INTO "so_tab" VALUES(66474780,'MnS',0.0,NULL);
INSERT INTO "so_tab" VALUES(66474780,'MnCl',0.0,NULL);
INSERT INTO "so_tab" VALUES(66474780,'FeH',-1.1,NULL);
INSERT INTO "so_tab" VALUES(66474780,'FeCl',-1.1,NULL);
INSERT INTO "so_tab" VALUES(66474780,'CoH',-2.1,NULL);
INSERT INTO "so_tab" VALUES(66474780,'CoCl',-2.1,NULL);
INSERT INTO "so_tab" VALUES(66474780,'NiCl',-1.5,NULL);
INSERT INTO "so_tab" VALUES(66474780,'CuH',0.0,NULL);
INSERT INTO "so_tab" VALUES(66474780,'CuCl',0.0,NULL);
INSERT INTO "so_tab" VALUES(66474780,'ZnH',0.0,NULL);
INSERT INTO "so_tab" VALUES(66474780,'ZnO',0.0,NULL);
INSERT INTO "so_tab" VALUES(66474780,'ZnS',0.0,NULL);
INSERT INTO "so_tab" VALUES(66474780,'ZnCl',0.0,NULL);
INSERT INTO "so_tab" VALUES(66474780,'Ti',-0.6,NULL);
INSERT INTO "so_tab" VALUES(66474780,'V',-0.9,NULL);
INSERT INTO "so_tab" VALUES(66474780,'Cr',0.0,NULL);
INSERT INTO "so_tab" VALUES(66474780,'Mn',0.0,NULL);
INSERT INTO "so_tab" VALUES(66474780,'Fe',-1.2,NULL);
INSERT INTO "so_tab" VALUES(66474780,'Co',-2.3,NULL);
INSERT INTO "so_tab" VALUES(66474780,'Ni',-2.8,NULL);
INSERT INTO "so_tab" VALUES(66474780,'Cu',0.0,NULL);
INSERT INTO "so_tab" VALUES(66474780,'Zn',0.0,NULL);
INSERT INTO "so_tab" VALUES(66474780,'H',0.0,NULL);
INSERT INTO "so_tab" VALUES(66474780,'O',-0.2,NULL);
INSERT INTO "so_tab" VALUES(66474780,'S',-0.6,NULL);
INSERT INTO "so_tab" VALUES(66474780,'Cl',-0.8,NULL);
CREATE TABLE ae_tab(
                run_id INTEGER,
                ele_name INTEGER,
               energy DOUBLE PRECISION,
                  err DOUBLE PRECISION,
               FOREIGN KEY(ele_name) REFERENCES ele_tab(name),
               FOREIGN KEY(run_id) REFERENCES run_tab(run_id),
               PRIMARY KEY(run_id,ele_name)
);
INSERT INTO "ae_tab" VALUES(66474780,'TiCl',101.7,2.0);
INSERT INTO "ae_tab" VALUES(66474780,'VH',51.8,1.6);
INSERT INTO "ae_tab" VALUES(66474780,'VO',152.1,2.0);
INSERT INTO "ae_tab" VALUES(66474780,'VCl',103.2,2.0);
INSERT INTO "ae_tab" VALUES(66474780,'CrH',46.8,1.6);
INSERT INTO "ae_tab" VALUES(66474780,'CrO',104.5,1.2);
INSERT INTO "ae_tab" VALUES(66474780,'CrCl',90.9,1.6);
INSERT INTO "ae_tab" VALUES(66474780,'MnS',71.1,2.0);
INSERT INTO "ae_tab" VALUES(66474780,'MnCl',81.5,1.6);
INSERT INTO "ae_tab" VALUES(66474780,'FeH',37.0,0.8);
INSERT INTO "ae_tab" VALUES(66474780,'FeCl',79.4,1.6);
INSERT INTO "ae_tab" VALUES(66474780,'CoH',45.7,1.2);
INSERT INTO "ae_tab" VALUES(66474780,'CoCl',81.5,1.6);
INSERT INTO "ae_tab" VALUES(66474780,'NiCl',90.1,1.0);
INSERT INTO "ae_tab" VALUES(66474780,'CuH',62.6,1.4);
INSERT INTO "ae_tab" VALUES(66474780,'CuCl',88.5,0.4);
INSERT INTO "ae_tab" VALUES(66474780,'ZnH',21.6,0.5);
INSERT INTO "ae_tab" VALUES(66474780,'ZnO',38.1,0.9);
INSERT INTO "ae_tab" VALUES(66474780,'ZnS',34.9,1.0);
INSERT INTO "ae_tab" VALUES(66474780,'ZnCl',54.3,1.0);
INSERT INTO "ae_tab" VALUES(43389242,'MnCl',76.0,NULL);
INSERT INTO "ae_tab" VALUES(43389242,'ZnCl',47.5,NULL);
INSERT INTO "ae_tab" VALUES(43389242,'FeCl',74.6,NULL);
INSERT INTO "ae_tab" VALUES(43389242,'CrCl',57.8,NULL);
INSERT INTO "ae_tab" VALUES(43389242,'ZnS',-1.4,NULL);
INSERT INTO "ae_tab" VALUES(43389242,'ZnH',17.8,NULL);
INSERT INTO "ae_tab" VALUES(43389242,'CuCl',61.5,NULL);
INSERT INTO "ae_tab" VALUES(43389242,'ZnO',-41.2,NULL);
INSERT INTO "ae_tab" VALUES(43389242,'NiCl',32.0,NULL);
INSERT INTO "ae_tab" VALUES(43389242,'TiCl',85.7,NULL);
INSERT INTO "ae_tab" VALUES(43389242,'CuH',30.2,NULL);
INSERT INTO "ae_tab" VALUES(43389242,'VO',34.2,NULL);
INSERT INTO "ae_tab" VALUES(43389242,'VCl',83.5,NULL);
INSERT INTO "ae_tab" VALUES(43389242,'MnS',10.3,NULL);
INSERT INTO "ae_tab" VALUES(43389242,'CrO',-22.6,NULL);
INSERT INTO "ae_tab" VALUES(43389242,'CoH',-9.3,NULL);
INSERT INTO "ae_tab" VALUES(43389242,'CoCl',24.3,NULL);
INSERT INTO "ae_tab" VALUES(43389242,'VH',40.6,NULL);
INSERT INTO "ae_tab" VALUES(43389242,'FeH',-15.4,NULL);
INSERT INTO "ae_tab" VALUES(43389242,'CrH',18.9,NULL);
INSERT INTO "ae_tab" VALUES(35180479,'MnCl',87.3,NULL);
INSERT INTO "ae_tab" VALUES(35180479,'ZnCl',56.6,NULL);
INSERT INTO "ae_tab" VALUES(35180479,'FeCl',86.5,NULL);
INSERT INTO "ae_tab" VALUES(35180479,'CrCl',85.9,NULL);
INSERT INTO "ae_tab" VALUES(35180479,'ZnS',36.3,NULL);
INSERT INTO "ae_tab" VALUES(35180479,'ZnH',20.2,NULL);
INSERT INTO "ae_tab" VALUES(35180479,'CuCl',89.1,NULL);
INSERT INTO "ae_tab" VALUES(35180479,'ZnO',42.8,NULL);
INSERT INTO "ae_tab" VALUES(35180479,'NiCl',105.3,NULL);
INSERT INTO "ae_tab" VALUES(35180479,'TiCl',99.3,NULL);
INSERT INTO "ae_tab" VALUES(35180479,'CuH',56.4,NULL);
INSERT INTO "ae_tab" VALUES(35180479,'VO',154.3,NULL);
INSERT INTO "ae_tab" VALUES(35180479,'VCl',98.3,NULL);
INSERT INTO "ae_tab" VALUES(35180479,'MnS',57.0,NULL);
INSERT INTO "ae_tab" VALUES(35180479,'CrO',97.6,NULL);
INSERT INTO "ae_tab" VALUES(35180479,'CoH',51.5,NULL);
INSERT INTO "ae_tab" VALUES(35180479,'CoCl',88.7,NULL);
INSERT INTO "ae_tab" VALUES(35180479,'VH',46.9,NULL);
INSERT INTO "ae_tab" VALUES(35180479,'FeH',34.6,NULL);
INSERT INTO "ae_tab" VALUES(35180479,'CrH',29.3,NULL);
INSERT INTO "ae_tab" VALUES(57408710,'MnCl',78.2,NULL);
INSERT INTO "ae_tab" VALUES(57408710,'ZnCl',48.5,NULL);
INSERT INTO "ae_tab" VALUES(57408710,'FeCl',77.8,NULL);
INSERT INTO "ae_tab" VALUES(57408710,'CrCl',83.1,NULL);
INSERT INTO "ae_tab" VALUES(57408710,'ZnS',24.7,NULL);
INSERT INTO "ae_tab" VALUES(57408710,'ZnH',21.3,NULL);
INSERT INTO "ae_tab" VALUES(57408710,'CuCl',81.9,NULL);
INSERT INTO "ae_tab" VALUES(57408710,'ZnO',21.2,NULL);
INSERT INTO "ae_tab" VALUES(57408710,'NiCl',78.7,NULL);
INSERT INTO "ae_tab" VALUES(57408710,'TiCl',91.7,NULL);
INSERT INTO "ae_tab" VALUES(57408710,'CuH',56.5,NULL);
INSERT INTO "ae_tab" VALUES(57408710,'VO',122.9,NULL);
INSERT INTO "ae_tab" VALUES(57408710,'VCl',91.6,NULL);
INSERT INTO "ae_tab" VALUES(57408710,'MnS',51.6,NULL);
INSERT INTO "ae_tab" VALUES(57408710,'CrO',78.5,NULL);
INSERT INTO "ae_tab" VALUES(57408710,'CoH',39.6,NULL);
INSERT INTO "ae_tab" VALUES(57408710,'CoCl',68.3,NULL);
INSERT INTO "ae_tab" VALUES(57408710,'VH',51.0,NULL);
INSERT INTO "ae_tab" VALUES(57408710,'FeH',32.6,NULL);
INSERT INTO "ae_tab" VALUES(57408710,'CrH',45.3,NULL);
INSERT INTO "ae_tab" VALUES(48323083,'MnCl',79.5,NULL);
INSERT INTO "ae_tab" VALUES(48323083,'ZnCl',49.6,NULL);
INSERT INTO "ae_tab" VALUES(48323083,'FeCl',79.3,NULL);
INSERT INTO "ae_tab" VALUES(48323083,'CrCl',85.7,NULL);
INSERT INTO "ae_tab" VALUES(48323083,'ZnS',30.3,NULL);
INSERT INTO "ae_tab" VALUES(48323083,'ZnH',21.0,NULL);
INSERT INTO "ae_tab" VALUES(48323083,'CuCl',84.0,NULL);
INSERT INTO "ae_tab" VALUES(48323083,'ZnO',31.0,NULL);
INSERT INTO "ae_tab" VALUES(48323083,'NiCl',83.8,NULL);
INSERT INTO "ae_tab" VALUES(48323083,'TiCl',93.8,NULL);
INSERT INTO "ae_tab" VALUES(48323083,'CuH',58.3,NULL);
INSERT INTO "ae_tab" VALUES(48323083,'VO',141.3,NULL);
INSERT INTO "ae_tab" VALUES(48323083,'VCl',93.6,NULL);
INSERT INTO "ae_tab" VALUES(48323083,'MnS',58.2,NULL);
INSERT INTO "ae_tab" VALUES(48323083,'CrO',96.1,NULL);
INSERT INTO "ae_tab" VALUES(48323083,'CoH',44.0,NULL);
INSERT INTO "ae_tab" VALUES(48323083,'CoCl',73.2,NULL);
INSERT INTO "ae_tab" VALUES(48323083,'VH',51.3,NULL);
INSERT INTO "ae_tab" VALUES(48323083,'FeH',35.4,NULL);
INSERT INTO "ae_tab" VALUES(48323083,'CrH',46.2,NULL);
INSERT INTO "ae_tab" VALUES(76777389,'MnCl',79.3,NULL);
INSERT INTO "ae_tab" VALUES(76777389,'ZnCl',49.6,NULL);
INSERT INTO "ae_tab" VALUES(76777389,'FeCl',79.2,NULL);
INSERT INTO "ae_tab" VALUES(76777389,'CrCl',85.7,NULL);
INSERT INTO "ae_tab" VALUES(76777389,'ZnS',30.1,NULL);
INSERT INTO "ae_tab" VALUES(76777389,'ZnH',21.2,NULL);
INSERT INTO "ae_tab" VALUES(76777389,'CuCl',84.0,NULL);
INSERT INTO "ae_tab" VALUES(76777389,'ZnO',31.1,NULL);
INSERT INTO "ae_tab" VALUES(76777389,'NiCl',84.0,NULL);
INSERT INTO "ae_tab" VALUES(76777389,'TiCl',94.3,NULL);
INSERT INTO "ae_tab" VALUES(76777389,'CuH',58.4,NULL);
INSERT INTO "ae_tab" VALUES(76777389,'VO',140.2,NULL);
INSERT INTO "ae_tab" VALUES(76777389,'VCl',93.4,NULL);
INSERT INTO "ae_tab" VALUES(76777389,'MnS',58.6,NULL);
INSERT INTO "ae_tab" VALUES(76777389,'CrO',96.1,NULL);
INSERT INTO "ae_tab" VALUES(76777389,'CoH',45.5,NULL);
INSERT INTO "ae_tab" VALUES(76777389,'CoCl',74.3,NULL);
INSERT INTO "ae_tab" VALUES(76777389,'VH',51.4,NULL);
INSERT INTO "ae_tab" VALUES(76777389,'FeH',36.5,NULL);
INSERT INTO "ae_tab" VALUES(76777389,'CrH',46.9,NULL);
INSERT INTO "ae_tab" VALUES(57872599,'MnCl',79.4,NULL);
INSERT INTO "ae_tab" VALUES(57872599,'ZnCl',49.7,NULL);
INSERT INTO "ae_tab" VALUES(57872599,'FeCl',79.3,NULL);
INSERT INTO "ae_tab" VALUES(57872599,'CrCl',85.8,NULL);
INSERT INTO "ae_tab" VALUES(57872599,'ZnS',30.6,NULL);
INSERT INTO "ae_tab" VALUES(57872599,'ZnH',21.2,NULL);
INSERT INTO "ae_tab" VALUES(57872599,'CuCl',84.1,NULL);
INSERT INTO "ae_tab" VALUES(57872599,'ZnO',32.2,NULL);
INSERT INTO "ae_tab" VALUES(57872599,'NiCl',84.2,NULL);
INSERT INTO "ae_tab" VALUES(57872599,'TiCl',94.5,NULL);
INSERT INTO "ae_tab" VALUES(57872599,'CuH',58.5,NULL);
INSERT INTO "ae_tab" VALUES(57872599,'VO',141.2,NULL);
INSERT INTO "ae_tab" VALUES(57872599,'VCl',93.4,NULL);
INSERT INTO "ae_tab" VALUES(57872599,'MnS',58.7,NULL);
INSERT INTO "ae_tab" VALUES(57872599,'CrO',96.7,NULL);
INSERT INTO "ae_tab" VALUES(57872599,'CoH',46.0,NULL);
INSERT INTO "ae_tab" VALUES(57872599,'CoCl',74.6,NULL);
INSERT INTO "ae_tab" VALUES(57872599,'VH',51.4,NULL);
INSERT INTO "ae_tab" VALUES(57872599,'FeH',36.6,NULL);
INSERT INTO "ae_tab" VALUES(57872599,'CrH',47.0,NULL);
INSERT INTO "ae_tab" VALUES(58995183,'MnCl',75.3,NULL);
INSERT INTO "ae_tab" VALUES(58995183,'ZnCl',48.6,NULL);
INSERT INTO "ae_tab" VALUES(58995183,'FeCl',77.8,NULL);
INSERT INTO "ae_tab" VALUES(58995183,'CrCl',92.1,NULL);
INSERT INTO "ae_tab" VALUES(58995183,'ZnS',34.5,NULL);
INSERT INTO "ae_tab" VALUES(58995183,'ZnH',19.4,NULL);
INSERT INTO "ae_tab" VALUES(58995183,'CuCl',86.7,NULL);
INSERT INTO "ae_tab" VALUES(58995183,'ZnO',29.9,NULL);
INSERT INTO "ae_tab" VALUES(58995183,'NiCl',89.7,NULL);
INSERT INTO "ae_tab" VALUES(58995183,'TiCl',101.4,NULL);
INSERT INTO "ae_tab" VALUES(58995183,'CuH',61.6,NULL);
INSERT INTO "ae_tab" VALUES(58995183,'VO',147.5,NULL);
INSERT INTO "ae_tab" VALUES(58995183,'VCl',100.2,NULL);
INSERT INTO "ae_tab" VALUES(58995183,'MnS',71.2,NULL);
INSERT INTO "ae_tab" VALUES(58995183,'CrO',102.5,NULL);
INSERT INTO "ae_tab" VALUES(58995183,'CoH',63.9,NULL);
INSERT INTO "ae_tab" VALUES(58995183,'CoCl',93.7,NULL);
INSERT INTO "ae_tab" VALUES(58995183,'VH',59.1,NULL);
INSERT INTO "ae_tab" VALUES(58995183,'FeH',51.7,NULL);
INSERT INTO "ae_tab" VALUES(58995183,'CrH',53.9,NULL);
CREATE TABLE e_tab(
               run_id INTEGER,
             ele_name INTEGER,
               energy DOUBLE PRECISION,
                  err DOUBLE PRECISION,
               FOREIGN KEY(ele_name) REFERENCES ele_tab(name),
               FOREIGN KEY(run_id) REFERENCES run_tab(run_id),
               PRIMARY KEY(run_id,ele_name)
);
INSERT INTO "e_tab" VALUES(10224142,'Cl',-459.481132,NULL);
INSERT INTO "e_tab" VALUES(10224142,'Co',-1381.401514,NULL);
INSERT INTO "e_tab" VALUES(10224142,'Cr',-1043.35596,NULL);
INSERT INTO "e_tab" VALUES(10224142,'Cu',-1638.962818,NULL);
INSERT INTO "e_tab" VALUES(10224142,'Fe',-1262.44743,NULL);
INSERT INTO "e_tab" VALUES(10224142,'H',-0.499944,NULL);
INSERT INTO "e_tab" VALUES(10224142,'Mn',-1149.865752,NULL);
INSERT INTO "e_tab" VALUES(10224142,'Ni',-1506.872955,NULL);
INSERT INTO "e_tab" VALUES(10224142,'O',-74.810879,NULL);
INSERT INTO "e_tab" VALUES(10224142,'S',-397.504578,NULL);
INSERT INTO "e_tab" VALUES(10224142,'Ti',-848.396533,NULL);
INSERT INTO "e_tab" VALUES(10224142,'V',-942.886035,NULL);
INSERT INTO "e_tab" VALUES(10224142,'Zn',-1777.847252,NULL);
INSERT INTO "e_tab" VALUES(10224142,'CoCl',-1840.93871,NULL);
INSERT INTO "e_tab" VALUES(10224142,'CoH',-1381.903849,NULL);
INSERT INTO "e_tab" VALUES(10224142,'CrCl',-1502.935772,NULL);
INSERT INTO "e_tab" VALUES(10224142,'CrH',-1043.889466,NULL);
INSERT INTO "e_tab" VALUES(10224142,'CrO',-1118.133189,NULL);
INSERT INTO "e_tab" VALUES(10224142,'CuCl',-2098.543766,NULL);
INSERT INTO "e_tab" VALUES(10224142,'CuH',-1639.51256,NULL);
INSERT INTO "e_tab" VALUES(10224142,'FeCl',-1722.050214,NULL);
INSERT INTO "e_tab" VALUES(10224142,'FeH',-1262.919982,NULL);
INSERT INTO "e_tab" VALUES(10224142,'MnCl',-1609.470844,NULL);
INSERT INTO "e_tab" VALUES(10224142,'MnS',-1547.389336,NULL);
INSERT INTO "e_tab" VALUES(10224142,'NiCl',-1966.406434,NULL);
INSERT INTO "e_tab" VALUES(10224142,'TiCl',-1308.002765,NULL);
INSERT INTO "e_tab" VALUES(10224142,'VCl',-1402.499302,NULL);
INSERT INTO "e_tab" VALUES(10224142,'VH',-943.454481,NULL);
INSERT INTO "e_tab" VALUES(10224142,'VO',-1017.751722,NULL);
INSERT INTO "e_tab" VALUES(10224142,'ZnCl',-2237.405996,NULL);
INSERT INTO "e_tab" VALUES(10224142,'ZnH',-1778.376485,NULL);
INSERT INTO "e_tab" VALUES(10224142,'ZnO',-1852.594536,NULL);
INSERT INTO "e_tab" VALUES(10224142,'ZnS',-2175.350565,NULL);
INSERT INTO "e_tab" VALUES(1478073,'Cl',-459.6400324299,NULL);
INSERT INTO "e_tab" VALUES(1478073,'Co',-1381.9422820286,NULL);
INSERT INTO "e_tab" VALUES(1478073,'Cr',-1043.738589273,NULL);
INSERT INTO "e_tab" VALUES(1478073,'Cu',-1639.6734876839,NULL);
INSERT INTO "e_tab" VALUES(1478073,'H',-0.4999401759,NULL);
INSERT INTO "e_tab" VALUES(1478073,'Mn',-1150.2738109856,NULL);
INSERT INTO "e_tab" VALUES(1478073,'Ni',-1507.4688583959,NULL);
INSERT INTO "e_tab" VALUES(1478073,'O',-74.9583372687,NULL);
INSERT INTO "e_tab" VALUES(1478073,'S',-397.6303517422,NULL);
INSERT INTO "e_tab" VALUES(1478073,'Ti',-848.7158116976,NULL);
INSERT INTO "e_tab" VALUES(1478073,'V',-943.2325236983,NULL);
INSERT INTO "e_tab" VALUES(1478073,'Zn',-1778.5500464634,NULL);
INSERT INTO "e_tab" VALUES(66232992,'Cl',-459.634373022535,NULL);
INSERT INTO "e_tab" VALUES(66232992,'Co',-1381.91425688086,NULL);
INSERT INTO "e_tab" VALUES(66232992,'Cr',-1043.71460160465,NULL);
INSERT INTO "e_tab" VALUES(66232992,'Cu',-1639.6215734758,NULL);
INSERT INTO "e_tab" VALUES(66232992,'Fe',-1262.89389898863,NULL);
INSERT INTO "e_tab" VALUES(66232992,'H',-0.499940175895297,NULL);
INSERT INTO "e_tab" VALUES(66232992,'Mn',-1150.25483800299,NULL);
INSERT INTO "e_tab" VALUES(66232992,'Ni',-1507.43563506652,NULL);
INSERT INTO "e_tab" VALUES(66232992,'O',-74.9531635366464,NULL);
INSERT INTO "e_tab" VALUES(66232992,'S',-397.62340625195,NULL);
INSERT INTO "e_tab" VALUES(66232992,'Ti',-848.705812853742,NULL);
INSERT INTO "e_tab" VALUES(66232992,'V',-943.216764715989,NULL);
INSERT INTO "e_tab" VALUES(66232992,'Zn',-1778.51036108264,NULL);
INSERT INTO "e_tab" VALUES(66232992,'CoCl',-1841.60347445406,NULL);
INSERT INTO "e_tab" VALUES(66232992,'CoH',-1382.47752884701,NULL);
INSERT INTO "e_tab" VALUES(66232992,'CrCl',-1503.44051041328,NULL);
INSERT INTO "e_tab" VALUES(66232992,'CrH',-1044.29027372995,NULL);
INSERT INTO "e_tab" VALUES(66232992,'CrO',-1118.77336822481,NULL);
INSERT INTO "e_tab" VALUES(66232992,'CuCl',-2099.33225926937,NULL);
INSERT INTO "e_tab" VALUES(66232992,'CuH',-1640.20933201638,NULL);
INSERT INTO "e_tab" VALUES(66232992,'FeCl',-1722.61098046943,NULL);
INSERT INTO "e_tab" VALUES(66232992,'FeH',-1263.42726417567,NULL);
INSERT INTO "e_tab" VALUES(66232992,'MnCl',-1609.97691285838,NULL);
INSERT INTO "e_tab" VALUES(66232992,'MnS',-1547.92001026081,NULL);
INSERT INTO "e_tab" VALUES(66232992,'NiCl',-1967.13893474399,NULL);
INSERT INTO "e_tab" VALUES(66232992,'TiCl',-1308.45031344616,NULL);
INSERT INTO "e_tab" VALUES(66232992,'VCl',-1402.95737847824,NULL);
INSERT INTO "e_tab" VALUES(66232992,'VH',-943.796678431199,NULL);
INSERT INTO "e_tab" VALUES(66232992,'VO',-1018.35386632067,NULL);
INSERT INTO "e_tab" VALUES(66232992,'ZnCl',-2238.17095009016,NULL);
INSERT INTO "e_tab" VALUES(66232992,'ZnH',-1779.03926156133,NULL);
INSERT INTO "e_tab" VALUES(66232992,'ZnO',-1853.46970559302,NULL);
INSERT INTO "e_tab" VALUES(66232992,'ZnS',-2176.1341597368,NULL);
INSERT INTO "e_tab" VALUES(14127839,'Cl',-459.634441841781,NULL);
INSERT INTO "e_tab" VALUES(14127839,'Co',-1381.92185622111,NULL);
INSERT INTO "e_tab" VALUES(14127839,'Cr',-1043.71460435621,NULL);
INSERT INTO "e_tab" VALUES(14127839,'Cu',-1639.62166639058,NULL);
INSERT INTO "e_tab" VALUES(14127839,'Fe',-1262.89477378184,NULL);
INSERT INTO "e_tab" VALUES(14127839,'H',-0.499940175895297,NULL);
INSERT INTO "e_tab" VALUES(14127839,'Mn',-1150.25936361356,NULL);
INSERT INTO "e_tab" VALUES(14127839,'Ni',-1507.44069418579,NULL);
INSERT INTO "e_tab" VALUES(14127839,'O',-74.9531841846063,NULL);
INSERT INTO "e_tab" VALUES(14127839,'S',-397.623453919225,NULL);
INSERT INTO "e_tab" VALUES(14127839,'Ti',-848.711562733901,NULL);
INSERT INTO "e_tab" VALUES(14127839,'V',-943.220692376675,NULL);
INSERT INTO "e_tab" VALUES(14127839,'Zn',-1778.5159682739,NULL);
INSERT INTO "e_tab" VALUES(14127839,'CoCl',-1841.61001791008,NULL);
INSERT INTO "e_tab" VALUES(14127839,'CoH',-1382.48618297095,NULL);
INSERT INTO "e_tab" VALUES(14127839,'CrCl',-1503.44518575109,NULL);
INSERT INTO "e_tab" VALUES(14127839,'CrH',-1044.29083116435,NULL);
INSERT INTO "e_tab" VALUES(14127839,'CrO',-1118.82709244646,NULL);
INSERT INTO "e_tab" VALUES(14127839,'CuCl',-2099.33515384136,NULL);
INSERT INTO "e_tab" VALUES(14127839,'CuH',-1640.21278317453,NULL);
INSERT INTO "e_tab" VALUES(14127839,'FeCl',-1722.61393123391,NULL);
INSERT INTO "e_tab" VALUES(14127839,'FeH',-1263.42726417567,NULL);
INSERT INTO "e_tab" VALUES(14127839,'MnCl',-1609.97927006981,NULL);
INSERT INTO "e_tab" VALUES(14127839,'MnS',-1547.95950642182,NULL);
INSERT INTO "e_tab" VALUES(14127839,'NiCl',-1967.14198159906,NULL);
INSERT INTO "e_tab" VALUES(14127839,'TiCl',-1308.46329231379,NULL);
INSERT INTO "e_tab" VALUES(14127839,'VCl',-1402.96468501068,NULL);
INSERT INTO "e_tab" VALUES(14127839,'VH',-943.8011123167,NULL);
INSERT INTO "e_tab" VALUES(14127839,'VO',-1018.39956221863,NULL);
INSERT INTO "e_tab" VALUES(14127839,'ZnCl',-2238.19864003531,NULL);
INSERT INTO "e_tab" VALUES(14127839,'ZnH',-1779.03927823229,NULL);
INSERT INTO "e_tab" VALUES(14127839,'ZnO',-1853.52049549844,NULL);
INSERT INTO "e_tab" VALUES(14127839,'ZnS',-2176.17467621557,NULL);
INSERT INTO "e_tab" VALUES(1478073,'Fe',-1262.91972573837,NULL);
INSERT INTO "e_tab" VALUES(605196,'Cl',-459.640032429929,NULL);
INSERT INTO "e_tab" VALUES(80264259,'Cl',-459.640379491002,NULL);
INSERT INTO "e_tab" VALUES(605196,'Co',-1381.92437486228,NULL);
INSERT INTO "e_tab" VALUES(80264259,'Co',-1381.95383560343,NULL);
INSERT INTO "e_tab" VALUES(605196,'Cr',-1043.72872658328,NULL);
INSERT INTO "e_tab" VALUES(80264259,'Cr',-1043.74684243925,NULL);
INSERT INTO "e_tab" VALUES(605196,'Cu',-1639.65222920837,NULL);
INSERT INTO "e_tab" VALUES(80264259,'Cu',-1639.7029356656,NULL);
INSERT INTO "e_tab" VALUES(605196,'Fe',-1262.90879488458,NULL);
INSERT INTO "e_tab" VALUES(80264259,'Fe',-1262.92730619088,NULL);
INSERT INTO "e_tab" VALUES(605196,'H',-0.499940175895297,NULL);
INSERT INTO "e_tab" VALUES(80264259,'H',-0.499940175895297,NULL);
INSERT INTO "e_tab" VALUES(605196,'Mn',-1150.26232906269,NULL);
INSERT INTO "e_tab" VALUES(80264259,'Mn',-1150.28326675851,NULL);
INSERT INTO "e_tab" VALUES(605196,'Ni',-1507.45354263016,NULL);
INSERT INTO "e_tab" VALUES(80264259,'Ni',-1507.48229637623,NULL);
INSERT INTO "e_tab" VALUES(605196,'O',-74.9583372687489,NULL);
INSERT INTO "e_tab" VALUES(80264259,'O',-74.9585344856552,NULL);
INSERT INTO "e_tab" VALUES(605196,'S',-397.630351742212,NULL);
INSERT INTO "e_tab" VALUES(80264259,'S',-397.630529647202,NULL);
INSERT INTO "e_tab" VALUES(605196,'Ti',-848.709518538343,NULL);
INSERT INTO "e_tab" VALUES(80264259,'Ti',-848.718267711348,NULL);
INSERT INTO "e_tab" VALUES(605196,'V',-943.225354233386,NULL);
INSERT INTO "e_tab" VALUES(80264259,'V',-943.236141753216,NULL);
INSERT INTO "e_tab" VALUES(605196,'Zn',-1778.52692414508,NULL);
INSERT INTO "e_tab" VALUES(80264259,'Zn',-1778.57876132577,NULL);
INSERT INTO "e_tab" VALUES(605196,'CoCl',-1841.61723583012,NULL);
INSERT INTO "e_tab" VALUES(80264259,'CoCl',-1841.71021991312,NULL);
INSERT INTO "e_tab" VALUES(605196,'CoH',-1382.48639508813,NULL);
INSERT INTO "e_tab" VALUES(80264259,'CoH',-1382.53833301092,NULL);
INSERT INTO "e_tab" VALUES(605196,'CrCl',-1503.45770821369,NULL);
INSERT INTO "e_tab" VALUES(80264259,'CrCl',-1503.51153911258,NULL);
INSERT INTO "e_tab" VALUES(605196,'CrH',-1044.30426692739,NULL);
INSERT INTO "e_tab" VALUES(80264259,'CrH',-1044.32948857972,NULL);
INSERT INTO "e_tab" VALUES(605196,'CrO',-1118.77539402028,NULL);
INSERT INTO "e_tab" VALUES(80264259,'CrO',-1118.8564341111,NULL);
INSERT INTO "e_tab" VALUES(605196,'CuCl',-2099.35328831438,NULL);
INSERT INTO "e_tab" VALUES(80264259,'CuCl',-2099.47085498081,NULL);
INSERT INTO "e_tab" VALUES(605196,'CuH',-1640.23589438676,NULL);
INSERT INTO "e_tab" VALUES(80264259,'CuH',-1640.2982016878,NULL);
INSERT INTO "e_tab" VALUES(605196,'FeCl',-1722.62867058086,NULL);
INSERT INTO "e_tab" VALUES(80264259,'FeCl',-1722.69134242182,NULL);
INSERT INTO "e_tab" VALUES(605196,'FeH',-1263.44085070166,NULL);
INSERT INTO "e_tab" VALUES(80264259,'FeH',-1263.48701986062,NULL);
INSERT INTO "e_tab" VALUES(605196,'MnCl',-1609.99701547918,NULL);
INSERT INTO "e_tab" VALUES(80264259,'MnCl',-1610.04630928697,NULL);
INSERT INTO "e_tab" VALUES(605196,'MnS',-1547.9267466343,NULL);
INSERT INTO "e_tab" VALUES(80264259,'MnS',-1547.99824212011,NULL);
INSERT INTO "e_tab" VALUES(605196,'NiCl',-1967.15698464291,NULL);
INSERT INTO "e_tab" VALUES(80264259,'NiCl',-1967.26545981564,NULL);
INSERT INTO "e_tab" VALUES(605196,'TiCl',-1308.45837764092,NULL);
INSERT INTO "e_tab" VALUES(80264259,'TiCl',-1308.50005174142,NULL);
INSERT INTO "e_tab" VALUES(605196,'VCl',-1402.96854943067,NULL);
INSERT INTO "e_tab" VALUES(80264259,'VCl',-1403.01624228123,NULL);
INSERT INTO "e_tab" VALUES(605196,'VH',-943.805981387601,NULL);
INSERT INTO "e_tab" VALUES(80264259,'VH',-943.825532157383,NULL);
INSERT INTO "e_tab" VALUES(605196,'VO',-1018.35638248702,NULL);
INSERT INTO "e_tab" VALUES(80264259,'VO',-1018.42057388976,NULL);
INSERT INTO "e_tab" VALUES(605196,'ZnCl',-2238.18518849044,NULL);
INSERT INTO "e_tab" VALUES(80264259,'ZnCl',-2238.29493925931,NULL);
INSERT INTO "e_tab" VALUES(605196,'ZnH',-1779.06324028515,NULL);
INSERT INTO "e_tab" VALUES(80264259,'ZnH',-1779.11614542764,NULL);
INSERT INTO "e_tab" VALUES(605196,'ZnO',-1853.48072842041,NULL);
INSERT INTO "e_tab" VALUES(80264259,'ZnO',-1853.58761316114,NULL);
INSERT INTO "e_tab" VALUES(605196,'ZnS',-2176.14768048759,NULL);
INSERT INTO "e_tab" VALUES(80264259,'ZnS',-2176.2554122319,NULL);
INSERT INTO "e_tab" VALUES(47614777,'H',-0.499940175895297,NULL);
INSERT INTO "e_tab" VALUES(2370421,'H',-0.499940175895297,NULL);
INSERT INTO "e_tab" VALUES(2370421,'CrO',-1118.84566038135,NULL);
INSERT INTO "e_tab" VALUES(2370421,'MnS',-1548.0051856523,NULL);
INSERT INTO "e_tab" VALUES(99802402,'Cl',-460.0981800662,0.0003351608);
INSERT INTO "e_tab" VALUES(99802402,'Co',-1382.6209174629,0.0008684096);
INSERT INTO "e_tab" VALUES(99802402,'Cr',-1044.332110428,0.0009925419);
INSERT INTO "e_tab" VALUES(99802402,'Cu',-1640.4254582394,0.0009882767);
INSERT INTO "e_tab" VALUES(99802402,'Fe',-1263.5615028074,0.0007932564);
INSERT INTO "e_tab" VALUES(99802402,'H',-0.5,0.0);
INSERT INTO "e_tab" VALUES(99802402,'Mn',-1150.8863874876,0.0007080474);
INSERT INTO "e_tab" VALUES(99802402,'Ni',-1508.1712320725,0.0009702613);
INSERT INTO "e_tab" VALUES(99802402,'O',-75.0506408807,8.16902e-05);
INSERT INTO "e_tab" VALUES(99802402,'S',-398.0649583014,0.00066492);
INSERT INTO "e_tab" VALUES(99802402,'Ti',-849.2487272044,0.0007259469);
INSERT INTO "e_tab" VALUES(99802402,'V',-943.7861481197,0.000807636);
INSERT INTO "e_tab" VALUES(99802402,'Zn',-1779.3414868999,0.0011086636);
INSERT INTO "e_tab" VALUES(99802402,'CoCl',-1842.8595920693,0.0013979521);
INSERT INTO "e_tab" VALUES(99802402,'CoH',-1383.2089135807,0.0009188232);
INSERT INTO "e_tab" VALUES(99802402,'CrCl',-1504.5476398746,0.0011219858);
INSERT INTO "e_tab" VALUES(99802402,'CrH',-1044.9005046412,0.0011179387);
INSERT INTO "e_tab" VALUES(99802402,'CrO',-1119.5067963494,0.0011569846);
INSERT INTO "e_tab" VALUES(99802402,'CuCl',-2100.6613144944,0.0013755602);
INSERT INTO "e_tab" VALUES(99802402,'CuH',-1641.0192723878,0.0007761236);
INSERT INTO "e_tab" VALUES(99802402,'FeCl',-1723.8003348775,0.0016676179);
INSERT INTO "e_tab" VALUES(99802402,'FeH',-1264.128483572,0.0010594018);
INSERT INTO "e_tab" VALUES(99802402,'MnCl',-1611.1246465837,0.0011031906);
INSERT INTO "e_tab" VALUES(99802402,'MnS',-1549.0491024828,0.0011657213);
INSERT INTO "e_tab" VALUES(99802402,'NiCl',-1968.4256197294,0.0012663027);
INSERT INTO "e_tab" VALUES(99802402,'TiCl',-1309.4990858736,0.0009814533);
INSERT INTO "e_tab" VALUES(99802402,'VCl',-1404.0404844561,0.0010595467);
INSERT INTO "e_tab" VALUES(99802402,'VH',-944.3815162139,0.0005216);
INSERT INTO "e_tab" VALUES(99802402,'VO',-1019.058421264,0.0014222966);
INSERT INTO "e_tab" VALUES(99802402,'ZnCl',-2239.5270212827,0.0015155145);
INSERT INTO "e_tab" VALUES(99802402,'ZnH',-1779.8795246472,0.0010148527);
INSERT INTO "e_tab" VALUES(99802402,'ZnO',-1854.4356414464,0.0011019707);
INSERT INTO "e_tab" VALUES(99802402,'ZnS',-2177.4540200784,0.0015999142);
INSERT INTO "e_tab" VALUES(88556624,'Cl',-460.0973967268,0.0003626615);
INSERT INTO "e_tab" VALUES(88556624,'Co',-1382.5959958457,0.0008297507);
INSERT INTO "e_tab" VALUES(88556624,'Cr',-1044.3291360641,0.0010461908);
INSERT INTO "e_tab" VALUES(88556624,'Cu',-1640.4212244814,0.0010457975);
INSERT INTO "e_tab" VALUES(88556624,'Fe',-1263.5581262224,0.0007951397);
INSERT INTO "e_tab" VALUES(88556624,'H',-0.5,0.0);
INSERT INTO "e_tab" VALUES(88556624,'Mn',-1150.8850898488,0.0007014388);
INSERT INTO "e_tab" VALUES(88556624,'Ni',-1508.1663040247,0.0009625108);
INSERT INTO "e_tab" VALUES(88556624,'O',-75.0501751602,0.0003247778);
INSERT INTO "e_tab" VALUES(88556624,'S',-398.066322936,0.0005231737);
INSERT INTO "e_tab" VALUES(88556624,'Ti',-849.2272295438,0.000478896);
INSERT INTO "e_tab" VALUES(88556624,'V',-943.7806427544,0.0005522076);
INSERT INTO "e_tab" VALUES(88556624,'Zn',-1779.333468317,0.0009006777);
INSERT INTO "e_tab" VALUES(88556624,'CoCl',-1842.8529076113,0.0012065536);
INSERT INTO "e_tab" VALUES(88556624,'CoH',-1383.2037016504,0.0006169904);
INSERT INTO "e_tab" VALUES(88556624,'CrCl',-1504.5370932752,0.000981596);
INSERT INTO "e_tab" VALUES(88556624,'CrH',-1044.8753252867,0.0004681616);
INSERT INTO "e_tab" VALUES(88556624,'CrO',-1119.4863515685,0.0006995768);
INSERT INTO "e_tab" VALUES(88556624,'CuCl',-2100.6574589557,0.0014579196);
INSERT INTO "e_tab" VALUES(88556624,'CuH',-1641.0143784978,0.000799516);
INSERT INTO "e_tab" VALUES(88556624,'FeCl',-1723.7948993513,0.0012507854);
INSERT INTO "e_tab" VALUES(88556624,'FeH',-1264.1232169828,0.0006460381);
INSERT INTO "e_tab" VALUES(88556624,'MnCl',-1611.1259043315,0.0012862201);
INSERT INTO "e_tab" VALUES(88556624,'MnS',-1549.0395979298,0.0013018378);
INSERT INTO "e_tab" VALUES(88556624,'NiCl',-1968.42539651,0.0017142723);
INSERT INTO "e_tab" VALUES(88556624,'TiCl',-1309.4856404583,0.0011487116);
INSERT INTO "e_tab" VALUES(88556624,'VCl',-1404.0365409898,0.0012356619);
INSERT INTO "e_tab" VALUES(88556624,'VH',-944.3700369614,0.0005560388);
INSERT INTO "e_tab" VALUES(88556624,'VO',-1019.0377539532,0.0008730346);
INSERT INTO "e_tab" VALUES(88556624,'ZnCl',-2239.5227505564,0.0020495761);
INSERT INTO "e_tab" VALUES(88556624,'ZnH',-1779.8738517877,0.0011206466);
INSERT INTO "e_tab" VALUES(88556624,'ZnO',-1854.4271791134,0.001532789);
INSERT INTO "e_tab" VALUES(88556624,'ZnS',-2177.4530508488,0.0019946701);
INSERT INTO "e_tab" VALUES(84283829,'Sc',-759.73572,NULL);
INSERT INTO "e_tab" VALUES(84283829,'Ti',-848.406,NULL);
INSERT INTO "e_tab" VALUES(84283829,'V',-942.88434,NULL);
INSERT INTO "e_tab" VALUES(84283829,'Cr',-1043.3564,NULL);
INSERT INTO "e_tab" VALUES(84283829,'Mn',-1149.8663,NULL);
INSERT INTO "e_tab" VALUES(84283829,'Fe',-1262.4437,NULL);
INSERT INTO "e_tab" VALUES(84283829,'Co',-1381.4146,NULL);
INSERT INTO "e_tab" VALUES(84283829,'Ni',-1506.8709,NULL);
INSERT INTO "e_tab" VALUES(84283829,'Cu',-1638.9637,NULL);
INSERT INTO "e_tab" VALUES(84283829,'Zn',-1777.8481,NULL);
INSERT INTO "e_tab" VALUES(77320446,'Sc',-759.73646559936,NULL);
INSERT INTO "e_tab" VALUES(77320446,'Ti',-848.39506520479,NULL);
INSERT INTO "e_tab" VALUES(77320446,'V',-942.88433076261,NULL);
INSERT INTO "e_tab" VALUES(77320446,'Cr',-1043.35636754091,NULL);
INSERT INTO "e_tab" VALUES(77320446,'Mn',-1149.86624288959,NULL);
INSERT INTO "e_tab" VALUES(77320446,'Fe',-1262.4466787713,NULL);
INSERT INTO "e_tab" VALUES(77320446,'Co',-1381.41607767692,NULL);
INSERT INTO "e_tab" VALUES(77320446,'Ni',-1506.86022346632,NULL);
INSERT INTO "e_tab" VALUES(77320446,'Cu',-1638.96372314725,NULL);
INSERT INTO "e_tab" VALUES(77320446,'Zn',-1777.84810153521,NULL);
INSERT INTO "e_tab" VALUES(25610813,'Sc',-759.7376162909,NULL);
INSERT INTO "e_tab" VALUES(25610813,'Ti',-848.39711298805,NULL);
INSERT INTO "e_tab" VALUES(25610813,'V',-942.88660737769,NULL);
INSERT INTO "e_tab" VALUES(25610813,'Cr',-1043.35631312144,NULL);
INSERT INTO "e_tab" VALUES(25610813,'Mn',-1149.8662428639,NULL);
INSERT INTO "e_tab" VALUES(25610813,'Fe',-1262.44850172572,NULL);
INSERT INTO "e_tab" VALUES(25610813,'Co',-1381.4030073906,NULL);
INSERT INTO "e_tab" VALUES(25610813,'Ni',-1506.86350244173,NULL);
INSERT INTO "e_tab" VALUES(25610813,'Cu',-1638.9612463555,NULL);
INSERT INTO "e_tab" VALUES(25610813,'Zn',-1777.84804578413,NULL);
INSERT INTO "e_tab" VALUES(40636632,'Sc',-760.4398572052,NULL);
INSERT INTO "e_tab" VALUES(40636632,'Ti',-849.1561413636,NULL);
INSERT INTO "e_tab" VALUES(40636632,'V',-943.687473303,NULL);
INSERT INTO "e_tab" VALUES(40636632,'Cr',-1044.2231556789,NULL);
INSERT INTO "e_tab" VALUES(40636632,'Mn',-1150.7714071437,NULL);
INSERT INTO "e_tab" VALUES(40636632,'Fe',-1263.43090788,NULL);
INSERT INTO "e_tab" VALUES(40636632,'Co',-1382.4677891311,NULL);
INSERT INTO "e_tab" VALUES(40636632,'Ni',-1507.9958420583,NULL);
INSERT INTO "e_tab" VALUES(40636632,'Cu',-1640.2100977122,NULL);
INSERT INTO "e_tab" VALUES(40636632,'Zn',-1779.1058313058,NULL);
INSERT INTO "e_tab" VALUES(77786834,'Sc',-760.5718,0.0016);
INSERT INTO "e_tab" VALUES(77786834,'Ti',-849.2841,0.0019);
INSERT INTO "e_tab" VALUES(77786834,'V',-943.8234,0.0016);
INSERT INTO "e_tab" VALUES(77786834,'Cr',-1044.3603,0.0017);
INSERT INTO "e_tab" VALUES(77786834,'Mn',-1150.9158,0.002);
INSERT INTO "e_tab" VALUES(77786834,'Fe',-1263.5868,0.0021);
INSERT INTO "e_tab" VALUES(77786834,'Co',-1382.6377,0.0024);
INSERT INTO "e_tab" VALUES(77786834,'Ni',-1508.1901,0.0025);
INSERT INTO "e_tab" VALUES(77786834,'Cu',-1640.4328,0.0029);
INSERT INTO "e_tab" VALUES(77786834,'Zn',-1779.3386,0.0031);
INSERT INTO "e_tab" VALUES(1478073,'CoCl',-1841.65469111083,NULL);
INSERT INTO "e_tab" VALUES(1478073,'CoH',-1382.5088190923,NULL);
INSERT INTO "e_tab" VALUES(1478073,'CrCl',-1503.48725741702,NULL);
INSERT INTO "e_tab" VALUES(1478073,'CrH',-1044.31834887762,NULL);
INSERT INTO "e_tab" VALUES(1478073,'CrO',-1118.81261432038,NULL);
INSERT INTO "e_tab" VALUES(1478073,'CuCl',-2099.39769385374,NULL);
INSERT INTO "e_tab" VALUES(1478073,'CuH',-1640.26122084633,NULL);
INSERT INTO "e_tab" VALUES(1478073,'FeCl',-1722.65711456732,NULL);
INSERT INTO "e_tab" VALUES(1478073,'FeH',-1263.46307316818,NULL);
INSERT INTO "e_tab" VALUES(1478073,'MnCl',-1610.02113045608,NULL);
INSERT INTO "e_tab" VALUES(1478073,'MnS',-1547.96027788119,NULL);
INSERT INTO "e_tab" VALUES(1478073,'NiCl',-1967.19845844284,NULL);
INSERT INTO "e_tab" VALUES(1478073,'TiCl',-1308.48372468847,NULL);
INSERT INTO "e_tab" VALUES(1478073,'VCl',-1402.99312868111,NULL);
INSERT INTO "e_tab" VALUES(1478073,'VH',-943.819967346508,NULL);
INSERT INTO "e_tab" VALUES(1478073,'VO',-1018.38761894803,NULL);
INSERT INTO "e_tab" VALUES(1478073,'ZnCl',-2238.22762368349,NULL);
INSERT INTO "e_tab" VALUES(1478073,'ZnH',-1779.08559580963,NULL);
INSERT INTO "e_tab" VALUES(1478073,'ZnO',-1853.52661121247,NULL);
INSERT INTO "e_tab" VALUES(1478073,'ZnS',-2176.19192969581,NULL);
INSERT INTO "e_tab" VALUES(33994575,'H',-0.5,0.0);
INSERT INTO "e_tab" VALUES(24410468,'Ti',-848.7098454731,NULL);
INSERT INTO "e_tab" VALUES(24410468,'Cl',-459.638073427,NULL);
INSERT INTO "e_tab" VALUES(24410468,'Co',-1381.935705291,NULL);
INSERT INTO "e_tab" VALUES(24410468,'Cr',-1043.7334215679,NULL);
INSERT INTO "e_tab" VALUES(24410468,'Cu',-1639.6689315032,NULL);
INSERT INTO "e_tab" VALUES(24410468,'Fe',-1262.917968428,NULL);
INSERT INTO "e_tab" VALUES(24410468,'Mn',-1150.2711927708,NULL);
INSERT INTO "e_tab" VALUES(24410468,'Ni',-1507.4638035056,NULL);
INSERT INTO "e_tab" VALUES(24410468,'O',-74.9556561659,NULL);
INSERT INTO "e_tab" VALUES(24410468,'S',-397.6267827001,NULL);
INSERT INTO "e_tab" VALUES(24410468,'V',-943.2286951132,NULL);
INSERT INTO "e_tab" VALUES(24410468,'Zn',-1778.5508182623,NULL);
INSERT INTO "e_tab" VALUES(47614777,'Ti',-848.7099991308,NULL);
INSERT INTO "e_tab" VALUES(47614777,'Cl',-459.6382007874,NULL);
INSERT INTO "e_tab" VALUES(47614777,'Co',-1381.9360556292,NULL);
INSERT INTO "e_tab" VALUES(47614777,'Cr',-1043.7346591273,NULL);
INSERT INTO "e_tab" VALUES(47614777,'Cu',-1639.6739682996,NULL);
INSERT INTO "e_tab" VALUES(47614777,'Fe',-1262.9181883475,NULL);
INSERT INTO "e_tab" VALUES(47614777,'Mn',-1150.271581674,NULL);
INSERT INTO "e_tab" VALUES(47614777,'Ni',-1507.464167803,NULL);
INSERT INTO "e_tab" VALUES(47614777,'O',-74.9557121561,NULL);
INSERT INTO "e_tab" VALUES(47614777,'S',-397.6268987219,NULL);
INSERT INTO "e_tab" VALUES(47614777,'V',-943.228707861,NULL);
INSERT INTO "e_tab" VALUES(47614777,'Zn',-1778.5514678511,NULL);
INSERT INTO "e_tab" VALUES(2370421,'Ti',-848.7180651661,NULL);
INSERT INTO "e_tab" VALUES(2370421,'Cl',-459.6427974922,NULL);
INSERT INTO "e_tab" VALUES(2370421,'Co',-1381.9651489414,NULL);
INSERT INTO "e_tab" VALUES(2370421,'Cr',-1043.7513588639,NULL);
INSERT INTO "e_tab" VALUES(2370421,'Cu',-1639.7301303715,NULL);
INSERT INTO "e_tab" VALUES(2370421,'Fe',-1262.9270469824,NULL);
INSERT INTO "e_tab" VALUES(2370421,'Mn',-1150.2913389955,NULL);
INSERT INTO "e_tab" VALUES(2370421,'Ni',-1507.5011885161,NULL);
INSERT INTO "e_tab" VALUES(2370421,'O',-74.9562032433,NULL);
INSERT INTO "e_tab" VALUES(2370421,'S',-397.6278121938,NULL);
INSERT INTO "e_tab" VALUES(2370421,'V',-943.2441285832,NULL);
INSERT INTO "e_tab" VALUES(2370421,'Zn',-1778.5929594377,NULL);
INSERT INTO "e_tab" VALUES(33994575,'O',-75.0615309517,0.0001271292);
INSERT INTO "e_tab" VALUES(33994575,'S',-398.0864338947,0.0008095382);
INSERT INTO "e_tab" VALUES(33994575,'Cl',-460.1226774055,0.0011195117);
INSERT INTO "e_tab" VALUES(33994575,'Co',-1382.666452011,0.0024760964);
INSERT INTO "e_tab" VALUES(33994575,'Cr',-1044.3725101739,0.0014983485);
INSERT INTO "e_tab" VALUES(33994575,'Cu',-1640.4559154767,0.0023189938);
INSERT INTO "e_tab" VALUES(33994575,'Fe',-1263.6077431618,0.0017669231);
INSERT INTO "e_tab" VALUES(33994575,'Mn',-1150.937236112,0.0016786328);
INSERT INTO "e_tab" VALUES(33994575,'Ni',-1508.219750028,0.0019034175);
INSERT INTO "e_tab" VALUES(33994575,'Ti',-849.3018629066,0.0011348128);
INSERT INTO "e_tab" VALUES(33994575,'V',-943.8394324708,0.0012235839);
INSERT INTO "e_tab" VALUES(33994575,'Zn',-1779.3765556373,0.0026283398);
INSERT INTO "e_tab" VALUES(33994575,'CoCl',-1842.9043435655,0.0021450615);
INSERT INTO "e_tab" VALUES(33994575,'CoH',-1383.2514457415,0.0016217925);
INSERT INTO "e_tab" VALUES(33994575,'CrCl',-1504.6276820164,0.001895521);
INSERT INTO "e_tab" VALUES(33994575,'CrH',-1044.9492026627,0.0010651231);
INSERT INTO "e_tab" VALUES(33994575,'CrO',-1119.5938954261,0.0018767123);
INSERT INTO "e_tab" VALUES(33994575,'CuCl',-2100.7221914233,0.0028777597);
INSERT INTO "e_tab" VALUES(33994575,'CuH',-1641.0552699592,0.0018151839);
INSERT INTO "e_tab" VALUES(33994575,'FeCl',-1723.8653071516,0.002262662);
INSERT INTO "e_tab" VALUES(33994575,'FeH',-1264.1763832375,0.0017951395);
INSERT INTO "e_tab" VALUES(33994575,'MnCl',-1611.158511096,0.0029626461);
INSERT INTO "e_tab" VALUES(33994575,'MnS',-1549.0966644878,0.0027502688);
INSERT INTO "e_tab" VALUES(33994575,'NiCl',-1968.4768911342,0.0024098341);
INSERT INTO "e_tab" VALUES(33994575,'TiCl',-1309.5456705407,0.0023068199);
INSERT INTO "e_tab" VALUES(33994575,'VCl',-1404.1002714366,0.0013710655);
INSERT INTO "e_tab" VALUES(33994575,'VH',-944.4299408288,0.0010401941);
INSERT INTO "e_tab" VALUES(33994575,'VO',-1019.1252936656,0.0014659253);
INSERT INTO "e_tab" VALUES(33994575,'ZnCl',-2239.5628528603,0.0030470247);
INSERT INTO "e_tab" VALUES(33994575,'ZnH',-1779.9025876494,0.0019789615);
INSERT INTO "e_tab" VALUES(33994575,'ZnO',-1854.4894592519,0.0026657096);
INSERT INTO "e_tab" VALUES(33994575,'ZnS',-2177.4881206729,0.0035502424);
INSERT INTO "e_tab" VALUES(97146129,'O',-75.05064088,8.169e-05);
INSERT INTO "e_tab" VALUES(97146129,'S',-398.0649583,0.00066492);
INSERT INTO "e_tab" VALUES(97146129,'Cr',-1044.33211043,0.00099254);
INSERT INTO "e_tab" VALUES(97146129,'Cl',-460.09818007,0.00033516);
INSERT INTO "e_tab" VALUES(97146129,'Cu',-1640.42545824,0.00098828);
INSERT INTO "e_tab" VALUES(97146129,'H',-0.5,0.0);
INSERT INTO "e_tab" VALUES(97146129,'MnCl',-1611.12464658,0.00110319);
INSERT INTO "e_tab" VALUES(97146129,'ZnCl',-2239.52702128,0.00151551);
INSERT INTO "e_tab" VALUES(97146129,'FeCl',-1723.80033488,0.00166762);
INSERT INTO "e_tab" VALUES(97146129,'ZnH',-1779.87952465,0.00101485);
INSERT INTO "e_tab" VALUES(97146129,'CuCl',-2100.66131449,0.00137556);
INSERT INTO "e_tab" VALUES(97146129,'NiCl',-1968.42561973,0.0012663);
INSERT INTO "e_tab" VALUES(97146129,'CuH',-1641.01927239,0.00077612);
INSERT INTO "e_tab" VALUES(97146129,'VCl',-1404.04048446,0.00105955);
INSERT INTO "e_tab" VALUES(97146129,'CoCl',-1842.85959207,0.00139795);
INSERT INTO "e_tab" VALUES(97146129,'Co',-1382.62511896,0.0012177031);
INSERT INTO "e_tab" VALUES(97146129,'Fe',-1263.5686618984,0.0010912881);
INSERT INTO "e_tab" VALUES(97146129,'Mn',-1150.8933226182,0.0009648043);
INSERT INTO "e_tab" VALUES(97146129,'Ni',-1508.176810941,0.001296062);
INSERT INTO "e_tab" VALUES(97146129,'Ti',-849.2506869104,0.0009709099);
INSERT INTO "e_tab" VALUES(97146129,'V',-943.788556699,0.0013843252);
INSERT INTO "e_tab" VALUES(97146129,'Zn',-1779.3450820556,0.0015230794);
INSERT INTO "e_tab" VALUES(97146129,'CoH',-1383.2098734216,0.0012529737);
INSERT INTO "e_tab" VALUES(97146129,'CrCl',-1504.5467813348,0.0009720918);
INSERT INTO "e_tab" VALUES(97146129,'CrH',-1044.9044602811,0.0011902182);
INSERT INTO "e_tab" VALUES(97146129,'CrO',-1119.5156649462,0.0013456903);
INSERT INTO "e_tab" VALUES(97146129,'FeH',-1264.1266413483,0.001127954);
INSERT INTO "e_tab" VALUES(97146129,'MnS',-1549.0506577608,0.0010196965);
INSERT INTO "e_tab" VALUES(97146129,'TiCl',-1309.5015606073,0.0008555983);
INSERT INTO "e_tab" VALUES(97146129,'VH',-944.3818380342,0.0011260464);
INSERT INTO "e_tab" VALUES(97146129,'VO',-1019.0686568046,0.0012197003);
INSERT INTO "e_tab" VALUES(97146129,'ZnO',-1854.4501616433,0.0010441036);
INSERT INTO "e_tab" VALUES(97146129,'ZnS',-2177.4618650972,0.0013757543);
INSERT INTO "e_tab" VALUES(24410468,'CoCl',-1841.6816317717,NULL);
INSERT INTO "e_tab" VALUES(24410468,'CoH',-1382.5152579518,NULL);
INSERT INTO "e_tab" VALUES(24410468,'ZnCl',-2238.2564424199,NULL);
INSERT INTO "e_tab" VALUES(24410468,'CrCl',-1503.4944375231,NULL);
INSERT INTO "e_tab" VALUES(24410468,'CuH',-1640.2646697209,NULL);
INSERT INTO "e_tab" VALUES(24410468,'FeCl',-1722.6736341675,NULL);
INSERT INTO "e_tab" VALUES(24410468,'ZnH',-1779.0844915453,NULL);
INSERT INTO "e_tab" VALUES(24410468,'CrO',-1118.8122187678,NULL);
INSERT INTO "e_tab" VALUES(24410468,'CuCl',-2099.4313472752,NULL);
INSERT INTO "e_tab" VALUES(24410468,'MnS',-1547.9678027341,NULL);
INSERT INTO "e_tab" VALUES(24410468,'NiCl',-1967.2301612447,NULL);
INSERT INTO "e_tab" VALUES(24410468,'VH',-943.8149609086,NULL);
INSERT INTO "e_tab" VALUES(24410468,'VO',-1018.3875828029,NULL);
INSERT INTO "e_tab" VALUES(24410468,'ZnO',-1853.5338769708,NULL);
INSERT INTO "e_tab" VALUES(24410468,'ZnS',-2176.2036163453,NULL);
INSERT INTO "e_tab" VALUES(24410468,'FeH',-1263.4658297521,NULL);
INSERT INTO "e_tab" VALUES(24410468,'CrH',-1044.3163260237,NULL);
INSERT INTO "e_tab" VALUES(24410468,'MnCl',-1610.0306617439,NULL);
INSERT INTO "e_tab" VALUES(24410468,'TiCl',-1308.4817144875,NULL);
INSERT INTO "e_tab" VALUES(24410468,'VCl',-1403.0006548216,NULL);
INSERT INTO "e_tab" VALUES(47614777,'CoCl',-1841.6835005284,NULL);
INSERT INTO "e_tab" VALUES(47614777,'CoH',-1382.5156330473,NULL);
INSERT INTO "e_tab" VALUES(47614777,'ZnCl',-2238.258665036,NULL);
INSERT INTO "e_tab" VALUES(47614777,'CrCl',-1503.4958279418,NULL);
INSERT INTO "e_tab" VALUES(47614777,'CuH',-1640.2652349723,NULL);
INSERT INTO "e_tab" VALUES(47614777,'FeCl',-1722.6751273816,NULL);
INSERT INTO "e_tab" VALUES(47614777,'ZnH',-1779.0845429582,NULL);
INSERT INTO "e_tab" VALUES(47614777,'CrO',-1118.81287914127,NULL);
INSERT INTO "e_tab" VALUES(47614777,'CuCl',-2099.4344353257,NULL);
INSERT INTO "e_tab" VALUES(47614777,'MnS',-1547.9691085224,NULL);
INSERT INTO "e_tab" VALUES(47614777,'NiCl',-1967.2321521471,NULL);
INSERT INTO "e_tab" VALUES(47614777,'VH',-943.815021157,NULL);
INSERT INTO "e_tab" VALUES(47614777,'VO',-1018.3880531539,NULL);
INSERT INTO "e_tab" VALUES(47614777,'ZnO',-1853.536293487,NULL);
INSERT INTO "e_tab" VALUES(47614777,'ZnS',-2176.204949496,NULL);
INSERT INTO "e_tab" VALUES(47614777,'FeH',-1263.4663900565,NULL);
INSERT INTO "e_tab" VALUES(47614777,'CrH',-1044.3164914827,NULL);
INSERT INTO "e_tab" VALUES(47614777,'MnCl',-1610.0316304592,NULL);
INSERT INTO "e_tab" VALUES(47614777,'TiCl',-1308.4822894234,NULL);
INSERT INTO "e_tab" VALUES(47614777,'VCl',-1403.0013232882,NULL);
INSERT INTO "e_tab" VALUES(2370421,'CoCl',-1841.7612632713,NULL);
INSERT INTO "e_tab" VALUES(2370421,'CoH',-1382.5685423888,NULL);
INSERT INTO "e_tab" VALUES(2370421,'ZnCl',-2238.3185596976,NULL);
INSERT INTO "e_tab" VALUES(2370421,'CrCl',-1503.5461417789,NULL);
INSERT INTO "e_tab" VALUES(2370421,'CuH',-1640.3532828022,NULL);
INSERT INTO "e_tab" VALUES(2370421,'FeCl',-1722.7326676716,NULL);
INSERT INTO "e_tab" VALUES(2370421,'ZnH',-1779.1234432316,NULL);
INSERT INTO "e_tab" VALUES(2370421,'CuCl',-2099.5138037779,NULL);
INSERT INTO "e_tab" VALUES(2370421,'NiCl',-1967.3065355213,NULL);
INSERT INTO "e_tab" VALUES(2370421,'VH',-943.8401715435,NULL);
INSERT INTO "e_tab" VALUES(2370421,'VO',-1018.4205488997,NULL);
INSERT INTO "e_tab" VALUES(2370421,'ZnO',-1853.5869891905,NULL);
INSERT INTO "e_tab" VALUES(2370421,'ZnS',-2176.2678940778,NULL);
INSERT INTO "e_tab" VALUES(2370421,'FeH',-1263.5225082849,NULL);
INSERT INTO "e_tab" VALUES(2370421,'CrH',-1044.3465741673,NULL);
INSERT INTO "e_tab" VALUES(2370421,'MnCl',-1610.0808963271,NULL);
INSERT INTO "e_tab" VALUES(2370421,'TiCl',-1308.52086007,NULL);
INSERT INTO "e_tab" VALUES(2370421,'VCl',-1403.0439965296,NULL);
INSERT INTO "e_tab" VALUES(44847366,'O',-75.0541216531,0.0002737141);
INSERT INTO "e_tab" VALUES(44847366,'S',-398.0803766074,0.0011077539);
INSERT INTO "e_tab" VALUES(44847366,'Cl',-460.1148505344,0.0013685113);
INSERT INTO "e_tab" VALUES(44847366,'Co',-1382.6213546214,0.0008609867);
INSERT INTO "e_tab" VALUES(44847366,'Cr',-1044.3213080184,0.0084887246);
INSERT INTO "e_tab" VALUES(44847366,'Cu',-1640.4158787577,0.0010392173);
INSERT INTO "e_tab" VALUES(44847366,'Fe',-1263.5649381784,0.0007982973);
INSERT INTO "e_tab" VALUES(44847366,'Mn',-1150.8942160787,0.0006907212);
INSERT INTO "e_tab" VALUES(44847366,'Ni',-1508.1704015442,0.000936219);
INSERT INTO "e_tab" VALUES(44847366,'Ti',-849.2637022023,0.0011304518);
INSERT INTO "e_tab" VALUES(44847366,'V',-943.7977098598,0.0012359336);
INSERT INTO "e_tab" VALUES(44847366,'Zn',-1779.3360689905,0.0011023792);
INSERT INTO "e_tab" VALUES(44847366,'H',-0.5,0.0);
INSERT INTO "e_tab" VALUES(44847366,'CoCl',-1842.8607770619,0.0011254918);
INSERT INTO "e_tab" VALUES(44847366,'CoH',-1383.2062474615,0.0008065037);
INSERT INTO "e_tab" VALUES(44847366,'CrCl',-1504.5612698898,0.0009865502);
INSERT INTO "e_tab" VALUES(44847366,'CrH',-1044.9013491322,0.0007079449);
INSERT INTO "e_tab" VALUES(44847366,'CrO',-1119.5278025885,0.0008865793);
INSERT INTO "e_tab" VALUES(44847366,'CuCl',-2100.657590662,0.0014319177);
INSERT INTO "e_tab" VALUES(44847366,'CuH',-1641.0125910295,0.0011001855);
INSERT INTO "e_tab" VALUES(44847366,'FeCl',-1723.8082656046,0.0011920311);
INSERT INTO "e_tab" VALUES(44847366,'FeH',-1264.1278942604,0.0011574486);
INSERT INTO "e_tab" VALUES(44847366,'MnCl',-1611.1346994455,0.0010656085);
INSERT INTO "e_tab" VALUES(44847366,'MnS',-1549.0634719387,0.0009906997);
INSERT INTO "e_tab" VALUES(44847366,'NiCl',-1968.4232165679,0.001438152);
INSERT INTO "e_tab" VALUES(44847366,'TiCl',-1309.5135503394,0.0009444248);
INSERT INTO "e_tab" VALUES(44847366,'VCl',-1404.0485043925,0.0009161134);
INSERT INTO "e_tab" VALUES(44847366,'VH',-944.3898186565,0.0005921659);
INSERT INTO "e_tab" VALUES(44847366,'VO',-1019.077837159,0.0008741726);
INSERT INTO "e_tab" VALUES(44847366,'ZnCl',-2239.5263737253,0.0013976818);
INSERT INTO "e_tab" VALUES(44847366,'ZnH',-1779.87079946,0.0011986498);
INSERT INTO "e_tab" VALUES(44847366,'ZnO',-1854.4396244817,0.0011050567);
INSERT INTO "e_tab" VALUES(44847366,'ZnS',-2177.46683213,0.0013778438);
INSERT INTO "e_tab" VALUES(90431327,'H',-0.5,0.0);
INSERT INTO "e_tab" VALUES(90431327,'O',-75.05064088,8.169e-05);
INSERT INTO "e_tab" VALUES(90431327,'S',-398.0649583,0.00066492);
INSERT INTO "e_tab" VALUES(90431327,'Cr',-1044.33211043,0.00099254);
INSERT INTO "e_tab" VALUES(90431327,'CuCl',-2100.66131449,0.00137556);
INSERT INTO "e_tab" VALUES(90431327,'Cl',-460.1016372124,0.0003215126);
INSERT INTO "e_tab" VALUES(90431327,'Co',-1382.6285372963,0.001131227);
INSERT INTO "e_tab" VALUES(90431327,'Cu',-1640.4272902561,0.0013466894);
INSERT INTO "e_tab" VALUES(90431327,'Fe',-1263.5705068389,0.0010261433);
INSERT INTO "e_tab" VALUES(90431327,'Mn',-1150.8955730479,0.0011871011);
INSERT INTO "e_tab" VALUES(90431327,'Ni',-1508.182677454,0.0012776987);
INSERT INTO "e_tab" VALUES(90431327,'Ti',-849.2653976378,0.001230443);
INSERT INTO "e_tab" VALUES(90431327,'V',-943.7946117603,0.0011224904);
INSERT INTO "e_tab" VALUES(90431327,'Zn',-1779.3481365234,0.0011752239);
INSERT INTO "e_tab" VALUES(90431327,'CoCl',-1842.8616165591,0.0013650802);
INSERT INTO "e_tab" VALUES(90431327,'CoH',-1383.2080927494,0.0014994048);
INSERT INTO "e_tab" VALUES(90431327,'CrCl',-1504.5457783492,0.0018655503);
INSERT INTO "e_tab" VALUES(90431327,'CrH',-1044.9040232605,0.0006709431);
INSERT INTO "e_tab" VALUES(90431327,'CrO',-1119.5293013481,0.0009793159);
INSERT INTO "e_tab" VALUES(90431327,'CuH',-1641.0185549842,0.0013003346);
INSERT INTO "e_tab" VALUES(90431327,'FeCl',-1723.7997103507,0.0013622323);
INSERT INTO "e_tab" VALUES(90431327,'FeH',-1264.1301430003,0.0008806214);
INSERT INTO "e_tab" VALUES(90431327,'MnCl',-1611.1274064093,0.0010974183);
INSERT INTO "e_tab" VALUES(90431327,'MnS',-1549.0637555816,0.0016520467);
INSERT INTO "e_tab" VALUES(90431327,'NiCl',-1968.429533975,0.001478486);
INSERT INTO "e_tab" VALUES(90431327,'TiCl',-1309.5097653492,0.0013776482);
INSERT INTO "e_tab" VALUES(90431327,'VCl',-1404.0463872345,0.0011578705);
INSERT INTO "e_tab" VALUES(90431327,'VH',-944.388781528,0.0006360234);
INSERT INTO "e_tab" VALUES(90431327,'VO',-1019.0812488553,0.0015665566);
INSERT INTO "e_tab" VALUES(90431327,'ZnCl',-2239.5308939854,0.0015541131);
INSERT INTO "e_tab" VALUES(90431327,'ZnH',-1779.8845325341,0.0011760549);
INSERT INTO "e_tab" VALUES(90431327,'ZnO',-1854.4511987979,0.0011746947);
INSERT INTO "e_tab" VALUES(90431327,'ZnS',-2177.4696440375,0.0014346331);
INSERT INTO "e_tab" VALUES(NULL,'Cl',-459.514127179895,NULL);
INSERT INTO "e_tab" VALUES(NULL,'Co',-1381.45963253433,NULL);
INSERT INTO "e_tab" VALUES(NULL,'Cr',-1043.3534651333,NULL);
INSERT INTO "e_tab" VALUES(NULL,'Cu',-1638.95791327955,NULL);
INSERT INTO "e_tab" VALUES(NULL,'Fe',-1262.47875423474,NULL);
INSERT INTO "e_tab" VALUES(NULL,'H',-0.499940175895297,NULL);
INSERT INTO "e_tab" VALUES(NULL,'Mn',-1149.89616663383,NULL);
INSERT INTO "e_tab" VALUES(NULL,'Ni',-1506.90583226673,NULL);
INSERT INTO "e_tab" VALUES(NULL,'O',-74.8101755180176,NULL);
INSERT INTO "e_tab" VALUES(NULL,'S',-397.504206920624,NULL);
INSERT INTO "e_tab" VALUES(NULL,'Ti',-848.485828688531,NULL);
INSERT INTO "e_tab" VALUES(NULL,'V',-942.926260293055,NULL);
INSERT INTO "e_tab" VALUES(NULL,'Zn',-1777.87048158513,NULL);
INSERT INTO "e_tab" VALUES(NULL,'CoCl',-1840.94517988328,NULL);
INSERT INTO "e_tab" VALUES(NULL,'CoH',-1381.95126760736,NULL);
INSERT INTO "e_tab" VALUES(NULL,'CrCl',-1502.9401492663,NULL);
INSERT INTO "e_tab" VALUES(NULL,'CrH',-1043.89965723623,NULL);
INSERT INTO "e_tab" VALUES(NULL,'CrO',-1118.28861540212,NULL);
INSERT INTO "e_tab" VALUES(NULL,'CuCl',-2098.53625414443,NULL);
INSERT INTO "e_tab" VALUES(NULL,'CuH',-1639.52041923383,NULL);
INSERT INTO "e_tab" VALUES(NULL,'FeCl',-1722.04850292294,NULL);
INSERT INTO "e_tab" VALUES(NULL,'FeH',-1262.93565710242,NULL);
INSERT INTO "e_tab" VALUES(NULL,'MnCl',-1609.46709210512,NULL);
INSERT INTO "e_tab" VALUES(NULL,'MnS',-1547.45112678027,NULL);
INSERT INTO "e_tab" VALUES(NULL,'NiCl',-1966.40652914734,NULL);
INSERT INTO "e_tab" VALUES(NULL,'TiCl',-1308.07709175608,NULL);
INSERT INTO "e_tab" VALUES(NULL,'VCl',-1402.51402424261,NULL);
INSERT INTO "e_tab" VALUES(NULL,'VH',-943.47516826151,NULL);
INSERT INTO "e_tab" VALUES(NULL,'VO',-1017.90796098522,NULL);
INSERT INTO "e_tab" VALUES(NULL,'ZnCl',-2237.40287778703,NULL);
INSERT INTO "e_tab" VALUES(NULL,'ZnH',-1778.37272364049,NULL);
INSERT INTO "e_tab" VALUES(NULL,'ZnO',-1852.72416646587,NULL);
INSERT INTO "e_tab" VALUES(NULL,'ZnS',-2175.41099523692,NULL);
INSERT INTO "e_tab" VALUES(86244274,'Cl',-459.514127179895,NULL);
INSERT INTO "e_tab" VALUES(86244274,'Co',-1381.45963253433,NULL);
INSERT INTO "e_tab" VALUES(86244274,'Cr',-1043.3534651333,NULL);
INSERT INTO "e_tab" VALUES(86244274,'Cu',-1638.95791327955,NULL);
INSERT INTO "e_tab" VALUES(86244274,'Fe',-1262.47875423474,NULL);
INSERT INTO "e_tab" VALUES(86244274,'H',-0.499940175895297,NULL);
INSERT INTO "e_tab" VALUES(86244274,'Mn',-1149.89616663383,NULL);
INSERT INTO "e_tab" VALUES(86244274,'Ni',-1506.90583226673,NULL);
INSERT INTO "e_tab" VALUES(86244274,'O',-74.8101755180176,NULL);
INSERT INTO "e_tab" VALUES(86244274,'S',-397.504206920624,NULL);
INSERT INTO "e_tab" VALUES(86244274,'Ti',-848.485828688531,NULL);
INSERT INTO "e_tab" VALUES(86244274,'V',-942.926260293055,NULL);
INSERT INTO "e_tab" VALUES(86244274,'Zn',-1777.87048158513,NULL);
INSERT INTO "e_tab" VALUES(86244274,'CoCl',-1840.94517988328,NULL);
INSERT INTO "e_tab" VALUES(86244274,'CoH',-1381.95126760736,NULL);
INSERT INTO "e_tab" VALUES(86244274,'CrCl',-1502.9401492663,NULL);
INSERT INTO "e_tab" VALUES(86244274,'CrH',-1043.89965723623,NULL);
INSERT INTO "e_tab" VALUES(86244274,'CrO',-1118.28861540212,NULL);
INSERT INTO "e_tab" VALUES(86244274,'CuCl',-2098.53625414443,NULL);
INSERT INTO "e_tab" VALUES(86244274,'CuH',-1639.52041923383,NULL);
INSERT INTO "e_tab" VALUES(86244274,'FeCl',-1722.04850292294,NULL);
INSERT INTO "e_tab" VALUES(86244274,'FeH',-1262.93565710242,NULL);
INSERT INTO "e_tab" VALUES(86244274,'MnCl',-1609.46709210512,NULL);
INSERT INTO "e_tab" VALUES(86244274,'MnS',-1547.45112678027,NULL);
INSERT INTO "e_tab" VALUES(86244274,'NiCl',-1966.40652914734,NULL);
INSERT INTO "e_tab" VALUES(86244274,'TiCl',-1308.07709175608,NULL);
INSERT INTO "e_tab" VALUES(86244274,'VCl',-1402.51402424261,NULL);
INSERT INTO "e_tab" VALUES(86244274,'VH',-943.47516826151,NULL);
INSERT INTO "e_tab" VALUES(86244274,'VO',-1017.90796098522,NULL);
INSERT INTO "e_tab" VALUES(86244274,'ZnCl',-2237.40287778703,NULL);
INSERT INTO "e_tab" VALUES(86244274,'ZnH',-1778.37272364049,NULL);
INSERT INTO "e_tab" VALUES(86244274,'ZnO',-1852.72416646587,NULL);
INSERT INTO "e_tab" VALUES(86244274,'ZnS',-2175.41099523692,NULL);
INSERT INTO "e_tab" VALUES(NULL,'Cl',-460.1007744093,0.0002143552);
INSERT INTO "e_tab" VALUES(NULL,'Co',-1382.6325619862,0.0016313633);
INSERT INTO "e_tab" VALUES(NULL,'Cu',-1640.4261939834,0.0009390505);
INSERT INTO "e_tab" VALUES(NULL,'Fe',-1263.5681373807,0.000771557);
INSERT INTO "e_tab" VALUES(NULL,'Mn',-1150.8951529116,0.0006778224);
INSERT INTO "e_tab" VALUES(NULL,'Ni',-1508.1820674222,0.001186048);
INSERT INTO "e_tab" VALUES(NULL,'Ti',-849.2621587556,0.0008430268);
INSERT INTO "e_tab" VALUES(NULL,'V',-943.7934664951,0.0007587815);
INSERT INTO "e_tab" VALUES(NULL,'Zn',-1779.3463634333,0.0010271087);
INSERT INTO "e_tab" VALUES(NULL,'Cr',-1044.33211,0.000993);
INSERT INTO "e_tab" VALUES(NULL,'S',-398.064958,0.000665);
INSERT INTO "e_tab" VALUES(NULL,'O',-75.050641,8.2e-05);
INSERT INTO "e_tab" VALUES(NULL,'Cr',-1044.33211,0.000993);
INSERT INTO "e_tab" VALUES(NULL,'S',-398.064958,0.000665);
INSERT INTO "e_tab" VALUES(NULL,'O',-75.050641,8.2e-05);
INSERT INTO "e_tab" VALUES(NULL,'Cu',-1640.425458,0.000988);
INSERT INTO "e_tab" VALUES(60898009,'Cl',-460.1007744093,0.0002143552);
INSERT INTO "e_tab" VALUES(60898009,'Co',-1382.6325619862,0.0016313633);
INSERT INTO "e_tab" VALUES(60898009,'Cu',-1640.4261939834,0.0009390505);
INSERT INTO "e_tab" VALUES(60898009,'Fe',-1263.5681373807,0.000771557);
INSERT INTO "e_tab" VALUES(60898009,'Mn',-1150.8951529116,0.0006778224);
INSERT INTO "e_tab" VALUES(60898009,'Ni',-1508.1820674222,0.001186048);
INSERT INTO "e_tab" VALUES(60898009,'Ti',-849.2621587556,0.0008430268);
INSERT INTO "e_tab" VALUES(60898009,'V',-943.7934664951,0.0007587815);
INSERT INTO "e_tab" VALUES(60898009,'Zn',-1779.3463634333,0.0010271087);
INSERT INTO "e_tab" VALUES(60898009,'Cr',-1044.33211,0.000993);
INSERT INTO "e_tab" VALUES(60898009,'S',-398.064958,0.000665);
INSERT INTO "e_tab" VALUES(60898009,'O',-75.050641,8.2e-05);
INSERT INTO "e_tab" VALUES(60898009,'H',-0.5,0.0);
INSERT INTO "e_tab" VALUES(60898009,'CoCl',-1842.8556898239,0.0016730801);
INSERT INTO "e_tab" VALUES(60898009,'CoH',-1383.2009023804,0.0010045628);
INSERT INTO "e_tab" VALUES(60898009,'CrCl',-1504.5478396431,0.001418719);
INSERT INTO "e_tab" VALUES(60898009,'CrH',-1044.9053179444,0.0009831475);
INSERT INTO "e_tab" VALUES(60898009,'CrO',-1119.5224066921,0.0011894379);
INSERT INTO "e_tab" VALUES(60898009,'CuCl',-2100.662279496,0.0012870766);
INSERT INTO "e_tab" VALUES(60898009,'CuH',-1641.0162887167,0.0013298076);
INSERT INTO "e_tab" VALUES(60898009,'FeCl',-1723.7980128746,0.0012477042);
INSERT INTO "e_tab" VALUES(60898009,'FeH',-1264.1303693892,0.0012918552);
INSERT INTO "e_tab" VALUES(60898009,'MnCl',-1611.1267952338,0.0013540954);
INSERT INTO "e_tab" VALUES(60898009,'MnS',-1549.0633729872,0.0013635731);
INSERT INTO "e_tab" VALUES(60898009,'NiCl',-1968.4293439856,0.0016354435);
INSERT INTO "e_tab" VALUES(60898009,'TiCl',-1309.516591367,0.0012655903);
INSERT INTO "e_tab" VALUES(60898009,'VCl',-1404.0412571007,0.0016765994);
INSERT INTO "e_tab" VALUES(60898009,'VH',-944.3855231805,0.0006536374);
INSERT INTO "e_tab" VALUES(60898009,'VO',-1019.0724407757,0.0015958754);
INSERT INTO "e_tab" VALUES(60898009,'ZnCl',-2239.5297252275,0.0017503347);
INSERT INTO "e_tab" VALUES(60898009,'ZnH',-1779.8804340508,0.0010687799);
INSERT INTO "e_tab" VALUES(60898009,'ZnO',-1854.4474986931,0.0011409713);
INSERT INTO "e_tab" VALUES(60898009,'ZnS',-2177.4667668632,0.0015826452);
INSERT INTO "e_tab" VALUES(99494534,'Cr',-1044.33211,0.000993);
INSERT INTO "e_tab" VALUES(99494534,'S',-398.064958,0.000665);
INSERT INTO "e_tab" VALUES(99494534,'O',-75.050641,8.2e-05);
INSERT INTO "e_tab" VALUES(99494534,'Cu',-1640.425458,0.000988);
INSERT INTO "e_tab" VALUES(99494534,'H',-0.5,0.0);
INSERT INTO "e_tab" VALUES(99494534,'Cl',-460.1007344234,0.00075365);
INSERT INTO "e_tab" VALUES(99494534,'Co',-1382.6308648373,0.0010209454);
INSERT INTO "e_tab" VALUES(99494534,'Fe',-1263.5700291342,0.0008880172);
INSERT INTO "e_tab" VALUES(99494534,'Mn',-1150.8963745121,0.0012284838);
INSERT INTO "e_tab" VALUES(99494534,'Ni',-1508.1789585098,0.0011649308);
INSERT INTO "e_tab" VALUES(99494534,'Ti',-849.2638681493,0.0008252542);
INSERT INTO "e_tab" VALUES(99494534,'V',-943.7959868039,0.0012684952);
INSERT INTO "e_tab" VALUES(99494534,'Zn',-1779.3475382231,0.0010246669);
INSERT INTO "e_tab" VALUES(99494534,'CoCl',-1842.8585560814,0.0018399366);
INSERT INTO "e_tab" VALUES(99494534,'CoH',-1383.2082413862,0.0007231822);
INSERT INTO "e_tab" VALUES(99494534,'CrCl',-1504.5652933994,0.0012355324);
INSERT INTO "e_tab" VALUES(99494534,'CrH',-1044.904927809,0.0006632547);
INSERT INTO "e_tab" VALUES(99494534,'CrO',-1119.5311958029,0.0008076782);
INSERT INTO "e_tab" VALUES(99494534,'CuCl',-2100.6638548794,0.0013299559);
INSERT INTO "e_tab" VALUES(99494534,'CuH',-1641.0185996699,0.0010937384);
INSERT INTO "e_tab" VALUES(99494534,'FeCl',-1723.800628604,0.001047034);
INSERT INTO "e_tab" VALUES(99494534,'FeH',-1264.130869341,0.0006102198);
INSERT INTO "e_tab" VALUES(99494534,'MnCl',-1611.1291707455,0.0016249824);
INSERT INTO "e_tab" VALUES(99494534,'MnS',-1549.0649828415,0.0012364684);
INSERT INTO "e_tab" VALUES(99494534,'NiCl',-1968.4256157154,0.0012930312);
INSERT INTO "e_tab" VALUES(99494534,'TiCl',-1309.5209656183,0.0011543204);
INSERT INTO "e_tab" VALUES(99494534,'VCl',-1404.039869977,0.0011084902);
INSERT INTO "e_tab" VALUES(99494534,'VH',-944.3869400195,0.0004588414);
INSERT INTO "e_tab" VALUES(99494534,'VO',-1019.0785181614,0.0007714639);
INSERT INTO "e_tab" VALUES(99494534,'ZnCl',-2239.5269740621,0.0012571655);
INSERT INTO "e_tab" VALUES(99494534,'ZnH',-1779.8818692802,0.0010655237);
INSERT INTO "e_tab" VALUES(99494534,'ZnO',-1854.4523609863,0.0011552239);
INSERT INTO "e_tab" VALUES(99494534,'ZnS',-2177.4675271395,0.0023189056);
INSERT INTO "e_tab" VALUES(NULL,'H',-0.4999439301,NULL);
INSERT INTO "e_tab" VALUES(NULL,'Cl',-459.6418306593,NULL);
INSERT INTO "e_tab" VALUES(NULL,'Co',-1381.9443661003,NULL);
INSERT INTO "e_tab" VALUES(NULL,'CoCl',-1841.6869243927,NULL);
INSERT INTO "e_tab" VALUES(NULL,'CoH',-1382.5251874494,NULL);
INSERT INTO "e_tab" VALUES(NULL,'Cr',-1043.7367596251,NULL);
INSERT INTO "e_tab" VALUES(NULL,'CrCl',-1503.507176232,NULL);
INSERT INTO "e_tab" VALUES(NULL,'CrH',-1044.3260413377,NULL);
INSERT INTO "e_tab" VALUES(NULL,'Cu',-1639.6653456147,NULL);
INSERT INTO "e_tab" VALUES(NULL,'CuCl',-2099.4345857854,NULL);
INSERT INTO "e_tab" VALUES(NULL,'CuH',-1640.2601968095,NULL);
INSERT INTO "e_tab" VALUES(NULL,'Fe',-1262.9370098359,NULL);
INSERT INTO "e_tab" VALUES(NULL,'FeCl',-1722.6829982159,NULL);
INSERT INTO "e_tab" VALUES(NULL,'FeH',-1263.4758117162,NULL);
INSERT INTO "e_tab" VALUES(NULL,'Mn',-1150.2771038519,NULL);
INSERT INTO "e_tab" VALUES(NULL,'MnCl',-1610.0399288403,NULL);
INSERT INTO "e_tab" VALUES(NULL,'MnS',-1547.9776175046,NULL);
INSERT INTO "e_tab" VALUES(NULL,'Ni',-1507.4656345891,NULL);
INSERT INTO "e_tab" VALUES(NULL,'NiCl',-1967.2346382463,NULL);
INSERT INTO "e_tab" VALUES(NULL,'O',-74.9586668137,NULL);
INSERT INTO "e_tab" VALUES(NULL,'S',-397.6313817725,NULL);
INSERT INTO "e_tab" VALUES(NULL,'Ti',-848.7169527173,NULL);
INSERT INTO "e_tab" VALUES(NULL,'TiCl',-1308.5087905069,NULL);
INSERT INTO "e_tab" VALUES(NULL,'V',-943.2370188282,NULL);
INSERT INTO "e_tab" VALUES(NULL,'VCl',-1403.0150309515,NULL);
INSERT INTO "e_tab" VALUES(NULL,'VH',-943.8210705907,NULL);
INSERT INTO "e_tab" VALUES(NULL,'VO',-1018.4094393881,NULL);
INSERT INTO "e_tab" VALUES(NULL,'Zn',-1778.5503576985,NULL);
INSERT INTO "e_tab" VALUES(NULL,'ZnCl',-2238.2600878295,NULL);
INSERT INTO "e_tab" VALUES(NULL,'ZnH',-1779.0835549704,NULL);
INSERT INTO "e_tab" VALUES(NULL,'ZnO',-1853.5262897102,NULL);
INSERT INTO "e_tab" VALUES(NULL,'ZnS',-2176.2069323371,NULL);
INSERT INTO "e_tab" VALUES(79141737,'H',-0.4999439301,NULL);
INSERT INTO "e_tab" VALUES(79141737,'Cl',-459.6418306593,NULL);
INSERT INTO "e_tab" VALUES(79141737,'Co',-1381.9443661003,NULL);
INSERT INTO "e_tab" VALUES(79141737,'CoCl',-1841.6869243927,NULL);
INSERT INTO "e_tab" VALUES(79141737,'CoH',-1382.5251874494,NULL);
INSERT INTO "e_tab" VALUES(79141737,'Cr',-1043.7367596251,NULL);
INSERT INTO "e_tab" VALUES(79141737,'CrCl',-1503.507176232,NULL);
INSERT INTO "e_tab" VALUES(79141737,'CrH',-1044.3260413377,NULL);
INSERT INTO "e_tab" VALUES(79141737,'Cu',-1639.6653456147,NULL);
INSERT INTO "e_tab" VALUES(79141737,'CuCl',-2099.4345857854,NULL);
INSERT INTO "e_tab" VALUES(79141737,'CuH',-1640.2601968095,NULL);
INSERT INTO "e_tab" VALUES(79141737,'Fe',-1262.9370098359,NULL);
INSERT INTO "e_tab" VALUES(79141737,'FeCl',-1722.6829982159,NULL);
INSERT INTO "e_tab" VALUES(79141737,'FeH',-1263.4758117162,NULL);
INSERT INTO "e_tab" VALUES(79141737,'Mn',-1150.2771038519,NULL);
INSERT INTO "e_tab" VALUES(79141737,'MnCl',-1610.0399288403,NULL);
INSERT INTO "e_tab" VALUES(79141737,'MnS',-1547.9776175046,NULL);
INSERT INTO "e_tab" VALUES(79141737,'Ni',-1507.4656345891,NULL);
INSERT INTO "e_tab" VALUES(79141737,'NiCl',-1967.2346382463,NULL);
INSERT INTO "e_tab" VALUES(79141737,'O',-74.9586668137,NULL);
INSERT INTO "e_tab" VALUES(79141737,'S',-397.6313817725,NULL);
INSERT INTO "e_tab" VALUES(79141737,'Ti',-848.7169527173,NULL);
INSERT INTO "e_tab" VALUES(79141737,'TiCl',-1308.5087905069,NULL);
INSERT INTO "e_tab" VALUES(79141737,'V',-943.2370188282,NULL);
INSERT INTO "e_tab" VALUES(79141737,'VCl',-1403.0150309515,NULL);
INSERT INTO "e_tab" VALUES(79141737,'VH',-943.8210705907,NULL);
INSERT INTO "e_tab" VALUES(79141737,'VO',-1018.4094393881,NULL);
INSERT INTO "e_tab" VALUES(79141737,'Zn',-1778.5503576985,NULL);
INSERT INTO "e_tab" VALUES(79141737,'ZnCl',-2238.2600878295,NULL);
INSERT INTO "e_tab" VALUES(79141737,'ZnH',-1779.0835549704,NULL);
INSERT INTO "e_tab" VALUES(79141737,'ZnO',-1853.5262897102,NULL);
INSERT INTO "e_tab" VALUES(79141737,'ZnS',-2176.2069323371,NULL);
INSERT INTO "e_tab" VALUES(NULL,'CrCl',22.0,NULL);
INSERT INTO "e_tab" VALUES(NULL,'Cr',10.0,NULL);
INSERT INTO "e_tab" VALUES(NULL,'Cl',4.0,NULL);
DELETE FROM sqlite_sequence;
INSERT INTO "sqlite_sequence" VALUES('basis_tab',1);
INSERT INTO "sqlite_sequence" VALUES('method_tab',7);
INSERT INTO "sqlite_sequence" VALUES('geo_tab',1);
INSERT INTO "sqlite_sequence" VALUES('run_tab',36);
INSERT INTO "sqlite_sequence" VALUES('coord_tab',53);
CREATE VIEW run_tab_expended as
            SELECT  run_tab.run_id run_id,
                   method_tab.name method,
                    basis_tab.name basis,
                      geo_tab.name geo,
                  run_tab.comments comments
            FROM run_tab
            LEFT JOIN method_tab
                 ON run_tab.method_id = method_tab.method_id
            LEFT JOIN basis_tab
                 ON run_tab.basis_id = basis_tab.basis_id
            LEFT JOIN geo_tab
                 ON run_tab.geo_id = geo_tab.geo_id;
CREATE VIEW run_tab_ele AS 
    SELECT run_id, ele_name 
    FROM e_tab 
  UNION 
    SELECT run_id, ele_name 
    FROM ae_tab;
COMMIT;
