PRAGMA foreign_keys=OFF;
BEGIN TRANSACTION;
CREATE TABLE units_tab(
    property  CHARACTER(32),
       units  CHARACTER(32),
  to_hartree  DOUBLE PRECISION
);
INSERT INTO "units_tab" VALUES('energy','Hartree',1.0);
INSERT INTO "units_tab" VALUES('so','kcal/mol',0.00159362);
INSERT INTO "units_tab" VALUES('atomization','kcal/mol',0.00159362);
CREATE TABLE ele_tab(
             id INTEGER UNIQUE,
           name CHARACTER(32) PRIMARY KEY,
         charge INTEGER,
   multiplicity INTEGER,
      num_atoms INTEGER,
       num_elec INTEGER,
       symmetry CHARACTER(16)
);
INSERT INTO "ele_tab" VALUES(1,'TiCl',0,4,2,39,'psi');
INSERT INTO "ele_tab" VALUES(2,'VH',0,5,2,24,'delta');
INSERT INTO "ele_tab" VALUES(3,'VO',0,4,2,31,'A2');
INSERT INTO "ele_tab" VALUES(4,'VCl',0,5,2,40,'delta');
INSERT INTO "ele_tab" VALUES(5,'CrH',0,6,2,25,'A1');
INSERT INTO "ele_tab" VALUES(6,'CrO',0,5,2,32,'pi');
INSERT INTO "ele_tab" VALUES(7,'CrCl',0,6,2,41,'A1');
INSERT INTO "ele_tab" VALUES(8,'MnS',0,6,2,41,'A1');
INSERT INTO "ele_tab" VALUES(9,'MnCl',0,7,2,42,'A1');
INSERT INTO "ele_tab" VALUES(10,'FeH',0,4,2,27,'delta');
INSERT INTO "ele_tab" VALUES(11,'FeCl',0,6,2,43,'delta');
INSERT INTO "ele_tab" VALUES(12,'CoH',0,3,2,28,'psi');
INSERT INTO "ele_tab" VALUES(13,'CoCl',0,3,2,44,'psi');
INSERT INTO "ele_tab" VALUES(14,'NiCl',0,2,2,45,'pi');
INSERT INTO "ele_tab" VALUES(15,'CuH',0,1,2,30,'A1');
INSERT INTO "ele_tab" VALUES(16,'CuCl',0,1,2,46,'sigma');
INSERT INTO "ele_tab" VALUES(17,'ZnH',0,2,2,31,'A1');
INSERT INTO "ele_tab" VALUES(18,'ZnO',0,1,2,38,'sigma');
INSERT INTO "ele_tab" VALUES(19,'ZnS',0,1,2,46,'sigma');
INSERT INTO "ele_tab" VALUES(20,'ZnCl',0,2,2,47,'sigma');
INSERT INTO "ele_tab" VALUES(21,'Ti',0,3,1,22,'F');
INSERT INTO "ele_tab" VALUES(22,'V',0,4,1,23,'F');
INSERT INTO "ele_tab" VALUES(23,'Cr',0,7,1,24,'S');
INSERT INTO "ele_tab" VALUES(24,'Mn',0,6,1,25,'S');
INSERT INTO "ele_tab" VALUES(25,'Fe',0,5,1,26,'D');
INSERT INTO "ele_tab" VALUES(26,'Co',0,4,1,27,'F');
INSERT INTO "ele_tab" VALUES(27,'Ni',0,3,1,28,'F');
INSERT INTO "ele_tab" VALUES(28,'Cu',0,2,1,29,'S');
INSERT INTO "ele_tab" VALUES(29,'Zn',0,1,1,30,'S');
INSERT INTO "ele_tab" VALUES(30,'H',0,2,1,1,'S');
INSERT INTO "ele_tab" VALUES(31,'O',0,3,1,8,'P');
INSERT INTO "ele_tab" VALUES(32,'S',0,3,1,16,'P');
INSERT INTO "ele_tab" VALUES(33,'Cl',0,2,1,17,'P');
CREATE TABLE basis_tab(
    basis_id INTEGER PRIMARY KEY AUTOINCREMENT,
        name CHARACTER(32),
    comments STRING
);
INSERT INTO "basis_tab" VALUES(1,'ma(L)-TZVP',NULL);
INSERT INTO "basis_tab" VALUES(2,'cc-pVDZ',NULL);
INSERT INTO "basis_tab" VALUES(3,'ANO_DZ',NULL);
INSERT INTO "basis_tab" VALUES(4,'ANO_TZ',NULL);
INSERT INTO "basis_tab" VALUES(5,'Inf',NULL);
INSERT INTO "basis_tab" VALUES(6,'Bunge',NULL);
INSERT INTO "basis_tab" VALUES(7,'Applencourt',NULL);
CREATE TABLE method_tab(
                     method_id INTEGER PRIMARY KEY AUTOINCREMENT,
                          name CHARACTER(32),
                      comments STRING);
INSERT INTO "method_tab" VALUES(1,'ROHF',NULL);
INSERT INTO "method_tab" VALUES(2,'MP2',NULL);
INSERT INTO "method_tab" VALUES(3,'CCSD',NULL);
INSERT INTO "method_tab" VALUES(4,'CCSD(T)',NULL);
INSERT INTO "method_tab" VALUES(5,'CCSDT',NULL);
INSERT INTO "method_tab" VALUES(6,'CCSDT(2)Q',NULL);
INSERT INTO "method_tab" VALUES(7,'B97-1',NULL);
INSERT INTO "method_tab" VALUES(8,'CIPSI',NULL);
INSERT INTO "method_tab" VALUES(9,'DMC',NULL);
INSERT INTO "method_tab" VALUES(10,'CASSD',NULL);
INSERT INTO "method_tab" VALUES(11,'MRCCSD',NULL);
INSERT INTO "method_tab" VALUES(12,'MRSC2',NULL);
CREATE TABLE geo_tab(
            geo_id INTEGER PRIMARY KEY AUTOINCREMENT,
         method_id INTEGER,
          basis_id INTEGER,
            name CHARACTER(32),
            comments STRING,
          FOREIGN KEY(method_id) REFERENCES method_tab(method_id),
          FOREIGN KEY(basis_id) REFERENCES basis_tab(basis_id)
            );
INSERT INTO "geo_tab" VALUES(1,NULL,NULL,'Experiment',NULL);
CREATE TABLE run_tab(
         run_id INTEGER PRIMARY KEY AUTOINCREMENT,
         geo_id INTEGER,
      method_id INTEGER,
       basis_id INTEGER,
       comments STRING,
          FOREIGN KEY(geo_id) REFERENCES geo_tab(geo_id),
          FOREIGN KEY(method_id) REFERENCES method_tab(method_id),
          FOREIGN KEY(basis_id) REFERENCES basis_tab(basis_id),
         UNIQUE(geo_id,method_id,basis_id,comments));
INSERT INTO "run_tab" VALUES(1,1,NULL,NULL,'Experiment');
INSERT INTO "run_tab" VALUES(2,1,1,1,'Truhlar');
INSERT INTO "run_tab" VALUES(3,1,2,1,'Truhlar');
INSERT INTO "run_tab" VALUES(4,1,3,1,'Truhlar');
INSERT INTO "run_tab" VALUES(5,1,4,1,'Truhlar');
INSERT INTO "run_tab" VALUES(6,1,5,1,'Truhlar');
INSERT INTO "run_tab" VALUES(7,1,6,1,'Truhlar');
INSERT INTO "run_tab" VALUES(8,1,7,1,'Truhlar');
INSERT INTO "run_tab" VALUES(14,1,1,3,'');
INSERT INTO "run_tab" VALUES(15,1,8,3,'1M dets');
INSERT INTO "run_tab" VALUES(16,1,10,3,'100k dets');
INSERT INTO "run_tab" VALUES(17,1,10,3,'100k dets (+PT2)');
INSERT INTO "run_tab" VALUES(20,1,8,3,'100k dets');
INSERT INTO "run_tab" VALUES(21,1,8,3,'100k dets (+PT2)');
INSERT INTO "run_tab" VALUES(22,1,11,3,'100k');
INSERT INTO "run_tab" VALUES(23,1,11,3,'100k (+PT2)');
INSERT INTO "run_tab" VALUES(24,1,1,3,'Pseudo DF');
INSERT INTO "run_tab" VALUES(25,1,9,3,'1det Natorb');
INSERT INTO "run_tab" VALUES(26,1,9,3,'1det HF');
INSERT INTO "run_tab" VALUES(27,1,9,3,'1Mdets 1e-6');
INSERT INTO "run_tab" VALUES(28,1,1,5,'Literature');
INSERT INTO "run_tab" VALUES(29,1,1,6,'Literature');
INSERT INTO "run_tab" VALUES(30,1,1,7,'Slater spdfg');
INSERT INTO "run_tab" VALUES(31,1,8,7,'All-electron 1M dets');
INSERT INTO "run_tab" VALUES(32,1,9,7,'1M dets 99.5% norm');
INSERT INTO "run_tab" VALUES(33,1,11,3,'100k 1st iter');
INSERT INTO "run_tab" VALUES(34,1,9,3,'1Mdets 1e-2');
INSERT INTO "run_tab" VALUES(35,1,9,3,'1Mdets 1e-3');
INSERT INTO "run_tab" VALUES(36,1,9,3,'MRCC Proj CAS');
CREATE TABLE coord_tab(
                    coord_id INTEGER PRIMARY KEY AUTOINCREMENT,
                     geo_id INTEGER,
                      mol_id INTEGER,
                        atom CHARACTER(2),
                           x DOUBLE PRECISION,
                           y DOUBLE PRECISION,
                           z DOUBLE PRECISION,
                    FOREIGN KEY(geo_id) REFERENCES geo_tab(geo_id),
                    FOREIGN KEY(atom) REFERENCES ele_tab(name),
                    UNIQUE(x,y,z,mol_id,geo_id)
                );
INSERT INTO "coord_tab" VALUES(1,1,1,'Ti',0.0,0.0,0.0);
INSERT INTO "coord_tab" VALUES(2,1,1,'Cl',0.0,0.0,2.265);
INSERT INTO "coord_tab" VALUES(3,1,2,'V',0.0,0.0,0.0);
INSERT INTO "coord_tab" VALUES(4,1,2,'H',0.0,0.0,1.73);
INSERT INTO "coord_tab" VALUES(5,1,3,'V',0.0,0.0,0.0);
INSERT INTO "coord_tab" VALUES(6,1,3,'O',0.0,0.0,1.589);
INSERT INTO "coord_tab" VALUES(7,1,4,'V',0.0,0.0,0.0);
INSERT INTO "coord_tab" VALUES(8,1,4,'Cl',0.0,0.0,2.215);
INSERT INTO "coord_tab" VALUES(9,1,5,'Cr',0.0,0.0,0.0);
INSERT INTO "coord_tab" VALUES(10,1,5,'H',0.0,0.0,1.656);
INSERT INTO "coord_tab" VALUES(11,1,6,'Cr',0.0,0.0,0.0);
INSERT INTO "coord_tab" VALUES(12,1,6,'O',0.0,0.0,1.621);
INSERT INTO "coord_tab" VALUES(13,1,7,'Cr',0.0,0.0,0.0);
INSERT INTO "coord_tab" VALUES(14,1,7,'Cl',0.0,0.0,2.194);
INSERT INTO "coord_tab" VALUES(15,1,8,'Mn',0.0,0.0,0.0);
INSERT INTO "coord_tab" VALUES(16,1,8,'S',0.0,0.0,2.07);
INSERT INTO "coord_tab" VALUES(17,1,9,'Mn',0.0,0.0,0.0);
INSERT INTO "coord_tab" VALUES(18,1,9,'Cl',0.0,0.0,2.243);
INSERT INTO "coord_tab" VALUES(19,1,10,'Fe',0.0,0.0,0.0);
INSERT INTO "coord_tab" VALUES(20,1,10,'H',0.0,0.0,1.63);
INSERT INTO "coord_tab" VALUES(21,1,11,'Fe',0.0,0.0,0.0);
INSERT INTO "coord_tab" VALUES(22,1,11,'Cl',0.0,0.0,2.179);
INSERT INTO "coord_tab" VALUES(23,1,12,'Co',0.0,0.0,0.0);
INSERT INTO "coord_tab" VALUES(24,1,12,'H',0.0,0.0,1.53);
INSERT INTO "coord_tab" VALUES(25,1,13,'Co',0.0,0.0,0.0);
INSERT INTO "coord_tab" VALUES(26,1,13,'Cl',0.0,0.0,2.087);
INSERT INTO "coord_tab" VALUES(27,1,14,'Ni',0.0,0.0,0.0);
INSERT INTO "coord_tab" VALUES(28,1,14,'Cl',0.0,0.0,2.073);
INSERT INTO "coord_tab" VALUES(29,1,15,'Cu',0.0,0.0,0.0);
INSERT INTO "coord_tab" VALUES(30,1,15,'H',0.0,0.0,1.463);
INSERT INTO "coord_tab" VALUES(31,1,16,'Cu',0.0,0.0,0.0);
INSERT INTO "coord_tab" VALUES(32,1,16,'Cl',0.0,0.0,2.05);
INSERT INTO "coord_tab" VALUES(33,1,17,'Zn',0.0,0.0,0.0);
INSERT INTO "coord_tab" VALUES(34,1,17,'H',0.0,0.0,1.59);
INSERT INTO "coord_tab" VALUES(35,1,18,'Zn',0.0,0.0,0.0);
INSERT INTO "coord_tab" VALUES(36,1,18,'O',0.0,0.0,1.8);
INSERT INTO "coord_tab" VALUES(37,1,19,'Zn',0.0,0.0,0.0);
INSERT INTO "coord_tab" VALUES(38,1,19,'S',0.0,0.0,2.1);
INSERT INTO "coord_tab" VALUES(39,1,20,'Zn',0.0,0.0,0.0);
INSERT INTO "coord_tab" VALUES(40,1,20,'Cl',0.0,0.0,2.1);
INSERT INTO "coord_tab" VALUES(41,1,21,'Ti',0.0,0.0,0.0);
INSERT INTO "coord_tab" VALUES(42,1,22,'V',0.0,0.0,0.0);
INSERT INTO "coord_tab" VALUES(43,1,23,'Cr',0.0,0.0,0.0);
INSERT INTO "coord_tab" VALUES(44,1,24,'Mn',0.0,0.0,0.0);
INSERT INTO "coord_tab" VALUES(45,1,25,'Fe',0.0,0.0,0.0);
INSERT INTO "coord_tab" VALUES(46,1,26,'Co',0.0,0.0,0.0);
INSERT INTO "coord_tab" VALUES(47,1,27,'Ni',0.0,0.0,0.0);
INSERT INTO "coord_tab" VALUES(48,1,28,'Cu',0.0,0.0,0.0);
INSERT INTO "coord_tab" VALUES(49,1,29,'Zn',0.0,0.0,0.0);
INSERT INTO "coord_tab" VALUES(50,1,30,'H',0.0,0.0,0.0);
INSERT INTO "coord_tab" VALUES(51,1,31,'O',0.0,0.0,0.0);
INSERT INTO "coord_tab" VALUES(52,1,32,'S',0.0,0.0,0.0);
INSERT INTO "coord_tab" VALUES(53,1,33,'Cl',0.0,0.0,0.0);
CREATE TABLE so_tab(
                run_id INTEGER,
                mol_name INTEGER,
               energy DOUBLE PRECISION,
                  err DOUBLE PRECISION,
               FOREIGN KEY(mol_name) REFERENCES ele_tab(name),
               FOREIGN KEY(run_id) REFERENCES run_tab(run_id),
               PRIMARY KEY(run_id,mol_name)
);
INSERT INTO "so_tab" VALUES(1,'TiCl',-0.5,NULL);
INSERT INTO "so_tab" VALUES(1,'VH',-0.5,NULL);
INSERT INTO "so_tab" VALUES(1,'VO',0.0,NULL);
INSERT INTO "so_tab" VALUES(1,'VCl',-0.4,NULL);
INSERT INTO "so_tab" VALUES(1,'CrH',0.0,NULL);
INSERT INTO "so_tab" VALUES(1,'CrO',-0.4,NULL);
INSERT INTO "so_tab" VALUES(1,'CrCl',0.0,NULL);
INSERT INTO "so_tab" VALUES(1,'MnS',0.0,NULL);
INSERT INTO "so_tab" VALUES(1,'MnCl',0.0,NULL);
INSERT INTO "so_tab" VALUES(1,'FeH',-1.1,NULL);
INSERT INTO "so_tab" VALUES(1,'FeCl',-1.1,NULL);
INSERT INTO "so_tab" VALUES(1,'CoH',-2.1,NULL);
INSERT INTO "so_tab" VALUES(1,'CoCl',-2.1,NULL);
INSERT INTO "so_tab" VALUES(1,'NiCl',-1.5,NULL);
INSERT INTO "so_tab" VALUES(1,'CuH',0.0,NULL);
INSERT INTO "so_tab" VALUES(1,'CuCl',0.0,NULL);
INSERT INTO "so_tab" VALUES(1,'ZnH',0.0,NULL);
INSERT INTO "so_tab" VALUES(1,'ZnO',0.0,NULL);
INSERT INTO "so_tab" VALUES(1,'ZnS',0.0,NULL);
INSERT INTO "so_tab" VALUES(1,'ZnCl',0.0,NULL);
INSERT INTO "so_tab" VALUES(1,'Ti',-0.6,NULL);
INSERT INTO "so_tab" VALUES(1,'V',-0.9,NULL);
INSERT INTO "so_tab" VALUES(1,'Cr',0.0,NULL);
INSERT INTO "so_tab" VALUES(1,'Mn',0.0,NULL);
INSERT INTO "so_tab" VALUES(1,'Fe',-1.2,NULL);
INSERT INTO "so_tab" VALUES(1,'Co',-2.3,NULL);
INSERT INTO "so_tab" VALUES(1,'Ni',-2.8,NULL);
INSERT INTO "so_tab" VALUES(1,'Cu',0.0,NULL);
INSERT INTO "so_tab" VALUES(1,'Zn',0.0,NULL);
INSERT INTO "so_tab" VALUES(1,'H',0.0,NULL);
INSERT INTO "so_tab" VALUES(1,'O',-0.2,NULL);
INSERT INTO "so_tab" VALUES(1,'S',-0.6,NULL);
INSERT INTO "so_tab" VALUES(1,'Cl',-0.8,NULL);
CREATE TABLE ae_tab(
                run_id INTEGER,
                ele_name INTEGER,
               energy DOUBLE PRECISION,
                  err DOUBLE PRECISION,
               FOREIGN KEY(ele_name) REFERENCES ele_tab(name),
               FOREIGN KEY(run_id) REFERENCES run_tab(run_id),
               PRIMARY KEY(run_id,ele_name)
);
INSERT INTO "ae_tab" VALUES(1,'TiCl',101.7,2.0);
INSERT INTO "ae_tab" VALUES(1,'VH',51.8,1.6);
INSERT INTO "ae_tab" VALUES(1,'VO',152.1,2.0);
INSERT INTO "ae_tab" VALUES(1,'VCl',103.2,2.0);
INSERT INTO "ae_tab" VALUES(1,'CrH',46.8,1.6);
INSERT INTO "ae_tab" VALUES(1,'CrO',104.5,1.2);
INSERT INTO "ae_tab" VALUES(1,'CrCl',90.9,1.6);
INSERT INTO "ae_tab" VALUES(1,'MnS',71.1,2.0);
INSERT INTO "ae_tab" VALUES(1,'MnCl',81.5,1.6);
INSERT INTO "ae_tab" VALUES(1,'FeH',37.0,0.8);
INSERT INTO "ae_tab" VALUES(1,'FeCl',79.4,1.6);
INSERT INTO "ae_tab" VALUES(1,'CoH',45.7,1.2);
INSERT INTO "ae_tab" VALUES(1,'CoCl',81.5,1.6);
INSERT INTO "ae_tab" VALUES(1,'NiCl',90.1,1.0);
INSERT INTO "ae_tab" VALUES(1,'CuH',62.6,1.4);
INSERT INTO "ae_tab" VALUES(1,'CuCl',88.5,0.4);
INSERT INTO "ae_tab" VALUES(1,'ZnH',21.6,0.5);
INSERT INTO "ae_tab" VALUES(1,'ZnO',38.1,0.9);
INSERT INTO "ae_tab" VALUES(1,'ZnS',34.9,1.0);
INSERT INTO "ae_tab" VALUES(1,'ZnCl',54.3,1.0);
INSERT INTO "ae_tab" VALUES(2,'MnCl',76.0,NULL);
INSERT INTO "ae_tab" VALUES(2,'ZnCl',47.5,NULL);
INSERT INTO "ae_tab" VALUES(2,'FeCl',74.6,NULL);
INSERT INTO "ae_tab" VALUES(2,'CrCl',57.8,NULL);
INSERT INTO "ae_tab" VALUES(2,'ZnS',-1.4,NULL);
INSERT INTO "ae_tab" VALUES(2,'ZnH',17.8,NULL);
INSERT INTO "ae_tab" VALUES(2,'CuCl',61.5,NULL);
INSERT INTO "ae_tab" VALUES(2,'ZnO',-41.2,NULL);
INSERT INTO "ae_tab" VALUES(2,'NiCl',32.0,NULL);
INSERT INTO "ae_tab" VALUES(2,'TiCl',85.7,NULL);
INSERT INTO "ae_tab" VALUES(2,'CuH',30.2,NULL);
INSERT INTO "ae_tab" VALUES(2,'VO',34.2,NULL);
INSERT INTO "ae_tab" VALUES(2,'VCl',83.5,NULL);
INSERT INTO "ae_tab" VALUES(2,'MnS',10.3,NULL);
INSERT INTO "ae_tab" VALUES(2,'CrO',-22.6,NULL);
INSERT INTO "ae_tab" VALUES(2,'CoH',-9.3,NULL);
INSERT INTO "ae_tab" VALUES(2,'CoCl',24.3,NULL);
INSERT INTO "ae_tab" VALUES(2,'VH',40.6,NULL);
INSERT INTO "ae_tab" VALUES(2,'FeH',-15.4,NULL);
INSERT INTO "ae_tab" VALUES(2,'CrH',18.9,NULL);
INSERT INTO "ae_tab" VALUES(3,'MnCl',87.3,NULL);
INSERT INTO "ae_tab" VALUES(3,'ZnCl',56.6,NULL);
INSERT INTO "ae_tab" VALUES(3,'FeCl',86.5,NULL);
INSERT INTO "ae_tab" VALUES(3,'CrCl',85.9,NULL);
INSERT INTO "ae_tab" VALUES(3,'ZnS',36.3,NULL);
INSERT INTO "ae_tab" VALUES(3,'ZnH',20.2,NULL);
INSERT INTO "ae_tab" VALUES(3,'CuCl',89.1,NULL);
INSERT INTO "ae_tab" VALUES(3,'ZnO',42.8,NULL);
INSERT INTO "ae_tab" VALUES(3,'NiCl',105.3,NULL);
INSERT INTO "ae_tab" VALUES(3,'TiCl',99.3,NULL);
INSERT INTO "ae_tab" VALUES(3,'CuH',56.4,NULL);
INSERT INTO "ae_tab" VALUES(3,'VO',154.3,NULL);
INSERT INTO "ae_tab" VALUES(3,'VCl',98.3,NULL);
INSERT INTO "ae_tab" VALUES(3,'MnS',57.0,NULL);
INSERT INTO "ae_tab" VALUES(3,'CrO',97.6,NULL);
INSERT INTO "ae_tab" VALUES(3,'CoH',51.5,NULL);
INSERT INTO "ae_tab" VALUES(3,'CoCl',88.7,NULL);
INSERT INTO "ae_tab" VALUES(3,'VH',46.9,NULL);
INSERT INTO "ae_tab" VALUES(3,'FeH',34.6,NULL);
INSERT INTO "ae_tab" VALUES(3,'CrH',29.3,NULL);
INSERT INTO "ae_tab" VALUES(4,'MnCl',78.2,NULL);
INSERT INTO "ae_tab" VALUES(4,'ZnCl',48.5,NULL);
INSERT INTO "ae_tab" VALUES(4,'FeCl',77.8,NULL);
INSERT INTO "ae_tab" VALUES(4,'CrCl',83.1,NULL);
INSERT INTO "ae_tab" VALUES(4,'ZnS',24.7,NULL);
INSERT INTO "ae_tab" VALUES(4,'ZnH',21.3,NULL);
INSERT INTO "ae_tab" VALUES(4,'CuCl',81.9,NULL);
INSERT INTO "ae_tab" VALUES(4,'ZnO',21.2,NULL);
INSERT INTO "ae_tab" VALUES(4,'NiCl',78.7,NULL);
INSERT INTO "ae_tab" VALUES(4,'TiCl',91.7,NULL);
INSERT INTO "ae_tab" VALUES(4,'CuH',56.5,NULL);
INSERT INTO "ae_tab" VALUES(4,'VO',122.9,NULL);
INSERT INTO "ae_tab" VALUES(4,'VCl',91.6,NULL);
INSERT INTO "ae_tab" VALUES(4,'MnS',51.6,NULL);
INSERT INTO "ae_tab" VALUES(4,'CrO',78.5,NULL);
INSERT INTO "ae_tab" VALUES(4,'CoH',39.6,NULL);
INSERT INTO "ae_tab" VALUES(4,'CoCl',68.3,NULL);
INSERT INTO "ae_tab" VALUES(4,'VH',51.0,NULL);
INSERT INTO "ae_tab" VALUES(4,'FeH',32.6,NULL);
INSERT INTO "ae_tab" VALUES(4,'CrH',45.3,NULL);
INSERT INTO "ae_tab" VALUES(5,'MnCl',79.5,NULL);
INSERT INTO "ae_tab" VALUES(5,'ZnCl',49.6,NULL);
INSERT INTO "ae_tab" VALUES(5,'FeCl',79.3,NULL);
INSERT INTO "ae_tab" VALUES(5,'CrCl',85.7,NULL);
INSERT INTO "ae_tab" VALUES(5,'ZnS',30.3,NULL);
INSERT INTO "ae_tab" VALUES(5,'ZnH',21.0,NULL);
INSERT INTO "ae_tab" VALUES(5,'CuCl',84.0,NULL);
INSERT INTO "ae_tab" VALUES(5,'ZnO',31.0,NULL);
INSERT INTO "ae_tab" VALUES(5,'NiCl',83.8,NULL);
INSERT INTO "ae_tab" VALUES(5,'TiCl',93.8,NULL);
INSERT INTO "ae_tab" VALUES(5,'CuH',58.3,NULL);
INSERT INTO "ae_tab" VALUES(5,'VO',141.3,NULL);
INSERT INTO "ae_tab" VALUES(5,'VCl',93.6,NULL);
INSERT INTO "ae_tab" VALUES(5,'MnS',58.2,NULL);
INSERT INTO "ae_tab" VALUES(5,'CrO',96.1,NULL);
INSERT INTO "ae_tab" VALUES(5,'CoH',44.0,NULL);
INSERT INTO "ae_tab" VALUES(5,'CoCl',73.2,NULL);
INSERT INTO "ae_tab" VALUES(5,'VH',51.3,NULL);
INSERT INTO "ae_tab" VALUES(5,'FeH',35.4,NULL);
INSERT INTO "ae_tab" VALUES(5,'CrH',46.2,NULL);
INSERT INTO "ae_tab" VALUES(6,'MnCl',79.3,NULL);
INSERT INTO "ae_tab" VALUES(6,'ZnCl',49.6,NULL);
INSERT INTO "ae_tab" VALUES(6,'FeCl',79.2,NULL);
INSERT INTO "ae_tab" VALUES(6,'CrCl',85.7,NULL);
INSERT INTO "ae_tab" VALUES(6,'ZnS',30.1,NULL);
INSERT INTO "ae_tab" VALUES(6,'ZnH',21.2,NULL);
INSERT INTO "ae_tab" VALUES(6,'CuCl',84.0,NULL);
INSERT INTO "ae_tab" VALUES(6,'ZnO',31.1,NULL);
INSERT INTO "ae_tab" VALUES(6,'NiCl',84.0,NULL);
INSERT INTO "ae_tab" VALUES(6,'TiCl',94.3,NULL);
INSERT INTO "ae_tab" VALUES(6,'CuH',58.4,NULL);
INSERT INTO "ae_tab" VALUES(6,'VO',140.2,NULL);
INSERT INTO "ae_tab" VALUES(6,'VCl',93.4,NULL);
INSERT INTO "ae_tab" VALUES(6,'MnS',58.6,NULL);
INSERT INTO "ae_tab" VALUES(6,'CrO',96.1,NULL);
INSERT INTO "ae_tab" VALUES(6,'CoH',45.5,NULL);
INSERT INTO "ae_tab" VALUES(6,'CoCl',74.3,NULL);
INSERT INTO "ae_tab" VALUES(6,'VH',51.4,NULL);
INSERT INTO "ae_tab" VALUES(6,'FeH',36.5,NULL);
INSERT INTO "ae_tab" VALUES(6,'CrH',46.9,NULL);
INSERT INTO "ae_tab" VALUES(7,'MnCl',79.4,NULL);
INSERT INTO "ae_tab" VALUES(7,'ZnCl',49.7,NULL);
INSERT INTO "ae_tab" VALUES(7,'FeCl',79.3,NULL);
INSERT INTO "ae_tab" VALUES(7,'CrCl',85.8,NULL);
INSERT INTO "ae_tab" VALUES(7,'ZnS',30.6,NULL);
INSERT INTO "ae_tab" VALUES(7,'ZnH',21.2,NULL);
INSERT INTO "ae_tab" VALUES(7,'CuCl',84.1,NULL);
INSERT INTO "ae_tab" VALUES(7,'ZnO',32.2,NULL);
INSERT INTO "ae_tab" VALUES(7,'NiCl',84.2,NULL);
INSERT INTO "ae_tab" VALUES(7,'TiCl',94.5,NULL);
INSERT INTO "ae_tab" VALUES(7,'CuH',58.5,NULL);
INSERT INTO "ae_tab" VALUES(7,'VO',141.2,NULL);
INSERT INTO "ae_tab" VALUES(7,'VCl',93.4,NULL);
INSERT INTO "ae_tab" VALUES(7,'MnS',58.7,NULL);
INSERT INTO "ae_tab" VALUES(7,'CrO',96.7,NULL);
INSERT INTO "ae_tab" VALUES(7,'CoH',46.0,NULL);
INSERT INTO "ae_tab" VALUES(7,'CoCl',74.6,NULL);
INSERT INTO "ae_tab" VALUES(7,'VH',51.4,NULL);
INSERT INTO "ae_tab" VALUES(7,'FeH',36.6,NULL);
INSERT INTO "ae_tab" VALUES(7,'CrH',47.0,NULL);
INSERT INTO "ae_tab" VALUES(8,'MnCl',75.3,NULL);
INSERT INTO "ae_tab" VALUES(8,'ZnCl',48.6,NULL);
INSERT INTO "ae_tab" VALUES(8,'FeCl',77.8,NULL);
INSERT INTO "ae_tab" VALUES(8,'CrCl',92.1,NULL);
INSERT INTO "ae_tab" VALUES(8,'ZnS',34.5,NULL);
INSERT INTO "ae_tab" VALUES(8,'ZnH',19.4,NULL);
INSERT INTO "ae_tab" VALUES(8,'CuCl',86.7,NULL);
INSERT INTO "ae_tab" VALUES(8,'ZnO',29.9,NULL);
INSERT INTO "ae_tab" VALUES(8,'NiCl',89.7,NULL);
INSERT INTO "ae_tab" VALUES(8,'TiCl',101.4,NULL);
INSERT INTO "ae_tab" VALUES(8,'CuH',61.6,NULL);
INSERT INTO "ae_tab" VALUES(8,'VO',147.5,NULL);
INSERT INTO "ae_tab" VALUES(8,'VCl',100.2,NULL);
INSERT INTO "ae_tab" VALUES(8,'MnS',71.2,NULL);
INSERT INTO "ae_tab" VALUES(8,'CrO',102.5,NULL);
INSERT INTO "ae_tab" VALUES(8,'CoH',63.9,NULL);
INSERT INTO "ae_tab" VALUES(8,'CoCl',93.7,NULL);
INSERT INTO "ae_tab" VALUES(8,'VH',59.1,NULL);
INSERT INTO "ae_tab" VALUES(8,'FeH',51.7,NULL);
INSERT INTO "ae_tab" VALUES(8,'CrH',53.9,NULL);
CREATE TABLE e_tab(
               run_id INTEGER,
             ele_name INTEGER,
               energy DOUBLE PRECISION,
                  err DOUBLE PRECISION,
               FOREIGN KEY(ele_name) REFERENCES ele_tab(name),
               FOREIGN KEY(run_id) REFERENCES run_tab(run_id),
               PRIMARY KEY(run_id,ele_name)
);
INSERT INTO "e_tab" VALUES(14,'Cl',-459.481132,NULL);
INSERT INTO "e_tab" VALUES(14,'Co',-1381.401514,NULL);
INSERT INTO "e_tab" VALUES(14,'Cr',-1043.35596,NULL);
INSERT INTO "e_tab" VALUES(14,'Cu',-1638.962818,NULL);
INSERT INTO "e_tab" VALUES(14,'Fe',-1262.44743,NULL);
INSERT INTO "e_tab" VALUES(14,'H',-0.499944,NULL);
INSERT INTO "e_tab" VALUES(14,'Mn',-1149.865752,NULL);
INSERT INTO "e_tab" VALUES(14,'Ni',-1506.872955,NULL);
INSERT INTO "e_tab" VALUES(14,'O',-74.810879,NULL);
INSERT INTO "e_tab" VALUES(14,'S',-397.504578,NULL);
INSERT INTO "e_tab" VALUES(14,'Ti',-848.396533,NULL);
INSERT INTO "e_tab" VALUES(14,'V',-942.886035,NULL);
INSERT INTO "e_tab" VALUES(14,'Zn',-1777.847252,NULL);
INSERT INTO "e_tab" VALUES(14,'CoCl',-1840.93871,NULL);
INSERT INTO "e_tab" VALUES(14,'CoH',-1381.903849,NULL);
INSERT INTO "e_tab" VALUES(14,'CrCl',-1502.935772,NULL);
INSERT INTO "e_tab" VALUES(14,'CrH',-1043.889466,NULL);
INSERT INTO "e_tab" VALUES(14,'CrO',-1118.133189,NULL);
INSERT INTO "e_tab" VALUES(14,'CuCl',-2098.543766,NULL);
INSERT INTO "e_tab" VALUES(14,'CuH',-1639.51256,NULL);
INSERT INTO "e_tab" VALUES(14,'FeCl',-1722.050214,NULL);
INSERT INTO "e_tab" VALUES(14,'FeH',-1262.919982,NULL);
INSERT INTO "e_tab" VALUES(14,'MnCl',-1609.470844,NULL);
INSERT INTO "e_tab" VALUES(14,'MnS',-1547.389336,NULL);
INSERT INTO "e_tab" VALUES(14,'NiCl',-1966.406434,NULL);
INSERT INTO "e_tab" VALUES(14,'TiCl',-1308.002765,NULL);
INSERT INTO "e_tab" VALUES(14,'VCl',-1402.499302,NULL);
INSERT INTO "e_tab" VALUES(14,'VH',-943.454481,NULL);
INSERT INTO "e_tab" VALUES(14,'VO',-1017.751722,NULL);
INSERT INTO "e_tab" VALUES(14,'ZnCl',-2237.405996,NULL);
INSERT INTO "e_tab" VALUES(14,'ZnH',-1778.376485,NULL);
INSERT INTO "e_tab" VALUES(14,'ZnO',-1852.594536,NULL);
INSERT INTO "e_tab" VALUES(14,'ZnS',-2175.350565,NULL);
INSERT INTO "e_tab" VALUES(15,'Cl',-459.6400324299,NULL);
INSERT INTO "e_tab" VALUES(15,'Co',-1381.9422820286,NULL);
INSERT INTO "e_tab" VALUES(15,'Cr',-1043.738589273,NULL);
INSERT INTO "e_tab" VALUES(15,'Cu',-1639.6734876839,NULL);
INSERT INTO "e_tab" VALUES(15,'H',-0.4999401759,NULL);
INSERT INTO "e_tab" VALUES(15,'Mn',-1150.2738109856,NULL);
INSERT INTO "e_tab" VALUES(15,'Ni',-1507.4688583959,NULL);
INSERT INTO "e_tab" VALUES(15,'O',-74.9583372687,NULL);
INSERT INTO "e_tab" VALUES(15,'S',-397.6303517422,NULL);
INSERT INTO "e_tab" VALUES(15,'Ti',-848.7158116976,NULL);
INSERT INTO "e_tab" VALUES(15,'V',-943.2325236983,NULL);
INSERT INTO "e_tab" VALUES(15,'Zn',-1778.5500464634,NULL);
INSERT INTO "e_tab" VALUES(16,'Cl',-459.634373022535,NULL);
INSERT INTO "e_tab" VALUES(16,'Co',-1381.91425688086,NULL);
INSERT INTO "e_tab" VALUES(16,'Cr',-1043.71460160465,NULL);
INSERT INTO "e_tab" VALUES(16,'Cu',-1639.6215734758,NULL);
INSERT INTO "e_tab" VALUES(16,'Fe',-1262.89389898863,NULL);
INSERT INTO "e_tab" VALUES(16,'H',-0.499940175895297,NULL);
INSERT INTO "e_tab" VALUES(16,'Mn',-1150.25483800299,NULL);
INSERT INTO "e_tab" VALUES(16,'Ni',-1507.43563506652,NULL);
INSERT INTO "e_tab" VALUES(16,'O',-74.9531635366464,NULL);
INSERT INTO "e_tab" VALUES(16,'S',-397.62340625195,NULL);
INSERT INTO "e_tab" VALUES(16,'Ti',-848.705812853742,NULL);
INSERT INTO "e_tab" VALUES(16,'V',-943.216764715989,NULL);
INSERT INTO "e_tab" VALUES(16,'Zn',-1778.51036108264,NULL);
INSERT INTO "e_tab" VALUES(16,'CoCl',-1841.60347445406,NULL);
INSERT INTO "e_tab" VALUES(16,'CoH',-1382.47752884701,NULL);
INSERT INTO "e_tab" VALUES(16,'CrCl',-1503.44051041328,NULL);
INSERT INTO "e_tab" VALUES(16,'CrH',-1044.29027372995,NULL);
INSERT INTO "e_tab" VALUES(16,'CrO',-1118.77336822481,NULL);
INSERT INTO "e_tab" VALUES(16,'CuCl',-2099.33225926937,NULL);
INSERT INTO "e_tab" VALUES(16,'CuH',-1640.20933201638,NULL);
INSERT INTO "e_tab" VALUES(16,'FeCl',-1722.61098046943,NULL);
INSERT INTO "e_tab" VALUES(16,'FeH',-1263.42726417567,NULL);
INSERT INTO "e_tab" VALUES(16,'MnCl',-1609.97691285838,NULL);
INSERT INTO "e_tab" VALUES(16,'MnS',-1547.92001026081,NULL);
INSERT INTO "e_tab" VALUES(16,'NiCl',-1967.13893474399,NULL);
INSERT INTO "e_tab" VALUES(16,'TiCl',-1308.45031344616,NULL);
INSERT INTO "e_tab" VALUES(16,'VCl',-1402.95737847824,NULL);
INSERT INTO "e_tab" VALUES(16,'VH',-943.796678431199,NULL);
INSERT INTO "e_tab" VALUES(16,'VO',-1018.35386632067,NULL);
INSERT INTO "e_tab" VALUES(16,'ZnCl',-2238.17095009016,NULL);
INSERT INTO "e_tab" VALUES(16,'ZnH',-1779.03926156133,NULL);
INSERT INTO "e_tab" VALUES(16,'ZnO',-1853.46970559302,NULL);
INSERT INTO "e_tab" VALUES(16,'ZnS',-2176.1341597368,NULL);
INSERT INTO "e_tab" VALUES(17,'Cl',-459.634441841781,NULL);
INSERT INTO "e_tab" VALUES(17,'Co',-1381.92185622111,NULL);
INSERT INTO "e_tab" VALUES(17,'Cr',-1043.71460435621,NULL);
INSERT INTO "e_tab" VALUES(17,'Cu',-1639.62166639058,NULL);
INSERT INTO "e_tab" VALUES(17,'Fe',-1262.89477378184,NULL);
INSERT INTO "e_tab" VALUES(17,'H',-0.499940175895297,NULL);
INSERT INTO "e_tab" VALUES(17,'Mn',-1150.25936361356,NULL);
INSERT INTO "e_tab" VALUES(17,'Ni',-1507.44069418579,NULL);
INSERT INTO "e_tab" VALUES(17,'O',-74.9531841846063,NULL);
INSERT INTO "e_tab" VALUES(17,'S',-397.623453919225,NULL);
INSERT INTO "e_tab" VALUES(17,'Ti',-848.711562733901,NULL);
INSERT INTO "e_tab" VALUES(17,'V',-943.220692376675,NULL);
INSERT INTO "e_tab" VALUES(17,'Zn',-1778.5159682739,NULL);
INSERT INTO "e_tab" VALUES(17,'CoCl',-1841.61001791008,NULL);
INSERT INTO "e_tab" VALUES(17,'CoH',-1382.48618297095,NULL);
INSERT INTO "e_tab" VALUES(17,'CrCl',-1503.44518575109,NULL);
INSERT INTO "e_tab" VALUES(17,'CrH',-1044.29083116435,NULL);
INSERT INTO "e_tab" VALUES(17,'CrO',-1118.82709244646,NULL);
INSERT INTO "e_tab" VALUES(17,'CuCl',-2099.33515384136,NULL);
INSERT INTO "e_tab" VALUES(17,'CuH',-1640.21278317453,NULL);
INSERT INTO "e_tab" VALUES(17,'FeCl',-1722.61393123391,NULL);
INSERT INTO "e_tab" VALUES(17,'FeH',-1263.42726417567,NULL);
INSERT INTO "e_tab" VALUES(17,'MnCl',-1609.97927006981,NULL);
INSERT INTO "e_tab" VALUES(17,'MnS',-1547.95950642182,NULL);
INSERT INTO "e_tab" VALUES(17,'NiCl',-1967.14198159906,NULL);
INSERT INTO "e_tab" VALUES(17,'TiCl',-1308.46329231379,NULL);
INSERT INTO "e_tab" VALUES(17,'VCl',-1402.96468501068,NULL);
INSERT INTO "e_tab" VALUES(17,'VH',-943.8011123167,NULL);
INSERT INTO "e_tab" VALUES(17,'VO',-1018.39956221863,NULL);
INSERT INTO "e_tab" VALUES(17,'ZnCl',-2238.19864003531,NULL);
INSERT INTO "e_tab" VALUES(17,'ZnH',-1779.03927823229,NULL);
INSERT INTO "e_tab" VALUES(17,'ZnO',-1853.52049549844,NULL);
INSERT INTO "e_tab" VALUES(17,'ZnS',-2176.17467621557,NULL);
INSERT INTO "e_tab" VALUES(15,'Fe',-1262.91972573837,NULL);
INSERT INTO "e_tab" VALUES(20,'Cl',-459.640032429929,NULL);
INSERT INTO "e_tab" VALUES(21,'Cl',-459.640379491002,NULL);
INSERT INTO "e_tab" VALUES(20,'Co',-1381.92437486228,NULL);
INSERT INTO "e_tab" VALUES(21,'Co',-1381.95383560343,NULL);
INSERT INTO "e_tab" VALUES(20,'Cr',-1043.72872658328,NULL);
INSERT INTO "e_tab" VALUES(21,'Cr',-1043.74684243925,NULL);
INSERT INTO "e_tab" VALUES(20,'Cu',-1639.65222920837,NULL);
INSERT INTO "e_tab" VALUES(21,'Cu',-1639.7029356656,NULL);
INSERT INTO "e_tab" VALUES(20,'Fe',-1262.90879488458,NULL);
INSERT INTO "e_tab" VALUES(21,'Fe',-1262.92730619088,NULL);
INSERT INTO "e_tab" VALUES(20,'H',-0.499940175895297,NULL);
INSERT INTO "e_tab" VALUES(21,'H',-0.499940175895297,NULL);
INSERT INTO "e_tab" VALUES(20,'Mn',-1150.26232906269,NULL);
INSERT INTO "e_tab" VALUES(21,'Mn',-1150.28326675851,NULL);
INSERT INTO "e_tab" VALUES(20,'Ni',-1507.45354263016,NULL);
INSERT INTO "e_tab" VALUES(21,'Ni',-1507.48229637623,NULL);
INSERT INTO "e_tab" VALUES(20,'O',-74.9583372687489,NULL);
INSERT INTO "e_tab" VALUES(21,'O',-74.9585344856552,NULL);
INSERT INTO "e_tab" VALUES(20,'S',-397.630351742212,NULL);
INSERT INTO "e_tab" VALUES(21,'S',-397.630529647202,NULL);
INSERT INTO "e_tab" VALUES(20,'Ti',-848.709518538343,NULL);
INSERT INTO "e_tab" VALUES(21,'Ti',-848.718267711348,NULL);
INSERT INTO "e_tab" VALUES(20,'V',-943.225354233386,NULL);
INSERT INTO "e_tab" VALUES(21,'V',-943.236141753216,NULL);
INSERT INTO "e_tab" VALUES(20,'Zn',-1778.52692414508,NULL);
INSERT INTO "e_tab" VALUES(21,'Zn',-1778.57876132577,NULL);
INSERT INTO "e_tab" VALUES(20,'CoCl',-1841.61723583012,NULL);
INSERT INTO "e_tab" VALUES(21,'CoCl',-1841.71021991312,NULL);
INSERT INTO "e_tab" VALUES(20,'CoH',-1382.48639508813,NULL);
INSERT INTO "e_tab" VALUES(21,'CoH',-1382.53833301092,NULL);
INSERT INTO "e_tab" VALUES(20,'CrCl',-1503.45770821369,NULL);
INSERT INTO "e_tab" VALUES(21,'CrCl',-1503.51153911258,NULL);
INSERT INTO "e_tab" VALUES(20,'CrH',-1044.30426692739,NULL);
INSERT INTO "e_tab" VALUES(21,'CrH',-1044.32948857972,NULL);
INSERT INTO "e_tab" VALUES(20,'CrO',-1118.77539402028,NULL);
INSERT INTO "e_tab" VALUES(21,'CrO',-1118.8564341111,NULL);
INSERT INTO "e_tab" VALUES(20,'CuCl',-2099.35328831438,NULL);
INSERT INTO "e_tab" VALUES(21,'CuCl',-2099.47085498081,NULL);
INSERT INTO "e_tab" VALUES(20,'CuH',-1640.23589438676,NULL);
INSERT INTO "e_tab" VALUES(21,'CuH',-1640.2982016878,NULL);
INSERT INTO "e_tab" VALUES(20,'FeCl',-1722.62867058086,NULL);
INSERT INTO "e_tab" VALUES(21,'FeCl',-1722.69134242182,NULL);
INSERT INTO "e_tab" VALUES(20,'FeH',-1263.44085070166,NULL);
INSERT INTO "e_tab" VALUES(21,'FeH',-1263.48701986062,NULL);
INSERT INTO "e_tab" VALUES(20,'MnCl',-1609.99701547918,NULL);
INSERT INTO "e_tab" VALUES(21,'MnCl',-1610.04630928697,NULL);
INSERT INTO "e_tab" VALUES(20,'MnS',-1547.9267466343,NULL);
INSERT INTO "e_tab" VALUES(21,'MnS',-1547.99824212011,NULL);
INSERT INTO "e_tab" VALUES(20,'NiCl',-1967.15698464291,NULL);
INSERT INTO "e_tab" VALUES(21,'NiCl',-1967.26545981564,NULL);
INSERT INTO "e_tab" VALUES(20,'TiCl',-1308.45837764092,NULL);
INSERT INTO "e_tab" VALUES(21,'TiCl',-1308.50005174142,NULL);
INSERT INTO "e_tab" VALUES(20,'VCl',-1402.96854943067,NULL);
INSERT INTO "e_tab" VALUES(21,'VCl',-1403.01624228123,NULL);
INSERT INTO "e_tab" VALUES(20,'VH',-943.805981387601,NULL);
INSERT INTO "e_tab" VALUES(21,'VH',-943.825532157383,NULL);
INSERT INTO "e_tab" VALUES(20,'VO',-1018.35638248702,NULL);
INSERT INTO "e_tab" VALUES(21,'VO',-1018.42057388976,NULL);
INSERT INTO "e_tab" VALUES(20,'ZnCl',-2238.18518849044,NULL);
INSERT INTO "e_tab" VALUES(21,'ZnCl',-2238.29493925931,NULL);
INSERT INTO "e_tab" VALUES(20,'ZnH',-1779.06324028515,NULL);
INSERT INTO "e_tab" VALUES(21,'ZnH',-1779.11614542764,NULL);
INSERT INTO "e_tab" VALUES(20,'ZnO',-1853.48072842041,NULL);
INSERT INTO "e_tab" VALUES(21,'ZnO',-1853.58761316114,NULL);
INSERT INTO "e_tab" VALUES(20,'ZnS',-2176.14768048759,NULL);
INSERT INTO "e_tab" VALUES(21,'ZnS',-2176.2554122319,NULL);
INSERT INTO "e_tab" VALUES(22,'H',-0.499940175895297,NULL);
INSERT INTO "e_tab" VALUES(23,'H',-0.499940175895297,NULL);
INSERT INTO "e_tab" VALUES(23,'CrO',-1118.84566038135,NULL);
INSERT INTO "e_tab" VALUES(23,'MnS',-1548.0051856523,NULL);
INSERT INTO "e_tab" VALUES(24,'Cl',-14.707779459011,NULL);
INSERT INTO "e_tab" VALUES(24,'Co',-104.042895394838,NULL);
INSERT INTO "e_tab" VALUES(24,'Cr',-58.8763812718083,NULL);
INSERT INTO "e_tab" VALUES(24,'Cu',-144.563356004766,NULL);
INSERT INTO "e_tab" VALUES(24,'Fe',-87.0224381858731,NULL);
INSERT INTO "e_tab" VALUES(24,'H',-0.49923670854121,NULL);
INSERT INTO "e_tab" VALUES(24,'Mn',-72.0693405113066,NULL);
INSERT INTO "e_tab" VALUES(24,'Ni',-125.991351110282,NULL);
INSERT INTO "e_tab" VALUES(24,'O',-15.6077007150024,NULL);
INSERT INTO "e_tab" VALUES(24,'S',-9.91929606945082,NULL);
INSERT INTO "e_tab" VALUES(24,'Ti',-37.1928692784619,NULL);
INSERT INTO "e_tab" VALUES(24,'V',-47.1223439774973,NULL);
INSERT INTO "e_tab" VALUES(24,'Zn',-168.16495746704,NULL);
INSERT INTO "e_tab" VALUES(24,'CoCl',-118.927010998101,NULL);
INSERT INTO "e_tab" VALUES(24,'CoH',-104.8949144824,NULL);
INSERT INTO "e_tab" VALUES(24,'CuCl',-159.358797232274,NULL);
INSERT INTO "e_tab" VALUES(24,'CuH',-145.191721872699,NULL);
INSERT INTO "e_tab" VALUES(24,'FeCl',-101.736780520008,NULL);
INSERT INTO "e_tab" VALUES(24,'FeH',-87.4448212793484,NULL);
INSERT INTO "e_tab" VALUES(24,'TiCl',-52.1399801366763,NULL);
INSERT INTO "e_tab" VALUES(24,'VCl',-65.0767606752256,NULL);
INSERT INTO "e_tab" VALUES(24,'VH',-48.4154836406413,NULL);
INSERT INTO "e_tab" VALUES(24,'ZnCl',-183.002407791628,NULL);
INSERT INTO "e_tab" VALUES(24,'ZnH',-168.780848621149,NULL);
INSERT INTO "e_tab" VALUES(24,'ZnO',-183.850127302716,NULL);
INSERT INTO "e_tab" VALUES(24,'ZnS',-178.271508562309,NULL);
INSERT INTO "e_tab" VALUES(25,'Cl',-460.0981800662,0.0003351608);
INSERT INTO "e_tab" VALUES(25,'Co',-1382.6209174629,0.0008684096);
INSERT INTO "e_tab" VALUES(25,'Cr',-1044.332110428,0.0009925419);
INSERT INTO "e_tab" VALUES(25,'Cu',-1640.4254582394,0.0009882767);
INSERT INTO "e_tab" VALUES(25,'Fe',-1263.5615028074,0.0007932564);
INSERT INTO "e_tab" VALUES(25,'H',-0.5,0.0);
INSERT INTO "e_tab" VALUES(25,'Mn',-1150.8863874876,0.0007080474);
INSERT INTO "e_tab" VALUES(25,'Ni',-1508.1712320725,0.0009702613);
INSERT INTO "e_tab" VALUES(25,'O',-75.0506408807,8.16902e-05);
INSERT INTO "e_tab" VALUES(25,'S',-398.0649583014,0.00066492);
INSERT INTO "e_tab" VALUES(25,'Ti',-849.2487272044,0.0007259469);
INSERT INTO "e_tab" VALUES(25,'V',-943.7861481197,0.000807636);
INSERT INTO "e_tab" VALUES(25,'Zn',-1779.3414868999,0.0011086636);
INSERT INTO "e_tab" VALUES(25,'CoCl',-1842.8595920693,0.0013979521);
INSERT INTO "e_tab" VALUES(25,'CoH',-1383.2089135807,0.0009188232);
INSERT INTO "e_tab" VALUES(25,'CrCl',-1504.5476398746,0.0011219858);
INSERT INTO "e_tab" VALUES(25,'CrH',-1044.9005046412,0.0011179387);
INSERT INTO "e_tab" VALUES(25,'CrO',-1119.5067963494,0.0011569846);
INSERT INTO "e_tab" VALUES(25,'CuCl',-2100.6613144944,0.0013755602);
INSERT INTO "e_tab" VALUES(25,'CuH',-1641.0192723878,0.0007761236);
INSERT INTO "e_tab" VALUES(25,'FeCl',-1723.8003348775,0.0016676179);
INSERT INTO "e_tab" VALUES(25,'FeH',-1264.128483572,0.0010594018);
INSERT INTO "e_tab" VALUES(25,'MnCl',-1611.1246465837,0.0011031906);
INSERT INTO "e_tab" VALUES(25,'MnS',-1549.0491024828,0.0011657213);
INSERT INTO "e_tab" VALUES(25,'NiCl',-1968.4256197294,0.0012663027);
INSERT INTO "e_tab" VALUES(25,'TiCl',-1309.4990858736,0.0009814533);
INSERT INTO "e_tab" VALUES(25,'VCl',-1404.0404844561,0.0010595467);
INSERT INTO "e_tab" VALUES(25,'VH',-944.3815162139,0.0005216);
INSERT INTO "e_tab" VALUES(25,'VO',-1019.058421264,0.0014222966);
INSERT INTO "e_tab" VALUES(25,'ZnCl',-2239.5270212827,0.0015155145);
INSERT INTO "e_tab" VALUES(25,'ZnH',-1779.8795246472,0.0010148527);
INSERT INTO "e_tab" VALUES(25,'ZnO',-1854.4356414464,0.0011019707);
INSERT INTO "e_tab" VALUES(25,'ZnS',-2177.4540200784,0.0015999142);
INSERT INTO "e_tab" VALUES(26,'Cl',-460.0973967268,0.0003626615);
INSERT INTO "e_tab" VALUES(26,'Co',-1382.5959958457,0.0008297507);
INSERT INTO "e_tab" VALUES(26,'Cr',-1044.3291360641,0.0010461908);
INSERT INTO "e_tab" VALUES(26,'Cu',-1640.4212244814,0.0010457975);
INSERT INTO "e_tab" VALUES(26,'Fe',-1263.5581262224,0.0007951397);
INSERT INTO "e_tab" VALUES(26,'H',-0.5,0.0);
INSERT INTO "e_tab" VALUES(26,'Mn',-1150.8850898488,0.0007014388);
INSERT INTO "e_tab" VALUES(26,'Ni',-1508.1663040247,0.0009625108);
INSERT INTO "e_tab" VALUES(26,'O',-75.0501751602,0.0003247778);
INSERT INTO "e_tab" VALUES(26,'S',-398.066322936,0.0005231737);
INSERT INTO "e_tab" VALUES(26,'Ti',-849.2272295438,0.000478896);
INSERT INTO "e_tab" VALUES(26,'V',-943.7806427544,0.0005522076);
INSERT INTO "e_tab" VALUES(26,'Zn',-1779.333468317,0.0009006777);
INSERT INTO "e_tab" VALUES(26,'CoCl',-1842.8529076113,0.0012065536);
INSERT INTO "e_tab" VALUES(26,'CoH',-1383.2037016504,0.0006169904);
INSERT INTO "e_tab" VALUES(26,'CrCl',-1504.5370932752,0.000981596);
INSERT INTO "e_tab" VALUES(26,'CrH',-1044.8753252867,0.0004681616);
INSERT INTO "e_tab" VALUES(26,'CrO',-1119.4863515685,0.0006995768);
INSERT INTO "e_tab" VALUES(26,'CuCl',-2100.6574589557,0.0014579196);
INSERT INTO "e_tab" VALUES(26,'CuH',-1641.0143784978,0.000799516);
INSERT INTO "e_tab" VALUES(26,'FeCl',-1723.7948993513,0.0012507854);
INSERT INTO "e_tab" VALUES(26,'FeH',-1264.1232169828,0.0006460381);
INSERT INTO "e_tab" VALUES(26,'MnCl',-1611.1259043315,0.0012862201);
INSERT INTO "e_tab" VALUES(26,'MnS',-1549.0395979298,0.0013018378);
INSERT INTO "e_tab" VALUES(26,'NiCl',-1968.42539651,0.0017142723);
INSERT INTO "e_tab" VALUES(26,'TiCl',-1309.4856404583,0.0011487116);
INSERT INTO "e_tab" VALUES(26,'VCl',-1404.0365409898,0.0012356619);
INSERT INTO "e_tab" VALUES(26,'VH',-944.3700369614,0.0005560388);
INSERT INTO "e_tab" VALUES(26,'VO',-1019.0377539532,0.0008730346);
INSERT INTO "e_tab" VALUES(26,'ZnCl',-2239.5227505564,0.0020495761);
INSERT INTO "e_tab" VALUES(26,'ZnH',-1779.8738517877,0.0011206466);
INSERT INTO "e_tab" VALUES(26,'ZnO',-1854.4271791134,0.001532789);
INSERT INTO "e_tab" VALUES(26,'ZnS',-2177.4530508488,0.0019946701);
INSERT INTO "e_tab" VALUES(28,'Sc',-759.73572,NULL);
INSERT INTO "e_tab" VALUES(28,'Ti',-848.406,NULL);
INSERT INTO "e_tab" VALUES(28,'V',-942.88434,NULL);
INSERT INTO "e_tab" VALUES(28,'Cr',-1043.3564,NULL);
INSERT INTO "e_tab" VALUES(28,'Mn',-1149.8663,NULL);
INSERT INTO "e_tab" VALUES(28,'Fe',-1262.4437,NULL);
INSERT INTO "e_tab" VALUES(28,'Co',-1381.4146,NULL);
INSERT INTO "e_tab" VALUES(28,'Ni',-1506.8709,NULL);
INSERT INTO "e_tab" VALUES(28,'Cu',-1638.9637,NULL);
INSERT INTO "e_tab" VALUES(28,'Zn',-1777.8481,NULL);
INSERT INTO "e_tab" VALUES(29,'Sc',-759.73646559936,NULL);
INSERT INTO "e_tab" VALUES(29,'Ti',-848.39506520479,NULL);
INSERT INTO "e_tab" VALUES(29,'V',-942.88433076261,NULL);
INSERT INTO "e_tab" VALUES(29,'Cr',-1043.35636754091,NULL);
INSERT INTO "e_tab" VALUES(29,'Mn',-1149.86624288959,NULL);
INSERT INTO "e_tab" VALUES(29,'Fe',-1262.4466787713,NULL);
INSERT INTO "e_tab" VALUES(29,'Co',-1381.41607767692,NULL);
INSERT INTO "e_tab" VALUES(29,'Ni',-1506.86022346632,NULL);
INSERT INTO "e_tab" VALUES(29,'Cu',-1638.96372314725,NULL);
INSERT INTO "e_tab" VALUES(29,'Zn',-1777.84810153521,NULL);
INSERT INTO "e_tab" VALUES(30,'Sc',-759.7376162909,NULL);
INSERT INTO "e_tab" VALUES(30,'Ti',-848.39711298805,NULL);
INSERT INTO "e_tab" VALUES(30,'V',-942.88660737769,NULL);
INSERT INTO "e_tab" VALUES(30,'Cr',-1043.35631312144,NULL);
INSERT INTO "e_tab" VALUES(30,'Mn',-1149.8662428639,NULL);
INSERT INTO "e_tab" VALUES(30,'Fe',-1262.44850172572,NULL);
INSERT INTO "e_tab" VALUES(30,'Co',-1381.4030073906,NULL);
INSERT INTO "e_tab" VALUES(30,'Ni',-1506.86350244173,NULL);
INSERT INTO "e_tab" VALUES(30,'Cu',-1638.9612463555,NULL);
INSERT INTO "e_tab" VALUES(30,'Zn',-1777.84804578413,NULL);
INSERT INTO "e_tab" VALUES(31,'Sc',-760.4398572052,NULL);
INSERT INTO "e_tab" VALUES(31,'Ti',-849.1561413636,NULL);
INSERT INTO "e_tab" VALUES(31,'V',-943.687473303,NULL);
INSERT INTO "e_tab" VALUES(31,'Cr',-1044.2231556789,NULL);
INSERT INTO "e_tab" VALUES(31,'Mn',-1150.7714071437,NULL);
INSERT INTO "e_tab" VALUES(31,'Fe',-1263.43090788,NULL);
INSERT INTO "e_tab" VALUES(31,'Co',-1382.4677891311,NULL);
INSERT INTO "e_tab" VALUES(31,'Ni',-1507.9958420583,NULL);
INSERT INTO "e_tab" VALUES(31,'Cu',-1640.2100977122,NULL);
INSERT INTO "e_tab" VALUES(31,'Zn',-1779.1058313058,NULL);
INSERT INTO "e_tab" VALUES(32,'Sc',-760.5718,0.0016);
INSERT INTO "e_tab" VALUES(32,'Ti',-849.2841,0.0019);
INSERT INTO "e_tab" VALUES(32,'V',-943.8234,0.0016);
INSERT INTO "e_tab" VALUES(32,'Cr',-1044.3603,0.0017);
INSERT INTO "e_tab" VALUES(32,'Mn',-1150.9158,0.002);
INSERT INTO "e_tab" VALUES(32,'Fe',-1263.5868,0.0021);
INSERT INTO "e_tab" VALUES(32,'Co',-1382.6377,0.0024);
INSERT INTO "e_tab" VALUES(32,'Ni',-1508.1901,0.0025);
INSERT INTO "e_tab" VALUES(32,'Cu',-1640.4328,0.0029);
INSERT INTO "e_tab" VALUES(32,'Zn',-1779.3386,0.0031);
INSERT INTO "e_tab" VALUES(15,'CoCl',-1841.65469111083,NULL);
INSERT INTO "e_tab" VALUES(15,'CoH',-1382.5088190923,NULL);
INSERT INTO "e_tab" VALUES(15,'CrCl',-1503.48725741702,NULL);
INSERT INTO "e_tab" VALUES(15,'CrH',-1044.31834887762,NULL);
INSERT INTO "e_tab" VALUES(15,'CrO',-1118.81261432038,NULL);
INSERT INTO "e_tab" VALUES(15,'CuCl',-2099.39769385374,NULL);
INSERT INTO "e_tab" VALUES(15,'CuH',-1640.26122084633,NULL);
INSERT INTO "e_tab" VALUES(15,'FeCl',-1722.65711456732,NULL);
INSERT INTO "e_tab" VALUES(15,'FeH',-1263.46307316818,NULL);
INSERT INTO "e_tab" VALUES(15,'MnCl',-1610.02113045608,NULL);
INSERT INTO "e_tab" VALUES(15,'MnS',-1547.96027788119,NULL);
INSERT INTO "e_tab" VALUES(15,'NiCl',-1967.19845844284,NULL);
INSERT INTO "e_tab" VALUES(15,'TiCl',-1308.48372468847,NULL);
INSERT INTO "e_tab" VALUES(15,'VCl',-1402.99312868111,NULL);
INSERT INTO "e_tab" VALUES(15,'VH',-943.819967346508,NULL);
INSERT INTO "e_tab" VALUES(15,'VO',-1018.38761894803,NULL);
INSERT INTO "e_tab" VALUES(15,'ZnCl',-2238.22762368349,NULL);
INSERT INTO "e_tab" VALUES(15,'ZnH',-1779.08559580963,NULL);
INSERT INTO "e_tab" VALUES(15,'ZnO',-1853.52661121247,NULL);
INSERT INTO "e_tab" VALUES(15,'ZnS',-2176.19192969581,NULL);
INSERT INTO "e_tab" VALUES(27,'H',-0.5,0.0);
INSERT INTO "e_tab" VALUES(33,'Ti',-848.7098454731,NULL);
INSERT INTO "e_tab" VALUES(33,'Cl',-459.638073427,NULL);
INSERT INTO "e_tab" VALUES(33,'Co',-1381.935705291,NULL);
INSERT INTO "e_tab" VALUES(33,'Cr',-1043.7334215679,NULL);
INSERT INTO "e_tab" VALUES(33,'Cu',-1639.6689315032,NULL);
INSERT INTO "e_tab" VALUES(33,'Fe',-1262.917968428,NULL);
INSERT INTO "e_tab" VALUES(33,'Mn',-1150.2711927708,NULL);
INSERT INTO "e_tab" VALUES(33,'Ni',-1507.4638035056,NULL);
INSERT INTO "e_tab" VALUES(33,'O',-74.9556561659,NULL);
INSERT INTO "e_tab" VALUES(33,'S',-397.6267827001,NULL);
INSERT INTO "e_tab" VALUES(33,'V',-943.2286951132,NULL);
INSERT INTO "e_tab" VALUES(33,'Zn',-1778.5508182623,NULL);
INSERT INTO "e_tab" VALUES(22,'Ti',-848.7099991308,NULL);
INSERT INTO "e_tab" VALUES(22,'Cl',-459.6382007874,NULL);
INSERT INTO "e_tab" VALUES(22,'Co',-1381.9360556292,NULL);
INSERT INTO "e_tab" VALUES(22,'Cr',-1043.7346591273,NULL);
INSERT INTO "e_tab" VALUES(22,'Cu',-1639.6739682996,NULL);
INSERT INTO "e_tab" VALUES(22,'Fe',-1262.9181883475,NULL);
INSERT INTO "e_tab" VALUES(22,'Mn',-1150.271581674,NULL);
INSERT INTO "e_tab" VALUES(22,'Ni',-1507.464167803,NULL);
INSERT INTO "e_tab" VALUES(22,'O',-74.9557121561,NULL);
INSERT INTO "e_tab" VALUES(22,'S',-397.6268987219,NULL);
INSERT INTO "e_tab" VALUES(22,'V',-943.228707861,NULL);
INSERT INTO "e_tab" VALUES(22,'Zn',-1778.5514678511,NULL);
INSERT INTO "e_tab" VALUES(23,'Ti',-848.7180651661,NULL);
INSERT INTO "e_tab" VALUES(23,'Cl',-459.6427974922,NULL);
INSERT INTO "e_tab" VALUES(23,'Co',-1381.9651489414,NULL);
INSERT INTO "e_tab" VALUES(23,'Cr',-1043.7513588639,NULL);
INSERT INTO "e_tab" VALUES(23,'Cu',-1639.7301303715,NULL);
INSERT INTO "e_tab" VALUES(23,'Fe',-1262.9270469824,NULL);
INSERT INTO "e_tab" VALUES(23,'Mn',-1150.2913389955,NULL);
INSERT INTO "e_tab" VALUES(23,'Ni',-1507.5011885161,NULL);
INSERT INTO "e_tab" VALUES(23,'O',-74.9562032433,NULL);
INSERT INTO "e_tab" VALUES(23,'S',-397.6278121938,NULL);
INSERT INTO "e_tab" VALUES(23,'V',-943.2441285832,NULL);
INSERT INTO "e_tab" VALUES(23,'Zn',-1778.5929594377,NULL);
INSERT INTO "e_tab" VALUES(27,'O',-75.0615309517,0.0001271292);
INSERT INTO "e_tab" VALUES(27,'S',-398.0864338947,0.0008095382);
INSERT INTO "e_tab" VALUES(27,'Cl',-460.1226774055,0.0011195117);
INSERT INTO "e_tab" VALUES(27,'Co',-1382.666452011,0.0024760964);
INSERT INTO "e_tab" VALUES(27,'Cr',-1044.3725101739,0.0014983485);
INSERT INTO "e_tab" VALUES(27,'Cu',-1640.4559154767,0.0023189938);
INSERT INTO "e_tab" VALUES(27,'Fe',-1263.6077431618,0.0017669231);
INSERT INTO "e_tab" VALUES(27,'Mn',-1150.937236112,0.0016786328);
INSERT INTO "e_tab" VALUES(27,'Ni',-1508.219750028,0.0019034175);
INSERT INTO "e_tab" VALUES(27,'Ti',-849.3018629066,0.0011348128);
INSERT INTO "e_tab" VALUES(27,'V',-943.8394324708,0.0012235839);
INSERT INTO "e_tab" VALUES(27,'Zn',-1779.3765556373,0.0026283398);
INSERT INTO "e_tab" VALUES(27,'CoCl',-1842.9043435655,0.0021450615);
INSERT INTO "e_tab" VALUES(27,'CoH',-1383.2514457415,0.0016217925);
INSERT INTO "e_tab" VALUES(27,'CrCl',-1504.6276820164,0.001895521);
INSERT INTO "e_tab" VALUES(27,'CrH',-1044.9492026627,0.0010651231);
INSERT INTO "e_tab" VALUES(27,'CrO',-1119.5938954261,0.0018767123);
INSERT INTO "e_tab" VALUES(27,'CuCl',-2100.7221914233,0.0028777597);
INSERT INTO "e_tab" VALUES(27,'CuH',-1641.0552699592,0.0018151839);
INSERT INTO "e_tab" VALUES(27,'FeCl',-1723.8653071516,0.002262662);
INSERT INTO "e_tab" VALUES(27,'FeH',-1264.1763832375,0.0017951395);
INSERT INTO "e_tab" VALUES(27,'MnCl',-1611.158511096,0.0029626461);
INSERT INTO "e_tab" VALUES(27,'MnS',-1549.0966644878,0.0027502688);
INSERT INTO "e_tab" VALUES(27,'NiCl',-1968.4768911342,0.0024098341);
INSERT INTO "e_tab" VALUES(27,'TiCl',-1309.5456705407,0.0023068199);
INSERT INTO "e_tab" VALUES(27,'VCl',-1404.1002714366,0.0013710655);
INSERT INTO "e_tab" VALUES(27,'VH',-944.4299408288,0.0010401941);
INSERT INTO "e_tab" VALUES(27,'VO',-1019.1252936656,0.0014659253);
INSERT INTO "e_tab" VALUES(27,'ZnCl',-2239.5628528603,0.0030470247);
INSERT INTO "e_tab" VALUES(27,'ZnH',-1779.9025876494,0.0019789615);
INSERT INTO "e_tab" VALUES(27,'ZnO',-1854.4894592519,0.0026657096);
INSERT INTO "e_tab" VALUES(27,'ZnS',-2177.4881206729,0.0035502424);
INSERT INTO "e_tab" VALUES(34,'O',-75.05064088,8.169e-05);
INSERT INTO "e_tab" VALUES(34,'S',-398.0649583,0.00066492);
INSERT INTO "e_tab" VALUES(34,'Cr',-1044.33211043,0.00099254);
INSERT INTO "e_tab" VALUES(34,'Cl',-460.09818007,0.00033516);
INSERT INTO "e_tab" VALUES(34,'Cu',-1640.42545824,0.00098828);
INSERT INTO "e_tab" VALUES(34,'H',-0.5,0.0);
INSERT INTO "e_tab" VALUES(34,'MnCl',-1611.12464658,0.00110319);
INSERT INTO "e_tab" VALUES(34,'ZnCl',-2239.52702128,0.00151551);
INSERT INTO "e_tab" VALUES(34,'FeCl',-1723.80033488,0.00166762);
INSERT INTO "e_tab" VALUES(34,'ZnH',-1779.87952465,0.00101485);
INSERT INTO "e_tab" VALUES(34,'CuCl',-2100.66131449,0.00137556);
INSERT INTO "e_tab" VALUES(34,'NiCl',-1968.42561973,0.0012663);
INSERT INTO "e_tab" VALUES(34,'CuH',-1641.01927239,0.00077612);
INSERT INTO "e_tab" VALUES(34,'VCl',-1404.04048446,0.00105955);
INSERT INTO "e_tab" VALUES(34,'CoCl',-1842.85959207,0.00139795);
INSERT INTO "e_tab" VALUES(34,'Co',-1382.62511896,0.0012177031);
INSERT INTO "e_tab" VALUES(34,'Fe',-1263.5686618984,0.0010912881);
INSERT INTO "e_tab" VALUES(34,'Mn',-1150.8933226182,0.0009648043);
INSERT INTO "e_tab" VALUES(34,'Ni',-1508.176810941,0.001296062);
INSERT INTO "e_tab" VALUES(34,'Ti',-849.2506869104,0.0009709099);
INSERT INTO "e_tab" VALUES(34,'V',-943.788556699,0.0013843252);
INSERT INTO "e_tab" VALUES(34,'Zn',-1779.3450820556,0.0015230794);
INSERT INTO "e_tab" VALUES(34,'CoH',-1383.2098734216,0.0012529737);
INSERT INTO "e_tab" VALUES(34,'CrCl',-1504.5467813348,0.0009720918);
INSERT INTO "e_tab" VALUES(34,'CrH',-1044.9044602811,0.0011902182);
INSERT INTO "e_tab" VALUES(34,'CrO',-1119.5156649462,0.0013456903);
INSERT INTO "e_tab" VALUES(34,'FeH',-1264.1266413483,0.001127954);
INSERT INTO "e_tab" VALUES(34,'MnS',-1549.0506577608,0.0010196965);
INSERT INTO "e_tab" VALUES(34,'TiCl',-1309.5015606073,0.0008555983);
INSERT INTO "e_tab" VALUES(34,'VH',-944.3818380342,0.0011260464);
INSERT INTO "e_tab" VALUES(34,'VO',-1019.0686568046,0.0012197003);
INSERT INTO "e_tab" VALUES(34,'ZnO',-1854.4501616433,0.0010441036);
INSERT INTO "e_tab" VALUES(34,'ZnS',-2177.4618650972,0.0013757543);
INSERT INTO "e_tab" VALUES(33,'CoCl',-1841.6816317717,NULL);
INSERT INTO "e_tab" VALUES(33,'CoH',-1382.5152579518,NULL);
INSERT INTO "e_tab" VALUES(33,'ZnCl',-2238.2564424199,NULL);
INSERT INTO "e_tab" VALUES(33,'CrCl',-1503.4944375231,NULL);
INSERT INTO "e_tab" VALUES(33,'CuH',-1640.2646697209,NULL);
INSERT INTO "e_tab" VALUES(33,'FeCl',-1722.6736341675,NULL);
INSERT INTO "e_tab" VALUES(33,'ZnH',-1779.0844915453,NULL);
INSERT INTO "e_tab" VALUES(33,'CrO',-1118.8122187678,NULL);
INSERT INTO "e_tab" VALUES(33,'CuCl',-2099.4313472752,NULL);
INSERT INTO "e_tab" VALUES(33,'MnS',-1547.9678027341,NULL);
INSERT INTO "e_tab" VALUES(33,'NiCl',-1967.2301612447,NULL);
INSERT INTO "e_tab" VALUES(33,'VH',-943.8149609086,NULL);
INSERT INTO "e_tab" VALUES(33,'VO',-1018.3875828029,NULL);
INSERT INTO "e_tab" VALUES(33,'ZnO',-1853.5338769708,NULL);
INSERT INTO "e_tab" VALUES(33,'ZnS',-2176.2036163453,NULL);
INSERT INTO "e_tab" VALUES(33,'FeH',-1263.4658297521,NULL);
INSERT INTO "e_tab" VALUES(33,'CrH',-1044.3163260237,NULL);
INSERT INTO "e_tab" VALUES(33,'MnCl',-1610.0306617439,NULL);
INSERT INTO "e_tab" VALUES(33,'TiCl',-1308.4817144875,NULL);
INSERT INTO "e_tab" VALUES(33,'VCl',-1403.0006548216,NULL);
INSERT INTO "e_tab" VALUES(22,'CoCl',-1841.6835005284,NULL);
INSERT INTO "e_tab" VALUES(22,'CoH',-1382.5156330473,NULL);
INSERT INTO "e_tab" VALUES(22,'ZnCl',-2238.258665036,NULL);
INSERT INTO "e_tab" VALUES(22,'CrCl',-1503.4958279418,NULL);
INSERT INTO "e_tab" VALUES(22,'CuH',-1640.2652349723,NULL);
INSERT INTO "e_tab" VALUES(22,'FeCl',-1722.6751273816,NULL);
INSERT INTO "e_tab" VALUES(22,'ZnH',-1779.0845429582,NULL);
INSERT INTO "e_tab" VALUES(22,'CrO',-1118.81287914127,NULL);
INSERT INTO "e_tab" VALUES(22,'CuCl',-2099.4344353257,NULL);
INSERT INTO "e_tab" VALUES(22,'MnS',-1547.9691085224,NULL);
INSERT INTO "e_tab" VALUES(22,'NiCl',-1967.2321521471,NULL);
INSERT INTO "e_tab" VALUES(22,'VH',-943.815021157,NULL);
INSERT INTO "e_tab" VALUES(22,'VO',-1018.3880531539,NULL);
INSERT INTO "e_tab" VALUES(22,'ZnO',-1853.536293487,NULL);
INSERT INTO "e_tab" VALUES(22,'ZnS',-2176.204949496,NULL);
INSERT INTO "e_tab" VALUES(22,'FeH',-1263.4663900565,NULL);
INSERT INTO "e_tab" VALUES(22,'CrH',-1044.3164914827,NULL);
INSERT INTO "e_tab" VALUES(22,'MnCl',-1610.0316304592,NULL);
INSERT INTO "e_tab" VALUES(22,'TiCl',-1308.4822894234,NULL);
INSERT INTO "e_tab" VALUES(22,'VCl',-1403.0013232882,NULL);
INSERT INTO "e_tab" VALUES(23,'CoCl',-1841.7612632713,NULL);
INSERT INTO "e_tab" VALUES(23,'CoH',-1382.5685423888,NULL);
INSERT INTO "e_tab" VALUES(23,'ZnCl',-2238.3185596976,NULL);
INSERT INTO "e_tab" VALUES(23,'CrCl',-1503.5461417789,NULL);
INSERT INTO "e_tab" VALUES(23,'CuH',-1640.3532828022,NULL);
INSERT INTO "e_tab" VALUES(23,'FeCl',-1722.7326676716,NULL);
INSERT INTO "e_tab" VALUES(23,'ZnH',-1779.1234432316,NULL);
INSERT INTO "e_tab" VALUES(23,'CuCl',-2099.5138037779,NULL);
INSERT INTO "e_tab" VALUES(23,'NiCl',-1967.3065355213,NULL);
INSERT INTO "e_tab" VALUES(23,'VH',-943.8401715435,NULL);
INSERT INTO "e_tab" VALUES(23,'VO',-1018.4205488997,NULL);
INSERT INTO "e_tab" VALUES(23,'ZnO',-1853.5869891905,NULL);
INSERT INTO "e_tab" VALUES(23,'ZnS',-2176.2678940778,NULL);
INSERT INTO "e_tab" VALUES(23,'FeH',-1263.5225082849,NULL);
INSERT INTO "e_tab" VALUES(23,'CrH',-1044.3465741673,NULL);
INSERT INTO "e_tab" VALUES(23,'MnCl',-1610.0808963271,NULL);
INSERT INTO "e_tab" VALUES(23,'TiCl',-1308.52086007,NULL);
INSERT INTO "e_tab" VALUES(23,'VCl',-1403.0439965296,NULL);
INSERT INTO "e_tab" VALUES(36,'H',-0.5,0.0);
INSERT INTO "e_tab" VALUES(36,'O',-75.05064088,8.169e-05);
INSERT INTO "e_tab" VALUES(36,'S',-398.0649583,0.00066492);
INSERT INTO "e_tab" VALUES(36,'Cr',-1044.33211043,0.00099254);
INSERT INTO "e_tab" VALUES(36,'CuCl',-2100.66131449,0.00137556);
INSERT INTO "e_tab" VALUES(36,'Cl',-460.1016287467,0.0002777084);
INSERT INTO "e_tab" VALUES(36,'Co',-1382.6281415021,0.0013350011);
INSERT INTO "e_tab" VALUES(36,'Cu',-1640.4270052555,0.0012250821);
INSERT INTO "e_tab" VALUES(36,'Fe',-1263.5711400073,0.0012906511);
INSERT INTO "e_tab" VALUES(36,'Mn',-1150.8956251655,0.001073568);
INSERT INTO "e_tab" VALUES(36,'Ni',-1508.1841413807,0.001557264);
INSERT INTO "e_tab" VALUES(36,'Ti',-849.2656819984,0.0011674108);
INSERT INTO "e_tab" VALUES(36,'V',-943.7946211414,0.000968233);
INSERT INTO "e_tab" VALUES(36,'Zn',-1779.3476691157,0.0014830614);
INSERT INTO "e_tab" VALUES(36,'CoCl',-1842.8615524264,0.0017686919);
INSERT INTO "e_tab" VALUES(36,'CrH',-1044.9039984148,0.0005831115);
INSERT INTO "e_tab" VALUES(36,'CuH',-1641.0185708351,0.001163849);
INSERT INTO "e_tab" VALUES(36,'FeH',-1264.1301507643,0.0007594831);
INSERT INTO "e_tab" VALUES(36,'MnCl',-1611.1270828283,0.0013072399);
INSERT INTO "e_tab" VALUES(36,'TiCl',-1309.5058773636,0.0015858472);
INSERT INTO "e_tab" VALUES(36,'VCl',-1404.0462483671,0.0013555781);
INSERT INTO "e_tab" VALUES(36,'VH',-944.3890106727,0.0005982833);
INSERT INTO "e_tab" VALUES(36,'ZnCl',-2239.5298195697,0.0017593402);
INSERT INTO "e_tab" VALUES(36,'ZnH',-1779.8845860944,0.0009875546);
INSERT INTO "e_tab" VALUES(36,'ZnO',-1854.4486621383,0.0014017248);
INSERT INTO "e_tab" VALUES(36,'ZnS',-2177.4660097255,0.001786665);
INSERT INTO "e_tab" VALUES(35,'O',-75.0541216531,0.0002737141);
INSERT INTO "e_tab" VALUES(35,'S',-398.0803766074,0.0011077539);
INSERT INTO "e_tab" VALUES(35,'Cl',-460.1148505344,0.0013685113);
INSERT INTO "e_tab" VALUES(35,'Co',-1382.6213546214,0.0008609867);
INSERT INTO "e_tab" VALUES(35,'Cr',-1044.3213080184,0.0084887246);
INSERT INTO "e_tab" VALUES(35,'Cu',-1640.4158787577,0.0010392173);
INSERT INTO "e_tab" VALUES(35,'Fe',-1263.5649381784,0.0007982973);
INSERT INTO "e_tab" VALUES(35,'Mn',-1150.8942160787,0.0006907212);
INSERT INTO "e_tab" VALUES(35,'Ni',-1508.1704015442,0.000936219);
INSERT INTO "e_tab" VALUES(35,'Ti',-849.2637022023,0.0011304518);
INSERT INTO "e_tab" VALUES(35,'V',-943.7977098598,0.0012359336);
INSERT INTO "e_tab" VALUES(35,'Zn',-1779.3360689905,0.0011023792);
INSERT INTO "e_tab" VALUES(35,'H',-0.5,0.0);
INSERT INTO "e_tab" VALUES(35,'CoCl',-1842.8607770619,0.0011254918);
INSERT INTO "e_tab" VALUES(35,'CoH',-1383.2062474615,0.0008065037);
INSERT INTO "e_tab" VALUES(35,'CrCl',-1504.5612698898,0.0009865502);
INSERT INTO "e_tab" VALUES(35,'CrH',-1044.9013491322,0.0007079449);
INSERT INTO "e_tab" VALUES(35,'CrO',-1119.5278025885,0.0008865793);
INSERT INTO "e_tab" VALUES(35,'CuCl',-2100.657590662,0.0014319177);
INSERT INTO "e_tab" VALUES(35,'CuH',-1641.0125910295,0.0011001855);
INSERT INTO "e_tab" VALUES(35,'FeCl',-1723.8082656046,0.0011920311);
INSERT INTO "e_tab" VALUES(35,'FeH',-1264.1278942604,0.0011574486);
INSERT INTO "e_tab" VALUES(35,'MnCl',-1611.1346994455,0.0010656085);
INSERT INTO "e_tab" VALUES(35,'MnS',-1549.0634719387,0.0009906997);
INSERT INTO "e_tab" VALUES(35,'NiCl',-1968.4232165679,0.001438152);
INSERT INTO "e_tab" VALUES(35,'TiCl',-1309.5135503394,0.0009444248);
INSERT INTO "e_tab" VALUES(35,'VCl',-1404.0485043925,0.0009161134);
INSERT INTO "e_tab" VALUES(35,'VH',-944.3898186565,0.0005921659);
INSERT INTO "e_tab" VALUES(35,'VO',-1019.077837159,0.0008741726);
INSERT INTO "e_tab" VALUES(35,'ZnCl',-2239.5263737253,0.0013976818);
INSERT INTO "e_tab" VALUES(35,'ZnH',-1779.87079946,0.0011986498);
INSERT INTO "e_tab" VALUES(35,'ZnO',-1854.4396244817,0.0011050567);
INSERT INTO "e_tab" VALUES(35,'ZnS',-2177.46683213,0.0013778438);
DELETE FROM sqlite_sequence;
INSERT INTO "sqlite_sequence" VALUES('basis_tab',1);
INSERT INTO "sqlite_sequence" VALUES('method_tab',7);
INSERT INTO "sqlite_sequence" VALUES('geo_tab',1);
INSERT INTO "sqlite_sequence" VALUES('run_tab',36);
INSERT INTO "sqlite_sequence" VALUES('coord_tab',53);
CREATE VIEW run_tab_expended as
            SELECT  run_tab.run_id run_id,
                   method_tab.name method,
                    basis_tab.name basis,
                      geo_tab.name geo,
                  run_tab.comments comments
            FROM run_tab
            LEFT JOIN method_tab
                 ON run_tab.method_id = method_tab.method_id
            LEFT JOIN basis_tab
                 ON run_tab.basis_id = basis_tab.basis_id
            LEFT JOIN geo_tab
                 ON run_tab.geo_id = geo_tab.geo_id;
CREATE VIEW run_tab_ele AS 
    SELECT run_id, ele_name 
    FROM e_tab 
  UNION 
    SELECT run_id, ele_name 
    FROM ae_tab;
COMMIT;
