PRAGMA foreign_keys=OFF;
BEGIN TRANSACTION;
CREATE TABLE units_tab(
    property  CHARACTER(32),
       units  CHARACTER(32),
  to_hartree  DOUBLE PRECISION
);
INSERT INTO "units_tab" VALUES('energy','Hartree',1.0);
INSERT INTO "units_tab" VALUES('so','kcal/mol',0.00159362);
INSERT INTO "units_tab" VALUES('atomization','kcal/mol',0.00159362);
CREATE TABLE ele_tab(
             id INTEGER UNIQUE,
           name CHARACTER(32) PRIMARY KEY,
        formula CHARACTER(32),
         charge INTEGER,
   multiplicity INTEGER,
      num_atoms INTEGER,
       num_elec INTEGER,
       symmetry CHARACTER(16)
);
INSERT INTO "ele_tab" VALUES(1,'TiCl','[(''Ti'', 1),(''Cl'', 1)]',0,4,2,39,'psi');
INSERT INTO "ele_tab" VALUES(2,'VH','[(''V'', 1),(''H'', 1)]',0,5,2,24,'delta');
INSERT INTO "ele_tab" VALUES(3,'VO','[(''O'', 1),(''V'', 1)]',0,4,2,31,'A2');
INSERT INTO "ele_tab" VALUES(4,'VCl','[(''V'', 1),(''Cl'', 1)]',0,5,2,40,'delta');
INSERT INTO "ele_tab" VALUES(5,'CrH','[(''Cr'', 1),(''H'', 1)]',0,6,2,25,'A1');
INSERT INTO "ele_tab" VALUES(6,'CrO','[(''O'', 1),(''Cr'', 1)]',0,5,2,32,'pi');
INSERT INTO "ele_tab" VALUES(7,'CrCl','[(''Cr'', 1),(''Cl'', 1)]',0,6,2,41,'A1');
INSERT INTO "ele_tab" VALUES(8,'MnS','[(''Mn'', 1),(''S'', 1)]',0,6,2,41,'A1');
INSERT INTO "ele_tab" VALUES(9,'MnCl','[(''Mn'', 1),(''Cl'', 1)]',0,7,2,42,'A1');
INSERT INTO "ele_tab" VALUES(10,'FeH','[(''Fe'', 1),(''H'', 1)]',0,4,2,27,'delta');
INSERT INTO "ele_tab" VALUES(11,'FeCl','[(''Fe'', 1),(''Cl'', 1)]',0,6,2,43,'delta');
INSERT INTO "ele_tab" VALUES(12,'CoH','[(''Co'', 1),(''H'', 1)]',0,3,2,28,'psi');
INSERT INTO "ele_tab" VALUES(13,'CoCl','[(''Co'', 1),(''Cl'', 1)]',0,3,2,44,'psi');
INSERT INTO "ele_tab" VALUES(14,'NiCl','[(''Ni'', 1),(''Cl'', 1)]',0,2,2,45,'pi');
INSERT INTO "ele_tab" VALUES(15,'CuH','[(''Cu'', 1),(''H'', 1)]',0,1,2,30,'A1');
INSERT INTO "ele_tab" VALUES(16,'CuCl','[(''Cu'', 1),(''Cl'', 1)]',0,1,2,46,'sigma');
INSERT INTO "ele_tab" VALUES(17,'ZnH','[(''Zn'', 1),(''H'', 1)]',0,2,2,31,'A1');
INSERT INTO "ele_tab" VALUES(18,'ZnO','[(''O'', 1),(''Zn'', 1)]',0,1,2,38,'sigma');
INSERT INTO "ele_tab" VALUES(19,'ZnS','[(''Zn'', 1),(''S'', 1)]',0,1,2,46,'sigma');
INSERT INTO "ele_tab" VALUES(20,'ZnCl','[(''Zn'', 1),(''Cl'', 1)]',0,2,2,47,'sigma');
INSERT INTO "ele_tab" VALUES(21,'Ti','[(''Ti'', 1)]',0,3,1,22,'F');
INSERT INTO "ele_tab" VALUES(22,'V','[(''V'', 1)]',0,4,1,23,'F');
INSERT INTO "ele_tab" VALUES(23,'Cr','[(''Cr'', 1)]',0,7,1,24,'S');
INSERT INTO "ele_tab" VALUES(24,'Mn','[(''Mn'', 1)]',0,6,1,25,'S');
INSERT INTO "ele_tab" VALUES(25,'Fe','[(''Fe'', 1)]',0,5,1,26,'D');
INSERT INTO "ele_tab" VALUES(26,'Co','[(''Co'', 1)]',0,4,1,27,'F');
INSERT INTO "ele_tab" VALUES(27,'Ni','[(''Ni'', 1)]',0,3,1,28,'F');
INSERT INTO "ele_tab" VALUES(28,'Cu','[(''Cu'', 1)]',0,2,1,29,'S');
INSERT INTO "ele_tab" VALUES(29,'Zn','[(''Zn'', 1)]',0,1,1,30,'S');
INSERT INTO "ele_tab" VALUES(30,'H','[(''H'', 1)]',0,2,1,1,'S');
INSERT INTO "ele_tab" VALUES(31,'O','[(''O'', 1)]',0,3,1,8,'P');
INSERT INTO "ele_tab" VALUES(32,'S','[(''S'', 1)]',0,3,1,16,'P');
INSERT INTO "ele_tab" VALUES(33,'Cl','[(''Cl'', 1)]',0,2,1,17,'P');
CREATE TABLE basis_tab(
    basis_id INTEGER PRIMARY KEY AUTOINCREMENT,
        name CHARACTER(32),
    comments STRING
);
INSERT INTO "basis_tab" VALUES(1,'ma(L)-TZVP',NULL);
INSERT INTO "basis_tab" VALUES(2,'cc-pVDZ',NULL);
INSERT INTO "basis_tab" VALUES(3,'ANO_DZ',NULL);
INSERT INTO "basis_tab" VALUES(4,'ANO_TZ',NULL);
CREATE TABLE method_tab(
                     method_id INTEGER PRIMARY KEY AUTOINCREMENT,
                          name CHARACTER(32),
                      comments STRING);
INSERT INTO "method_tab" VALUES(1,'ROHF',NULL);
INSERT INTO "method_tab" VALUES(2,'MP2',NULL);
INSERT INTO "method_tab" VALUES(3,'CCSD',NULL);
INSERT INTO "method_tab" VALUES(4,'CCSD(T)',NULL);
INSERT INTO "method_tab" VALUES(5,'CCSDT',NULL);
INSERT INTO "method_tab" VALUES(6,'CCSDT(2)Q',NULL);
INSERT INTO "method_tab" VALUES(7,'B97-1',NULL);
INSERT INTO "method_tab" VALUES(8,'CIPSI',NULL);
INSERT INTO "method_tab" VALUES(9,'DMC',NULL);
INSERT INTO "method_tab" VALUES(10,'CASSD',NULL);
INSERT INTO "method_tab" VALUES(11,'MRCCSD',NULL);
INSERT INTO "method_tab" VALUES(12,'MRSC2',NULL);
CREATE TABLE geo_tab(
            geo_id INTEGER PRIMARY KEY AUTOINCREMENT,
         method_id INTEGER,
          basis_id INTEGER,
            name CHARACTER(32),
            comments STRING,
          FOREIGN KEY(method_id) REFERENCES method_tab(method_id),
          FOREIGN KEY(basis_id) REFERENCES basis_tab(basis_id)
            );
INSERT INTO "geo_tab" VALUES(1,NULL,NULL,'Experiment',NULL);
CREATE TABLE run_tab(
         run_id INTEGER PRIMARY KEY AUTOINCREMENT,
         geo_id INTEGER,
      method_id INTEGER,
       basis_id INTEGER,
       comments STRING,
          FOREIGN KEY(geo_id) REFERENCES geo_tab(geo_id),
          FOREIGN KEY(method_id) REFERENCES method_tab(method_id),
          FOREIGN KEY(basis_id) REFERENCES basis_tab(basis_id),
         UNIQUE(geo_id,method_id,basis_id,comments));
INSERT INTO "run_tab" VALUES(1,1,NULL,NULL,'Experiment');
INSERT INTO "run_tab" VALUES(2,1,1,1,'Truhlar');
INSERT INTO "run_tab" VALUES(3,1,2,1,'Truhlar');
INSERT INTO "run_tab" VALUES(4,1,3,1,'Truhlar');
INSERT INTO "run_tab" VALUES(5,1,4,1,'Truhlar');
INSERT INTO "run_tab" VALUES(6,1,5,1,'Truhlar');
INSERT INTO "run_tab" VALUES(7,1,6,1,'Truhlar');
INSERT INTO "run_tab" VALUES(8,1,7,1,'Truhlar');
INSERT INTO "run_tab" VALUES(14,1,1,3,'');
INSERT INTO "run_tab" VALUES(15,1,8,3,'1M dets');
INSERT INTO "run_tab" VALUES(16,1,10,3,'1M dets');
INSERT INTO "run_tab" VALUES(17,1,10,3,'1M dets (+PT2)');
INSERT INTO "run_tab" VALUES(18,1,11,3,'1M dets nopert');
INSERT INTO "run_tab" VALUES(19,1,11,3,'1M dets 1 iteration nopert');
INSERT INTO "run_tab" VALUES(20,1,8,3,'100k dets');
INSERT INTO "run_tab" VALUES(21,1,8,3,'100k dets (+PT2)');
CREATE TABLE coord_tab(
                    coord_id INTEGER PRIMARY KEY AUTOINCREMENT,
                     geo_id INTEGER,
                      mol_id INTEGER,
                        atom CHARACTER(2),
                           x DOUBLE PRECISION,
                           y DOUBLE PRECISION,
                           z DOUBLE PRECISION,
                    FOREIGN KEY(geo_id) REFERENCES geo_tab(geo_id),
                    FOREIGN KEY(atom) REFERENCES ele_tab(name),
                    UNIQUE(x,y,z,mol_id,geo_id)
                );
INSERT INTO "coord_tab" VALUES(1,1,1,'Ti',0.0,0.0,0.0);
INSERT INTO "coord_tab" VALUES(2,1,1,'Cl',0.0,0.0,2.265);
INSERT INTO "coord_tab" VALUES(3,1,2,'V',0.0,0.0,0.0);
INSERT INTO "coord_tab" VALUES(4,1,2,'H',0.0,0.0,1.73);
INSERT INTO "coord_tab" VALUES(5,1,3,'V',0.0,0.0,0.0);
INSERT INTO "coord_tab" VALUES(6,1,3,'O',0.0,0.0,1.589);
INSERT INTO "coord_tab" VALUES(7,1,4,'V',0.0,0.0,0.0);
INSERT INTO "coord_tab" VALUES(8,1,4,'Cl',0.0,0.0,2.215);
INSERT INTO "coord_tab" VALUES(9,1,5,'Cr',0.0,0.0,0.0);
INSERT INTO "coord_tab" VALUES(10,1,5,'H',0.0,0.0,1.656);
INSERT INTO "coord_tab" VALUES(11,1,6,'Cr',0.0,0.0,0.0);
INSERT INTO "coord_tab" VALUES(12,1,6,'O',0.0,0.0,1.621);
INSERT INTO "coord_tab" VALUES(13,1,7,'Cr',0.0,0.0,0.0);
INSERT INTO "coord_tab" VALUES(14,1,7,'Cl',0.0,0.0,2.194);
INSERT INTO "coord_tab" VALUES(15,1,8,'Mn',0.0,0.0,0.0);
INSERT INTO "coord_tab" VALUES(16,1,8,'S',0.0,0.0,2.07);
INSERT INTO "coord_tab" VALUES(17,1,9,'Mn',0.0,0.0,0.0);
INSERT INTO "coord_tab" VALUES(18,1,9,'Cl',0.0,0.0,2.243);
INSERT INTO "coord_tab" VALUES(19,1,10,'Fe',0.0,0.0,0.0);
INSERT INTO "coord_tab" VALUES(20,1,10,'H',0.0,0.0,1.63);
INSERT INTO "coord_tab" VALUES(21,1,11,'Fe',0.0,0.0,0.0);
INSERT INTO "coord_tab" VALUES(22,1,11,'Cl',0.0,0.0,2.179);
INSERT INTO "coord_tab" VALUES(23,1,12,'Co',0.0,0.0,0.0);
INSERT INTO "coord_tab" VALUES(24,1,12,'H',0.0,0.0,1.53);
INSERT INTO "coord_tab" VALUES(25,1,13,'Co',0.0,0.0,0.0);
INSERT INTO "coord_tab" VALUES(26,1,13,'Cl',0.0,0.0,2.087);
INSERT INTO "coord_tab" VALUES(27,1,14,'Ni',0.0,0.0,0.0);
INSERT INTO "coord_tab" VALUES(28,1,14,'Cl',0.0,0.0,2.073);
INSERT INTO "coord_tab" VALUES(29,1,15,'Cu',0.0,0.0,0.0);
INSERT INTO "coord_tab" VALUES(30,1,15,'H',0.0,0.0,1.463);
INSERT INTO "coord_tab" VALUES(31,1,16,'Cu',0.0,0.0,0.0);
INSERT INTO "coord_tab" VALUES(32,1,16,'Cl',0.0,0.0,2.05);
INSERT INTO "coord_tab" VALUES(33,1,17,'Zn',0.0,0.0,0.0);
INSERT INTO "coord_tab" VALUES(34,1,17,'H',0.0,0.0,1.59);
INSERT INTO "coord_tab" VALUES(35,1,18,'Zn',0.0,0.0,0.0);
INSERT INTO "coord_tab" VALUES(36,1,18,'O',0.0,0.0,1.8);
INSERT INTO "coord_tab" VALUES(37,1,19,'Zn',0.0,0.0,0.0);
INSERT INTO "coord_tab" VALUES(38,1,19,'S',0.0,0.0,2.1);
INSERT INTO "coord_tab" VALUES(39,1,20,'Zn',0.0,0.0,0.0);
INSERT INTO "coord_tab" VALUES(40,1,20,'Cl',0.0,0.0,2.1);
INSERT INTO "coord_tab" VALUES(41,1,21,'Ti',0.0,0.0,0.0);
INSERT INTO "coord_tab" VALUES(42,1,22,'V',0.0,0.0,0.0);
INSERT INTO "coord_tab" VALUES(43,1,23,'Cr',0.0,0.0,0.0);
INSERT INTO "coord_tab" VALUES(44,1,24,'Mn',0.0,0.0,0.0);
INSERT INTO "coord_tab" VALUES(45,1,25,'Fe',0.0,0.0,0.0);
INSERT INTO "coord_tab" VALUES(46,1,26,'Co',0.0,0.0,0.0);
INSERT INTO "coord_tab" VALUES(47,1,27,'Ni',0.0,0.0,0.0);
INSERT INTO "coord_tab" VALUES(48,1,28,'Cu',0.0,0.0,0.0);
INSERT INTO "coord_tab" VALUES(49,1,29,'Zn',0.0,0.0,0.0);
INSERT INTO "coord_tab" VALUES(50,1,30,'H',0.0,0.0,0.0);
INSERT INTO "coord_tab" VALUES(51,1,31,'O',0.0,0.0,0.0);
INSERT INTO "coord_tab" VALUES(52,1,32,'S',0.0,0.0,0.0);
INSERT INTO "coord_tab" VALUES(53,1,33,'Cl',0.0,0.0,0.0);
CREATE TABLE so_tab(
                run_id INTEGER,
                mol_name INTEGER,
               energy DOUBLE PRECISION,
                  err DOUBLE PRECISION,
               FOREIGN KEY(mol_name) REFERENCES ele_tab(name),
               FOREIGN KEY(run_id) REFERENCES run_tab(run_id),
               PRIMARY KEY(run_id,mol_name)
);
INSERT INTO "so_tab" VALUES(1,'TiCl',-0.5,NULL);
INSERT INTO "so_tab" VALUES(1,'VH',-0.5,NULL);
INSERT INTO "so_tab" VALUES(1,'VO',0.0,NULL);
INSERT INTO "so_tab" VALUES(1,'VCl',-0.4,NULL);
INSERT INTO "so_tab" VALUES(1,'CrH',0.0,NULL);
INSERT INTO "so_tab" VALUES(1,'CrO',-0.4,NULL);
INSERT INTO "so_tab" VALUES(1,'CrCl',0.0,NULL);
INSERT INTO "so_tab" VALUES(1,'MnS',0.0,NULL);
INSERT INTO "so_tab" VALUES(1,'MnCl',0.0,NULL);
INSERT INTO "so_tab" VALUES(1,'FeH',-1.1,NULL);
INSERT INTO "so_tab" VALUES(1,'FeCl',-1.1,NULL);
INSERT INTO "so_tab" VALUES(1,'CoH',-2.1,NULL);
INSERT INTO "so_tab" VALUES(1,'CoCl',-2.1,NULL);
INSERT INTO "so_tab" VALUES(1,'NiCl',-1.5,NULL);
INSERT INTO "so_tab" VALUES(1,'CuH',0.0,NULL);
INSERT INTO "so_tab" VALUES(1,'CuCl',0.0,NULL);
INSERT INTO "so_tab" VALUES(1,'ZnH',0.0,NULL);
INSERT INTO "so_tab" VALUES(1,'ZnO',0.0,NULL);
INSERT INTO "so_tab" VALUES(1,'ZnS',0.0,NULL);
INSERT INTO "so_tab" VALUES(1,'ZnCl',0.0,NULL);
INSERT INTO "so_tab" VALUES(1,'Ti',-0.6,NULL);
INSERT INTO "so_tab" VALUES(1,'V',-0.9,NULL);
INSERT INTO "so_tab" VALUES(1,'Cr',0.0,NULL);
INSERT INTO "so_tab" VALUES(1,'Mn',0.0,NULL);
INSERT INTO "so_tab" VALUES(1,'Fe',-1.2,NULL);
INSERT INTO "so_tab" VALUES(1,'Co',-2.3,NULL);
INSERT INTO "so_tab" VALUES(1,'Ni',-2.8,NULL);
INSERT INTO "so_tab" VALUES(1,'Cu',0.0,NULL);
INSERT INTO "so_tab" VALUES(1,'Zn',0.0,NULL);
INSERT INTO "so_tab" VALUES(1,'H',0.0,NULL);
INSERT INTO "so_tab" VALUES(1,'O',-0.2,NULL);
INSERT INTO "so_tab" VALUES(1,'S',-0.6,NULL);
INSERT INTO "so_tab" VALUES(1,'Cl',-0.8,NULL);
CREATE TABLE ae_tab(
                run_id INTEGER,
                ele_name INTEGER,
               energy DOUBLE PRECISION,
                  err DOUBLE PRECISION,
               FOREIGN KEY(ele_name) REFERENCES ele_tab(name),
               FOREIGN KEY(run_id) REFERENCES run_tab(run_id),
               PRIMARY KEY(run_id,ele_name)
);
INSERT INTO "ae_tab" VALUES(1,'TiCl',101.7,2.0);
INSERT INTO "ae_tab" VALUES(1,'VH',51.8,1.6);
INSERT INTO "ae_tab" VALUES(1,'VO',152.1,2.0);
INSERT INTO "ae_tab" VALUES(1,'VCl',103.2,2.0);
INSERT INTO "ae_tab" VALUES(1,'CrH',46.8,1.6);
INSERT INTO "ae_tab" VALUES(1,'CrO',104.5,1.2);
INSERT INTO "ae_tab" VALUES(1,'CrCl',90.9,1.6);
INSERT INTO "ae_tab" VALUES(1,'MnS',71.1,2.0);
INSERT INTO "ae_tab" VALUES(1,'MnCl',81.5,1.6);
INSERT INTO "ae_tab" VALUES(1,'FeH',37.0,0.8);
INSERT INTO "ae_tab" VALUES(1,'FeCl',79.4,1.6);
INSERT INTO "ae_tab" VALUES(1,'CoH',45.7,1.2);
INSERT INTO "ae_tab" VALUES(1,'CoCl',81.5,1.6);
INSERT INTO "ae_tab" VALUES(1,'NiCl',90.1,1.0);
INSERT INTO "ae_tab" VALUES(1,'CuH',62.6,1.4);
INSERT INTO "ae_tab" VALUES(1,'CuCl',88.5,0.4);
INSERT INTO "ae_tab" VALUES(1,'ZnH',21.6,0.5);
INSERT INTO "ae_tab" VALUES(1,'ZnO',38.1,0.9);
INSERT INTO "ae_tab" VALUES(1,'ZnS',34.9,1.0);
INSERT INTO "ae_tab" VALUES(1,'ZnCl',54.3,1.0);
INSERT INTO "ae_tab" VALUES(2,'MnCl',76.0,NULL);
INSERT INTO "ae_tab" VALUES(2,'ZnCl',47.5,NULL);
INSERT INTO "ae_tab" VALUES(2,'FeCl',74.6,NULL);
INSERT INTO "ae_tab" VALUES(2,'CrCl',57.8,NULL);
INSERT INTO "ae_tab" VALUES(2,'ZnS',-1.4,NULL);
INSERT INTO "ae_tab" VALUES(2,'ZnH',17.8,NULL);
INSERT INTO "ae_tab" VALUES(2,'CuCl',61.5,NULL);
INSERT INTO "ae_tab" VALUES(2,'ZnO',-41.2,NULL);
INSERT INTO "ae_tab" VALUES(2,'NiCl',32.0,NULL);
INSERT INTO "ae_tab" VALUES(2,'TiCl',85.7,NULL);
INSERT INTO "ae_tab" VALUES(2,'CuH',30.2,NULL);
INSERT INTO "ae_tab" VALUES(2,'VO',34.2,NULL);
INSERT INTO "ae_tab" VALUES(2,'VCl',83.5,NULL);
INSERT INTO "ae_tab" VALUES(2,'MnS',10.3,NULL);
INSERT INTO "ae_tab" VALUES(2,'CrO',-22.6,NULL);
INSERT INTO "ae_tab" VALUES(2,'CoH',-9.3,NULL);
INSERT INTO "ae_tab" VALUES(2,'CoCl',24.3,NULL);
INSERT INTO "ae_tab" VALUES(2,'VH',40.6,NULL);
INSERT INTO "ae_tab" VALUES(2,'FeH',-15.4,NULL);
INSERT INTO "ae_tab" VALUES(2,'CrH',18.9,NULL);
INSERT INTO "ae_tab" VALUES(3,'MnCl',87.3,NULL);
INSERT INTO "ae_tab" VALUES(3,'ZnCl',56.6,NULL);
INSERT INTO "ae_tab" VALUES(3,'FeCl',86.5,NULL);
INSERT INTO "ae_tab" VALUES(3,'CrCl',85.9,NULL);
INSERT INTO "ae_tab" VALUES(3,'ZnS',36.3,NULL);
INSERT INTO "ae_tab" VALUES(3,'ZnH',20.2,NULL);
INSERT INTO "ae_tab" VALUES(3,'CuCl',89.1,NULL);
INSERT INTO "ae_tab" VALUES(3,'ZnO',42.8,NULL);
INSERT INTO "ae_tab" VALUES(3,'NiCl',105.3,NULL);
INSERT INTO "ae_tab" VALUES(3,'TiCl',99.3,NULL);
INSERT INTO "ae_tab" VALUES(3,'CuH',56.4,NULL);
INSERT INTO "ae_tab" VALUES(3,'VO',154.3,NULL);
INSERT INTO "ae_tab" VALUES(3,'VCl',98.3,NULL);
INSERT INTO "ae_tab" VALUES(3,'MnS',57.0,NULL);
INSERT INTO "ae_tab" VALUES(3,'CrO',97.6,NULL);
INSERT INTO "ae_tab" VALUES(3,'CoH',51.5,NULL);
INSERT INTO "ae_tab" VALUES(3,'CoCl',88.7,NULL);
INSERT INTO "ae_tab" VALUES(3,'VH',46.9,NULL);
INSERT INTO "ae_tab" VALUES(3,'FeH',34.6,NULL);
INSERT INTO "ae_tab" VALUES(3,'CrH',29.3,NULL);
INSERT INTO "ae_tab" VALUES(4,'MnCl',78.2,NULL);
INSERT INTO "ae_tab" VALUES(4,'ZnCl',48.5,NULL);
INSERT INTO "ae_tab" VALUES(4,'FeCl',77.8,NULL);
INSERT INTO "ae_tab" VALUES(4,'CrCl',83.1,NULL);
INSERT INTO "ae_tab" VALUES(4,'ZnS',24.7,NULL);
INSERT INTO "ae_tab" VALUES(4,'ZnH',21.3,NULL);
INSERT INTO "ae_tab" VALUES(4,'CuCl',81.9,NULL);
INSERT INTO "ae_tab" VALUES(4,'ZnO',21.2,NULL);
INSERT INTO "ae_tab" VALUES(4,'NiCl',78.7,NULL);
INSERT INTO "ae_tab" VALUES(4,'TiCl',91.7,NULL);
INSERT INTO "ae_tab" VALUES(4,'CuH',56.5,NULL);
INSERT INTO "ae_tab" VALUES(4,'VO',122.9,NULL);
INSERT INTO "ae_tab" VALUES(4,'VCl',91.6,NULL);
INSERT INTO "ae_tab" VALUES(4,'MnS',51.6,NULL);
INSERT INTO "ae_tab" VALUES(4,'CrO',78.5,NULL);
INSERT INTO "ae_tab" VALUES(4,'CoH',39.6,NULL);
INSERT INTO "ae_tab" VALUES(4,'CoCl',68.3,NULL);
INSERT INTO "ae_tab" VALUES(4,'VH',51.0,NULL);
INSERT INTO "ae_tab" VALUES(4,'FeH',32.6,NULL);
INSERT INTO "ae_tab" VALUES(4,'CrH',45.3,NULL);
INSERT INTO "ae_tab" VALUES(5,'MnCl',79.5,NULL);
INSERT INTO "ae_tab" VALUES(5,'ZnCl',49.6,NULL);
INSERT INTO "ae_tab" VALUES(5,'FeCl',79.3,NULL);
INSERT INTO "ae_tab" VALUES(5,'CrCl',85.7,NULL);
INSERT INTO "ae_tab" VALUES(5,'ZnS',30.3,NULL);
INSERT INTO "ae_tab" VALUES(5,'ZnH',21.0,NULL);
INSERT INTO "ae_tab" VALUES(5,'CuCl',84.0,NULL);
INSERT INTO "ae_tab" VALUES(5,'ZnO',31.0,NULL);
INSERT INTO "ae_tab" VALUES(5,'NiCl',83.8,NULL);
INSERT INTO "ae_tab" VALUES(5,'TiCl',93.8,NULL);
INSERT INTO "ae_tab" VALUES(5,'CuH',58.3,NULL);
INSERT INTO "ae_tab" VALUES(5,'VO',141.3,NULL);
INSERT INTO "ae_tab" VALUES(5,'VCl',93.6,NULL);
INSERT INTO "ae_tab" VALUES(5,'MnS',58.2,NULL);
INSERT INTO "ae_tab" VALUES(5,'CrO',96.1,NULL);
INSERT INTO "ae_tab" VALUES(5,'CoH',44.0,NULL);
INSERT INTO "ae_tab" VALUES(5,'CoCl',73.2,NULL);
INSERT INTO "ae_tab" VALUES(5,'VH',51.3,NULL);
INSERT INTO "ae_tab" VALUES(5,'FeH',35.4,NULL);
INSERT INTO "ae_tab" VALUES(5,'CrH',46.2,NULL);
INSERT INTO "ae_tab" VALUES(6,'MnCl',79.3,NULL);
INSERT INTO "ae_tab" VALUES(6,'ZnCl',49.6,NULL);
INSERT INTO "ae_tab" VALUES(6,'FeCl',79.2,NULL);
INSERT INTO "ae_tab" VALUES(6,'CrCl',85.7,NULL);
INSERT INTO "ae_tab" VALUES(6,'ZnS',30.1,NULL);
INSERT INTO "ae_tab" VALUES(6,'ZnH',21.2,NULL);
INSERT INTO "ae_tab" VALUES(6,'CuCl',84.0,NULL);
INSERT INTO "ae_tab" VALUES(6,'ZnO',31.1,NULL);
INSERT INTO "ae_tab" VALUES(6,'NiCl',84.0,NULL);
INSERT INTO "ae_tab" VALUES(6,'TiCl',94.3,NULL);
INSERT INTO "ae_tab" VALUES(6,'CuH',58.4,NULL);
INSERT INTO "ae_tab" VALUES(6,'VO',140.2,NULL);
INSERT INTO "ae_tab" VALUES(6,'VCl',93.4,NULL);
INSERT INTO "ae_tab" VALUES(6,'MnS',58.6,NULL);
INSERT INTO "ae_tab" VALUES(6,'CrO',96.1,NULL);
INSERT INTO "ae_tab" VALUES(6,'CoH',45.5,NULL);
INSERT INTO "ae_tab" VALUES(6,'CoCl',74.3,NULL);
INSERT INTO "ae_tab" VALUES(6,'VH',51.4,NULL);
INSERT INTO "ae_tab" VALUES(6,'FeH',36.5,NULL);
INSERT INTO "ae_tab" VALUES(6,'CrH',46.9,NULL);
INSERT INTO "ae_tab" VALUES(7,'MnCl',79.4,NULL);
INSERT INTO "ae_tab" VALUES(7,'ZnCl',49.7,NULL);
INSERT INTO "ae_tab" VALUES(7,'FeCl',79.3,NULL);
INSERT INTO "ae_tab" VALUES(7,'CrCl',85.8,NULL);
INSERT INTO "ae_tab" VALUES(7,'ZnS',30.6,NULL);
INSERT INTO "ae_tab" VALUES(7,'ZnH',21.2,NULL);
INSERT INTO "ae_tab" VALUES(7,'CuCl',84.1,NULL);
INSERT INTO "ae_tab" VALUES(7,'ZnO',32.2,NULL);
INSERT INTO "ae_tab" VALUES(7,'NiCl',84.2,NULL);
INSERT INTO "ae_tab" VALUES(7,'TiCl',94.5,NULL);
INSERT INTO "ae_tab" VALUES(7,'CuH',58.5,NULL);
INSERT INTO "ae_tab" VALUES(7,'VO',141.2,NULL);
INSERT INTO "ae_tab" VALUES(7,'VCl',93.4,NULL);
INSERT INTO "ae_tab" VALUES(7,'MnS',58.7,NULL);
INSERT INTO "ae_tab" VALUES(7,'CrO',96.7,NULL);
INSERT INTO "ae_tab" VALUES(7,'CoH',46.0,NULL);
INSERT INTO "ae_tab" VALUES(7,'CoCl',74.6,NULL);
INSERT INTO "ae_tab" VALUES(7,'VH',51.4,NULL);
INSERT INTO "ae_tab" VALUES(7,'FeH',36.6,NULL);
INSERT INTO "ae_tab" VALUES(7,'CrH',47.0,NULL);
INSERT INTO "ae_tab" VALUES(8,'MnCl',75.3,NULL);
INSERT INTO "ae_tab" VALUES(8,'ZnCl',48.6,NULL);
INSERT INTO "ae_tab" VALUES(8,'FeCl',77.8,NULL);
INSERT INTO "ae_tab" VALUES(8,'CrCl',92.1,NULL);
INSERT INTO "ae_tab" VALUES(8,'ZnS',34.5,NULL);
INSERT INTO "ae_tab" VALUES(8,'ZnH',19.4,NULL);
INSERT INTO "ae_tab" VALUES(8,'CuCl',86.7,NULL);
INSERT INTO "ae_tab" VALUES(8,'ZnO',29.9,NULL);
INSERT INTO "ae_tab" VALUES(8,'NiCl',89.7,NULL);
INSERT INTO "ae_tab" VALUES(8,'TiCl',101.4,NULL);
INSERT INTO "ae_tab" VALUES(8,'CuH',61.6,NULL);
INSERT INTO "ae_tab" VALUES(8,'VO',147.5,NULL);
INSERT INTO "ae_tab" VALUES(8,'VCl',100.2,NULL);
INSERT INTO "ae_tab" VALUES(8,'MnS',71.2,NULL);
INSERT INTO "ae_tab" VALUES(8,'CrO',102.5,NULL);
INSERT INTO "ae_tab" VALUES(8,'CoH',63.9,NULL);
INSERT INTO "ae_tab" VALUES(8,'CoCl',93.7,NULL);
INSERT INTO "ae_tab" VALUES(8,'VH',59.1,NULL);
INSERT INTO "ae_tab" VALUES(8,'FeH',51.7,NULL);
INSERT INTO "ae_tab" VALUES(8,'CrH',53.9,NULL);
CREATE TABLE e_tab(
               run_id INTEGER,
             ele_name INTEGER,
               energy DOUBLE PRECISION,
                  err DOUBLE PRECISION,
               FOREIGN KEY(ele_name) REFERENCES ele_tab(name),
               FOREIGN KEY(run_id) REFERENCES run_tab(run_id),
               PRIMARY KEY(run_id,ele_name)
);
INSERT INTO "e_tab" VALUES(14,'Cl',-459.481132,NULL);
INSERT INTO "e_tab" VALUES(14,'Co',-1381.401514,NULL);
INSERT INTO "e_tab" VALUES(14,'Cr',-1043.35596,NULL);
INSERT INTO "e_tab" VALUES(14,'Cu',-1638.962818,NULL);
INSERT INTO "e_tab" VALUES(14,'Fe',-1262.44743,NULL);
INSERT INTO "e_tab" VALUES(14,'H',-0.499944,NULL);
INSERT INTO "e_tab" VALUES(14,'Mn',-1149.865752,NULL);
INSERT INTO "e_tab" VALUES(14,'Ni',-1506.872955,NULL);
INSERT INTO "e_tab" VALUES(14,'O',-74.810879,NULL);
INSERT INTO "e_tab" VALUES(14,'S',-397.504578,NULL);
INSERT INTO "e_tab" VALUES(14,'Ti',-848.396533,NULL);
INSERT INTO "e_tab" VALUES(14,'V',-942.886035,NULL);
INSERT INTO "e_tab" VALUES(14,'Zn',-1777.847252,NULL);
INSERT INTO "e_tab" VALUES(14,'CoCl',-1840.93871,NULL);
INSERT INTO "e_tab" VALUES(14,'CoH',-1381.903849,NULL);
INSERT INTO "e_tab" VALUES(14,'CrCl',-1502.935772,NULL);
INSERT INTO "e_tab" VALUES(14,'CrH',-1043.889466,NULL);
INSERT INTO "e_tab" VALUES(14,'CrO',-1118.133189,NULL);
INSERT INTO "e_tab" VALUES(14,'CuCl',-2098.543766,NULL);
INSERT INTO "e_tab" VALUES(14,'CuH',-1639.51256,NULL);
INSERT INTO "e_tab" VALUES(14,'FeCl',-1722.050214,NULL);
INSERT INTO "e_tab" VALUES(14,'FeH',-1262.919982,NULL);
INSERT INTO "e_tab" VALUES(14,'MnCl',-1609.470844,NULL);
INSERT INTO "e_tab" VALUES(14,'MnS',-1547.389336,NULL);
INSERT INTO "e_tab" VALUES(14,'NiCl',-1966.406434,NULL);
INSERT INTO "e_tab" VALUES(14,'TiCl',-1308.002765,NULL);
INSERT INTO "e_tab" VALUES(14,'VCl',-1402.499302,NULL);
INSERT INTO "e_tab" VALUES(14,'VH',-943.454481,NULL);
INSERT INTO "e_tab" VALUES(14,'VO',-1017.751722,NULL);
INSERT INTO "e_tab" VALUES(14,'ZnCl',-2237.405996,NULL);
INSERT INTO "e_tab" VALUES(14,'ZnH',-1778.376485,NULL);
INSERT INTO "e_tab" VALUES(14,'ZnO',-1852.594536,NULL);
INSERT INTO "e_tab" VALUES(14,'ZnS',-2175.350565,NULL);
INSERT INTO "e_tab" VALUES(18,'Cl',-459.637812925912,NULL);
INSERT INTO "e_tab" VALUES(18,'Co',-1381.93493546753,NULL);
INSERT INTO "e_tab" VALUES(18,'Cr',-1043.73194963993,NULL);
INSERT INTO "e_tab" VALUES(18,'Cu',-1639.66514241474,NULL);
INSERT INTO "e_tab" VALUES(18,'H',-0.499940175895297,NULL);
INSERT INTO "e_tab" VALUES(18,'Mn',-1150.26868694413,NULL);
INSERT INTO "e_tab" VALUES(18,'Ni',-1507.46354298128,NULL);
INSERT INTO "e_tab" VALUES(18,'O',-74.9557059385069,NULL);
INSERT INTO "e_tab" VALUES(18,'S',-397.626921523673,NULL);
INSERT INTO "e_tab" VALUES(18,'Ti',-848.713144657274,NULL);
INSERT INTO "e_tab" VALUES(18,'V',-943.227350796414,NULL);
INSERT INTO "e_tab" VALUES(18,'Zn',-1778.54367355763,NULL);
INSERT INTO "e_tab" VALUES(18,'CoCl',-1841.66058734244,NULL);
INSERT INTO "e_tab" VALUES(18,'CoH',-1382.50796115067,NULL);
INSERT INTO "e_tab" VALUES(18,'CrCl',-1503.4811392838,NULL);
INSERT INTO "e_tab" VALUES(18,'CrH',-1044.31292989435,NULL);
INSERT INTO "e_tab" VALUES(18,'CrO',-1118.80121798242,NULL);
INSERT INTO "e_tab" VALUES(18,'CuCl',-2099.41158775237,NULL);
INSERT INTO "e_tab" VALUES(18,'CuH',-1640.26056956483,NULL);
INSERT INTO "e_tab" VALUES(18,'FeCl',-1722.65762993233,NULL);
INSERT INTO "e_tab" VALUES(18,'FeH',-1263.46061283332,NULL);
INSERT INTO "e_tab" VALUES(18,'MnCl',-1610.01865997735,NULL);
INSERT INTO "e_tab" VALUES(18,'MnS',-1547.95312333424,NULL);
INSERT INTO "e_tab" VALUES(18,'NiCl',-1967.20960671463,NULL);
INSERT INTO "e_tab" VALUES(18,'TiCl',-1308.4731999793,NULL);
INSERT INTO "e_tab" VALUES(18,'VCl',-1402.98656129942,NULL);
INSERT INTO "e_tab" VALUES(18,'VH',-943.812500753222,NULL);
INSERT INTO "e_tab" VALUES(18,'VO',-1018.3768674113,NULL);
INSERT INTO "e_tab" VALUES(18,'ZnCl',-2238.23439591438,NULL);
INSERT INTO "e_tab" VALUES(18,'ZnH',-1779.08446589543,NULL);
INSERT INTO "e_tab" VALUES(18,'ZnO',-1853.52028242899,NULL);
INSERT INTO "e_tab" VALUES(18,'ZnS',-2176.17905003125,NULL);
INSERT INTO "e_tab" VALUES(19,'Cl',-459.637704819782,NULL);
INSERT INTO "e_tab" VALUES(19,'Co',-1381.93374218799,NULL);
INSERT INTO "e_tab" VALUES(19,'Cr',-1043.73082867865,NULL);
INSERT INTO "e_tab" VALUES(19,'Cu',-1639.66116860847,NULL);
INSERT INTO "e_tab" VALUES(19,'H',-0.499940175895297,NULL);
INSERT INTO "e_tab" VALUES(19,'Mn',-1150.26794857041,NULL);
INSERT INTO "e_tab" VALUES(19,'Ni',-1507.46153523468,NULL);
INSERT INTO "e_tab" VALUES(19,'O',-74.9556538473708,NULL);
INSERT INTO "e_tab" VALUES(19,'S',-397.626805283784,NULL);
INSERT INTO "e_tab" VALUES(19,'Ti',-848.711311206277,NULL);
INSERT INTO "e_tab" VALUES(19,'V',-943.226776452025,NULL);
INSERT INTO "e_tab" VALUES(19,'Zn',-1778.54104623926,NULL);
INSERT INTO "e_tab" VALUES(19,'CoCl',-1841.65599935568,NULL);
INSERT INTO "e_tab" VALUES(19,'CoH',-1382.5077454199,NULL);
INSERT INTO "e_tab" VALUES(19,'CrCl',-1503.47753467584,NULL);
INSERT INTO "e_tab" VALUES(19,'CrH',-1044.31137659747,NULL);
INSERT INTO "e_tab" VALUES(19,'CrO',-1118.79858239315,NULL);
INSERT INTO "e_tab" VALUES(19,'CuCl',-2099.40044230414,NULL);
INSERT INTO "e_tab" VALUES(19,'CuH',-1640.25539082605,NULL);
INSERT INTO "e_tab" VALUES(19,'FeCl',-1722.65275577144,NULL);
INSERT INTO "e_tab" VALUES(19,'FeH',-1263.45669230606,NULL);
INSERT INTO "e_tab" VALUES(19,'MnCl',-1610.01403068223,NULL);
INSERT INTO "e_tab" VALUES(19,'MnS',-1547.94971463034,NULL);
INSERT INTO "e_tab" VALUES(19,'NiCl',-1967.20039937582,NULL);
INSERT INTO "e_tab" VALUES(19,'TiCl',-1308.47090965439,NULL);
INSERT INTO "e_tab" VALUES(19,'VCl',-1402.98656129942,NULL);
INSERT INTO "e_tab" VALUES(19,'VH',-943.811536663672,NULL);
INSERT INTO "e_tab" VALUES(19,'VO',-1018.37528510486,NULL);
INSERT INTO "e_tab" VALUES(19,'ZnCl',-2238.22695133577,NULL);
INSERT INTO "e_tab" VALUES(19,'ZnH',-1779.07985986127,NULL);
INSERT INTO "e_tab" VALUES(19,'ZnO',-1853.51531834012,NULL);
INSERT INTO "e_tab" VALUES(19,'ZnS',-2176.17436217898,NULL);
INSERT INTO "e_tab" VALUES(15,'Cl',-459.6400324299,NULL);
INSERT INTO "e_tab" VALUES(15,'Co',-1381.9422820286,NULL);
INSERT INTO "e_tab" VALUES(15,'Cr',-1043.738589273,NULL);
INSERT INTO "e_tab" VALUES(15,'Cu',-1639.6734876839,NULL);
INSERT INTO "e_tab" VALUES(15,'H',-0.4999401759,NULL);
INSERT INTO "e_tab" VALUES(15,'Mn',-1150.2738109856,NULL);
INSERT INTO "e_tab" VALUES(15,'Ni',-1507.4688583959,NULL);
INSERT INTO "e_tab" VALUES(15,'O',-74.9583372687,NULL);
INSERT INTO "e_tab" VALUES(15,'S',-397.6303517422,NULL);
INSERT INTO "e_tab" VALUES(15,'Ti',-848.7158116976,NULL);
INSERT INTO "e_tab" VALUES(15,'V',-943.2325236983,NULL);
INSERT INTO "e_tab" VALUES(15,'Zn',-1778.5500464634,NULL);
INSERT INTO "e_tab" VALUES(15,'CoCl',-1841.6546901736,NULL);
INSERT INTO "e_tab" VALUES(15,'CoH',-1382.5088727603,NULL);
INSERT INTO "e_tab" VALUES(15,'CrCl',-1503.4858132588,NULL);
INSERT INTO "e_tab" VALUES(15,'CrH',-1044.318348706,NULL);
INSERT INTO "e_tab" VALUES(15,'CrO',-1118.8126514967,NULL);
INSERT INTO "e_tab" VALUES(15,'CuCl',-2099.3976970243,NULL);
INSERT INTO "e_tab" VALUES(15,'CuH',-1640.2612179287,NULL);
INSERT INTO "e_tab" VALUES(15,'FeCl',-1722.6571142235,NULL);
INSERT INTO "e_tab" VALUES(15,'FeH',-1263.4614918931,NULL);
INSERT INTO "e_tab" VALUES(15,'MnCl',-1610.0204316047,NULL);
INSERT INTO "e_tab" VALUES(15,'MnS',-1547.9602705648,NULL);
INSERT INTO "e_tab" VALUES(15,'NiCl',-1967.1984530548,NULL);
INSERT INTO "e_tab" VALUES(15,'TiCl',-1308.4803534815,NULL);
INSERT INTO "e_tab" VALUES(15,'VCl',-1402.9920057695,NULL);
INSERT INTO "e_tab" VALUES(15,'VH',-943.8176698664,NULL);
INSERT INTO "e_tab" VALUES(15,'VO',-1018.387612191,NULL);
INSERT INTO "e_tab" VALUES(15,'ZnCl',-2238.2276238101,NULL);
INSERT INTO "e_tab" VALUES(15,'ZnH',-1779.0855964125,NULL);
INSERT INTO "e_tab" VALUES(15,'ZnO',-1853.5266052666,NULL);
INSERT INTO "e_tab" VALUES(15,'ZnS',-2176.1919277783,NULL);
INSERT INTO "e_tab" VALUES(16,'Cl',-459.634373022535,NULL);
INSERT INTO "e_tab" VALUES(16,'Co',-1381.91425688086,NULL);
INSERT INTO "e_tab" VALUES(16,'Cr',-1043.71460160465,NULL);
INSERT INTO "e_tab" VALUES(16,'Cu',-1639.6215734758,NULL);
INSERT INTO "e_tab" VALUES(16,'Fe',-1262.89389898863,NULL);
INSERT INTO "e_tab" VALUES(16,'H',-0.499940175895297,NULL);
INSERT INTO "e_tab" VALUES(16,'Mn',-1150.25483800299,NULL);
INSERT INTO "e_tab" VALUES(16,'Ni',-1507.43563506652,NULL);
INSERT INTO "e_tab" VALUES(16,'O',-74.9531635366464,NULL);
INSERT INTO "e_tab" VALUES(16,'S',-397.62340625195,NULL);
INSERT INTO "e_tab" VALUES(16,'Ti',-848.705812853742,NULL);
INSERT INTO "e_tab" VALUES(16,'V',-943.216764715989,NULL);
INSERT INTO "e_tab" VALUES(16,'Zn',-1778.51036108264,NULL);
INSERT INTO "e_tab" VALUES(16,'CoCl',-1841.60347445406,NULL);
INSERT INTO "e_tab" VALUES(16,'CoH',-1382.47752884701,NULL);
INSERT INTO "e_tab" VALUES(16,'CrCl',-1503.44051041328,NULL);
INSERT INTO "e_tab" VALUES(16,'CrH',-1044.29027372995,NULL);
INSERT INTO "e_tab" VALUES(16,'CrO',-1118.77336822481,NULL);
INSERT INTO "e_tab" VALUES(16,'CuCl',-2099.33225926937,NULL);
INSERT INTO "e_tab" VALUES(16,'CuH',-1640.20933201638,NULL);
INSERT INTO "e_tab" VALUES(16,'FeCl',-1722.61098046943,NULL);
INSERT INTO "e_tab" VALUES(16,'FeH',-1263.42726417567,NULL);
INSERT INTO "e_tab" VALUES(16,'MnCl',-1609.97691285838,NULL);
INSERT INTO "e_tab" VALUES(16,'MnS',-1547.92001026081,NULL);
INSERT INTO "e_tab" VALUES(16,'NiCl',-1967.13893474399,NULL);
INSERT INTO "e_tab" VALUES(16,'TiCl',-1308.45031344616,NULL);
INSERT INTO "e_tab" VALUES(16,'VCl',-1402.95737847824,NULL);
INSERT INTO "e_tab" VALUES(16,'VH',-943.796678431199,NULL);
INSERT INTO "e_tab" VALUES(16,'VO',-1018.35386632067,NULL);
INSERT INTO "e_tab" VALUES(16,'ZnCl',-2238.17095009016,NULL);
INSERT INTO "e_tab" VALUES(16,'ZnH',-1779.03926156133,NULL);
INSERT INTO "e_tab" VALUES(16,'ZnO',-1853.46970559302,NULL);
INSERT INTO "e_tab" VALUES(16,'ZnS',-2176.1341597368,NULL);
INSERT INTO "e_tab" VALUES(17,'Cl',-459.634441841781,NULL);
INSERT INTO "e_tab" VALUES(17,'Co',-1381.92185622111,NULL);
INSERT INTO "e_tab" VALUES(17,'Cr',-1043.71460435621,NULL);
INSERT INTO "e_tab" VALUES(17,'Cu',-1639.62166639058,NULL);
INSERT INTO "e_tab" VALUES(17,'Fe',-1262.89477378184,NULL);
INSERT INTO "e_tab" VALUES(17,'H',-0.499940175895297,NULL);
INSERT INTO "e_tab" VALUES(17,'Mn',-1150.25936361356,NULL);
INSERT INTO "e_tab" VALUES(17,'Ni',-1507.44069418579,NULL);
INSERT INTO "e_tab" VALUES(17,'O',-74.9531841846063,NULL);
INSERT INTO "e_tab" VALUES(17,'S',-397.623453919225,NULL);
INSERT INTO "e_tab" VALUES(17,'Ti',-848.711562733901,NULL);
INSERT INTO "e_tab" VALUES(17,'V',-943.220692376675,NULL);
INSERT INTO "e_tab" VALUES(17,'Zn',-1778.5159682739,NULL);
INSERT INTO "e_tab" VALUES(17,'CoCl',-1841.61001791008,NULL);
INSERT INTO "e_tab" VALUES(17,'CoH',-1382.48618297095,NULL);
INSERT INTO "e_tab" VALUES(17,'CrCl',-1503.44518575109,NULL);
INSERT INTO "e_tab" VALUES(17,'CrH',-1044.29083116435,NULL);
INSERT INTO "e_tab" VALUES(17,'CrO',-1118.82709244646,NULL);
INSERT INTO "e_tab" VALUES(17,'CuCl',-2099.33515384136,NULL);
INSERT INTO "e_tab" VALUES(17,'CuH',-1640.21278317453,NULL);
INSERT INTO "e_tab" VALUES(17,'FeCl',-1722.61393123391,NULL);
INSERT INTO "e_tab" VALUES(17,'FeH',-1263.42726417567,NULL);
INSERT INTO "e_tab" VALUES(17,'MnCl',-1609.97927006981,NULL);
INSERT INTO "e_tab" VALUES(17,'MnS',-1547.95950642182,NULL);
INSERT INTO "e_tab" VALUES(17,'NiCl',-1967.14198159906,NULL);
INSERT INTO "e_tab" VALUES(17,'TiCl',-1308.46329231379,NULL);
INSERT INTO "e_tab" VALUES(17,'VCl',-1402.96468501068,NULL);
INSERT INTO "e_tab" VALUES(17,'VH',-943.8011123167,NULL);
INSERT INTO "e_tab" VALUES(17,'VO',-1018.39956221863,NULL);
INSERT INTO "e_tab" VALUES(17,'ZnCl',-2238.19864003531,NULL);
INSERT INTO "e_tab" VALUES(17,'ZnH',-1779.03927823229,NULL);
INSERT INTO "e_tab" VALUES(17,'ZnO',-1853.52049549844,NULL);
INSERT INTO "e_tab" VALUES(17,'ZnS',-2176.17467621557,NULL);
INSERT INTO "e_tab" VALUES(15,'Fe',-1262.91972573837,NULL);
INSERT INTO "e_tab" VALUES(20,'Cl',-459.640032429929,NULL);
INSERT INTO "e_tab" VALUES(21,'Cl',-459.640379491002,NULL);
INSERT INTO "e_tab" VALUES(20,'Co',-1381.92437486228,NULL);
INSERT INTO "e_tab" VALUES(21,'Co',-1381.95383560343,NULL);
INSERT INTO "e_tab" VALUES(20,'Cr',-1043.72872658328,NULL);
INSERT INTO "e_tab" VALUES(21,'Cr',-1043.74684243925,NULL);
INSERT INTO "e_tab" VALUES(20,'Cu',-1639.65222920837,NULL);
INSERT INTO "e_tab" VALUES(21,'Cu',-1639.7029356656,NULL);
INSERT INTO "e_tab" VALUES(20,'Fe',-1262.90879488458,NULL);
INSERT INTO "e_tab" VALUES(21,'Fe',-1262.92730619088,NULL);
INSERT INTO "e_tab" VALUES(20,'H',-0.499940175895297,NULL);
INSERT INTO "e_tab" VALUES(21,'H',-0.499940175895297,NULL);
INSERT INTO "e_tab" VALUES(20,'Mn',-1150.26232906269,NULL);
INSERT INTO "e_tab" VALUES(21,'Mn',-1150.28326675851,NULL);
INSERT INTO "e_tab" VALUES(20,'Ni',-1507.45354263016,NULL);
INSERT INTO "e_tab" VALUES(21,'Ni',-1507.48229637623,NULL);
INSERT INTO "e_tab" VALUES(20,'O',-74.9583372687489,NULL);
INSERT INTO "e_tab" VALUES(21,'O',-74.9585344856552,NULL);
INSERT INTO "e_tab" VALUES(20,'S',-397.630351742212,NULL);
INSERT INTO "e_tab" VALUES(21,'S',-397.630529647202,NULL);
INSERT INTO "e_tab" VALUES(20,'Ti',-848.709518538343,NULL);
INSERT INTO "e_tab" VALUES(21,'Ti',-848.718267711348,NULL);
INSERT INTO "e_tab" VALUES(20,'V',-943.225354233386,NULL);
INSERT INTO "e_tab" VALUES(21,'V',-943.236141753216,NULL);
INSERT INTO "e_tab" VALUES(20,'Zn',-1778.52692414508,NULL);
INSERT INTO "e_tab" VALUES(21,'Zn',-1778.57876132577,NULL);
INSERT INTO "e_tab" VALUES(20,'CoCl',-1841.61723583012,NULL);
INSERT INTO "e_tab" VALUES(21,'CoCl',-1841.71021991312,NULL);
INSERT INTO "e_tab" VALUES(20,'CoH',-1382.48639508813,NULL);
INSERT INTO "e_tab" VALUES(21,'CoH',-1382.53833301092,NULL);
INSERT INTO "e_tab" VALUES(20,'CrCl',-1503.45770821369,NULL);
INSERT INTO "e_tab" VALUES(21,'CrCl',-1503.51153911258,NULL);
INSERT INTO "e_tab" VALUES(20,'CrH',-1044.30426692739,NULL);
INSERT INTO "e_tab" VALUES(21,'CrH',-1044.32948857972,NULL);
INSERT INTO "e_tab" VALUES(20,'CrO',-1118.77539402028,NULL);
INSERT INTO "e_tab" VALUES(21,'CrO',-1118.8564341111,NULL);
INSERT INTO "e_tab" VALUES(20,'CuCl',-2099.35328831438,NULL);
INSERT INTO "e_tab" VALUES(21,'CuCl',-2099.47085498081,NULL);
INSERT INTO "e_tab" VALUES(20,'CuH',-1640.23589438676,NULL);
INSERT INTO "e_tab" VALUES(21,'CuH',-1640.2982016878,NULL);
INSERT INTO "e_tab" VALUES(20,'FeCl',-1722.62867058086,NULL);
INSERT INTO "e_tab" VALUES(21,'FeCl',-1722.69134242182,NULL);
INSERT INTO "e_tab" VALUES(20,'FeH',-1263.44085070166,NULL);
INSERT INTO "e_tab" VALUES(21,'FeH',-1263.48701986062,NULL);
INSERT INTO "e_tab" VALUES(20,'MnCl',-1609.99701547918,NULL);
INSERT INTO "e_tab" VALUES(21,'MnCl',-1610.04630928697,NULL);
INSERT INTO "e_tab" VALUES(20,'MnS',-1547.9267466343,NULL);
INSERT INTO "e_tab" VALUES(21,'MnS',-1547.99824212011,NULL);
INSERT INTO "e_tab" VALUES(20,'NiCl',-1967.15698464291,NULL);
INSERT INTO "e_tab" VALUES(21,'NiCl',-1967.26545981564,NULL);
INSERT INTO "e_tab" VALUES(20,'TiCl',-1308.45837764092,NULL);
INSERT INTO "e_tab" VALUES(21,'TiCl',-1308.50005174142,NULL);
INSERT INTO "e_tab" VALUES(20,'VCl',-1402.96854943067,NULL);
INSERT INTO "e_tab" VALUES(21,'VCl',-1403.01624228123,NULL);
INSERT INTO "e_tab" VALUES(20,'VH',-943.805981387601,NULL);
INSERT INTO "e_tab" VALUES(21,'VH',-943.825532157383,NULL);
INSERT INTO "e_tab" VALUES(20,'VO',-1018.35638248702,NULL);
INSERT INTO "e_tab" VALUES(21,'VO',-1018.42057388976,NULL);
INSERT INTO "e_tab" VALUES(20,'ZnCl',-2238.18518849044,NULL);
INSERT INTO "e_tab" VALUES(21,'ZnCl',-2238.29493925931,NULL);
INSERT INTO "e_tab" VALUES(20,'ZnH',-1779.06324028515,NULL);
INSERT INTO "e_tab" VALUES(21,'ZnH',-1779.11614542764,NULL);
INSERT INTO "e_tab" VALUES(20,'ZnO',-1853.48072842041,NULL);
INSERT INTO "e_tab" VALUES(21,'ZnO',-1853.58761316114,NULL);
INSERT INTO "e_tab" VALUES(20,'ZnS',-2176.14768048759,NULL);
INSERT INTO "e_tab" VALUES(21,'ZnS',-2176.2554122319,NULL);
DELETE FROM sqlite_sequence;
INSERT INTO "sqlite_sequence" VALUES('basis_tab',1);
INSERT INTO "sqlite_sequence" VALUES('method_tab',7);
INSERT INTO "sqlite_sequence" VALUES('geo_tab',1);
INSERT INTO "sqlite_sequence" VALUES('run_tab',21);
INSERT INTO "sqlite_sequence" VALUES('coord_tab',53);
CREATE VIEW run_tab_expended as
            SELECT  run_tab.run_id run_id,
                   method_tab.name method,
                    basis_tab.name basis,
                      geo_tab.name geo,
                  run_tab.comments comments
            FROM run_tab
            LEFT JOIN method_tab
                 ON run_tab.method_id = method_tab.method_id
            LEFT JOIN basis_tab
                 ON run_tab.basis_id = basis_tab.basis_id
            LEFT JOIN geo_tab
                 ON run_tab.geo_id = geo_tab.geo_id;
CREATE VIEW run_tab_ele AS 
    SELECT run_id, ele_name 
    FROM e_tab 
  UNION 
    SELECT run_id, ele_name 
    FROM ae_tab;
COMMIT;
