PRAGMA foreign_keys=OFF;
BEGIN TRANSACTION;
CREATE TABLE units_tab(
    property  CHARACTER(32),
       units  CHARACTER(32),
  to_hartree  DOUBLE PRECISION
);
INSERT INTO "units_tab" VALUES('energy','Hartree',1.0);
INSERT INTO "units_tab" VALUES('so','kcal/mol',0.00159362);
INSERT INTO "units_tab" VALUES('atomization','kcal/mol',0.00159362);
CREATE TABLE ele_tab(
             id INTEGER UNIQUE,
           name CHARACTER(32) PRIMARY KEY,
         charge INTEGER,
   multiplicity INTEGER,
      num_atoms INTEGER,
       num_elec INTEGER,
       symmetry CHARACTER(16)
);
INSERT INTO "ele_tab" VALUES(1,'TiCl',0,4,2,39,'psi');
INSERT INTO "ele_tab" VALUES(2,'VH',0,5,2,24,'delta');
INSERT INTO "ele_tab" VALUES(3,'VO',0,4,2,31,'A2');
INSERT INTO "ele_tab" VALUES(4,'VCl',0,5,2,40,'delta');
INSERT INTO "ele_tab" VALUES(5,'CrH',0,6,2,25,'A1');
INSERT INTO "ele_tab" VALUES(6,'CrO',0,5,2,32,'pi');
INSERT INTO "ele_tab" VALUES(7,'CrCl',0,6,2,41,'A1');
INSERT INTO "ele_tab" VALUES(8,'MnS',0,6,2,41,'A1');
INSERT INTO "ele_tab" VALUES(9,'MnCl',0,7,2,42,'A1');
INSERT INTO "ele_tab" VALUES(10,'FeH',0,4,2,27,'delta');
INSERT INTO "ele_tab" VALUES(11,'FeCl',0,6,2,43,'delta');
INSERT INTO "ele_tab" VALUES(12,'CoH',0,3,2,28,'psi');
INSERT INTO "ele_tab" VALUES(13,'CoCl',0,3,2,44,'psi');
INSERT INTO "ele_tab" VALUES(14,'NiCl',0,2,2,45,'pi');
INSERT INTO "ele_tab" VALUES(15,'CuH',0,1,2,30,'A1');
INSERT INTO "ele_tab" VALUES(16,'CuCl',0,1,2,46,'sigma');
INSERT INTO "ele_tab" VALUES(17,'ZnH',0,2,2,31,'A1');
INSERT INTO "ele_tab" VALUES(18,'ZnO',0,1,2,38,'sigma');
INSERT INTO "ele_tab" VALUES(19,'ZnS',0,1,2,46,'sigma');
INSERT INTO "ele_tab" VALUES(20,'ZnCl',0,2,2,47,'sigma');
INSERT INTO "ele_tab" VALUES(21,'Ti',0,3,1,22,'F');
INSERT INTO "ele_tab" VALUES(22,'V',0,4,1,23,'F');
INSERT INTO "ele_tab" VALUES(23,'Cr',0,7,1,24,'S');
INSERT INTO "ele_tab" VALUES(24,'Mn',0,6,1,25,'S');
INSERT INTO "ele_tab" VALUES(25,'Fe',0,5,1,26,'D');
INSERT INTO "ele_tab" VALUES(26,'Co',0,4,1,27,'F');
INSERT INTO "ele_tab" VALUES(27,'Ni',0,3,1,28,'F');
INSERT INTO "ele_tab" VALUES(28,'Cu',0,2,1,29,'S');
INSERT INTO "ele_tab" VALUES(29,'Zn',0,1,1,30,'S');
INSERT INTO "ele_tab" VALUES(30,'H',0,2,1,1,'S');
INSERT INTO "ele_tab" VALUES(31,'O',0,3,1,8,'P');
INSERT INTO "ele_tab" VALUES(32,'S',0,3,1,16,'P');
INSERT INTO "ele_tab" VALUES(33,'Cl',0,2,1,17,'P');
CREATE TABLE basis_tab(
    basis_id INTEGER PRIMARY KEY AUTOINCREMENT,
        name CHARACTER(32),
    comments STRING
);
INSERT INTO "basis_tab" VALUES(1,'ma(L)-TZVP',NULL);
INSERT INTO "basis_tab" VALUES(2,'cc-pVDZ',NULL);
INSERT INTO "basis_tab" VALUES(3,'ANO_DZ',NULL);
INSERT INTO "basis_tab" VALUES(4,'ANO_TZ',NULL);
INSERT INTO "basis_tab" VALUES(5,'Inf',NULL);
INSERT INTO "basis_tab" VALUES(6,'Bunge',NULL);
INSERT INTO "basis_tab" VALUES(7,'Applencourt',NULL);
CREATE TABLE method_tab(
                     method_id INTEGER PRIMARY KEY AUTOINCREMENT,
                          name CHARACTER(32),
                      comments STRING);
INSERT INTO "method_tab" VALUES(1,'ROHF',NULL);
INSERT INTO "method_tab" VALUES(2,'MP2',NULL);
INSERT INTO "method_tab" VALUES(3,'CCSD',NULL);
INSERT INTO "method_tab" VALUES(4,'CCSD(T)',NULL);
INSERT INTO "method_tab" VALUES(5,'CCSDT',NULL);
INSERT INTO "method_tab" VALUES(6,'CCSDT(2)Q',NULL);
INSERT INTO "method_tab" VALUES(7,'B97-1',NULL);
INSERT INTO "method_tab" VALUES(8,'CIPSI',NULL);
INSERT INTO "method_tab" VALUES(9,'DMC',NULL);
INSERT INTO "method_tab" VALUES(10,'CASSD',NULL);
INSERT INTO "method_tab" VALUES(11,'MRCCSD',NULL);
INSERT INTO "method_tab" VALUES(12,'MRSC2',NULL);
INSERT INTO "method_tab" VALUES(13,'CAS',NULL);
INSERT INTO "method_tab" VALUES(14,'MRCEPA0',NULL);
CREATE TABLE geo_tab(
            geo_id INTEGER PRIMARY KEY AUTOINCREMENT,
         method_id INTEGER,
          basis_id INTEGER,
            name CHARACTER(32),
            comments STRING,
          FOREIGN KEY(method_id) REFERENCES method_tab(method_id),
          FOREIGN KEY(basis_id) REFERENCES basis_tab(basis_id)
            );
INSERT INTO "geo_tab" VALUES(1,NULL,NULL,'Experiment',NULL);
CREATE TABLE run_tab(
         run_id INTEGER PRIMARY KEY,
         geo_id INTEGER,
      method_id INTEGER,
       basis_id INTEGER,
       comments STRING,
          FOREIGN KEY(geo_id) REFERENCES geo_tab(geo_id),
          FOREIGN KEY(method_id) REFERENCES method_tab(method_id),
          FOREIGN KEY(basis_id) REFERENCES basis_tab(basis_id),
         UNIQUE(geo_id,method_id,basis_id,comments));
INSERT INTO "run_tab" VALUES(605196,1,8,3,'100k dets');
INSERT INTO "run_tab" VALUES(1478073,1,8,3,'1M dets');
INSERT INTO "run_tab" VALUES(2370421,1,11,3,'100k (+PT2)');
INSERT INTO "run_tab" VALUES(4074420,1,8,4,'100k (+PT2)');
INSERT INTO "run_tab" VALUES(9250849,1,8,4,'1M dets');
INSERT INTO "run_tab" VALUES(10224142,1,1,3,'');
INSERT INTO "run_tab" VALUES(14127839,1,10,3,'100k dets (+PT2)');
INSERT INTO "run_tab" VALUES(21618745,1,9,4,'CASSD Proj CAS');
INSERT INTO "run_tab" VALUES(23625153,1,10,4,'200k (+PT2)');
INSERT INTO "run_tab" VALUES(24191951,1,9,4,'1det Natorb');
INSERT INTO "run_tab" VALUES(24410468,1,11,3,'100k 1st iter');
INSERT INTO "run_tab" VALUES(25610813,1,1,7,'Slater spdfg');
INSERT INTO "run_tab" VALUES(27936280,1,11,4,'200k 10 iterations (+PT2)');
INSERT INTO "run_tab" VALUES(30422066,1,10,4,'200k');
INSERT INTO "run_tab" VALUES(32568470,1,8,4,'100k');
INSERT INTO "run_tab" VALUES(33994575,1,9,3,'1Mdets 1e-6');
INSERT INTO "run_tab" VALUES(35180479,1,2,1,'Truhlar');
INSERT INTO "run_tab" VALUES(39670825,1,1,4,'');
INSERT INTO "run_tab" VALUES(40636632,1,8,7,'All-electron 1M dets');
INSERT INTO "run_tab" VALUES(43389242,1,1,1,'Truhlar');
INSERT INTO "run_tab" VALUES(44847366,1,9,3,'1Mdets 1e-3');
INSERT INTO "run_tab" VALUES(45761390,1,11,4,'200k 10 iterations');
INSERT INTO "run_tab" VALUES(47614777,1,11,3,'100k');
INSERT INTO "run_tab" VALUES(48323083,1,4,1,'Truhlar');
INSERT INTO "run_tab" VALUES(57408710,1,3,1,'Truhlar');
INSERT INTO "run_tab" VALUES(57872599,1,6,1,'Truhlar');
INSERT INTO "run_tab" VALUES(58995183,1,7,1,'Truhlar');
INSERT INTO "run_tab" VALUES(60898009,1,9,3,'CAS');
INSERT INTO "run_tab" VALUES(66232992,1,10,3,'100k dets');
INSERT INTO "run_tab" VALUES(66474780,1,NULL,NULL,'Experiment');
INSERT INTO "run_tab" VALUES(73543575,1,9,4,'1det HF');
INSERT INTO "run_tab" VALUES(76777389,1,5,1,'Truhlar');
INSERT INTO "run_tab" VALUES(77320446,1,1,6,'Literature');
INSERT INTO "run_tab" VALUES(77786834,1,9,7,'1M dets 99.5% norm');
INSERT INTO "run_tab" VALUES(79141737,1,14,3,'100k-1st iter-no CrO');
INSERT INTO "run_tab" VALUES(80264259,1,8,3,'100k dets (+PT2)');
INSERT INTO "run_tab" VALUES(84283829,1,1,5,'Literature');
INSERT INTO "run_tab" VALUES(86244274,1,13,3,'0.02..occ..1.98');
INSERT INTO "run_tab" VALUES(88556624,1,9,3,'1det HF');
INSERT INTO "run_tab" VALUES(90431327,1,9,3,'MRCC Proj CAS');
INSERT INTO "run_tab" VALUES(97146129,1,9,3,'1Mdets 1e-2');
INSERT INTO "run_tab" VALUES(99494534,1,9,3,'CASSD Proj CAS');
INSERT INTO "run_tab" VALUES(99802402,1,9,3,'1det Natorb');
CREATE TABLE coord_tab(
                    coord_id INTEGER PRIMARY KEY AUTOINCREMENT,
                     geo_id INTEGER,
                      mol_id INTEGER,
                        atom CHARACTER(2),
                           x DOUBLE PRECISION,
                           y DOUBLE PRECISION,
                           z DOUBLE PRECISION,
                    FOREIGN KEY(geo_id) REFERENCES geo_tab(geo_id),
                    FOREIGN KEY(atom) REFERENCES ele_tab(name),
                    UNIQUE(x,y,z,mol_id,geo_id)
                );
INSERT INTO "coord_tab" VALUES(1,1,1,'Ti',0.0,0.0,0.0);
INSERT INTO "coord_tab" VALUES(2,1,1,'Cl',0.0,0.0,2.265);
INSERT INTO "coord_tab" VALUES(3,1,2,'V',0.0,0.0,0.0);
INSERT INTO "coord_tab" VALUES(4,1,2,'H',0.0,0.0,1.73);
INSERT INTO "coord_tab" VALUES(5,1,3,'V',0.0,0.0,0.0);
INSERT INTO "coord_tab" VALUES(6,1,3,'O',0.0,0.0,1.589);
INSERT INTO "coord_tab" VALUES(7,1,4,'V',0.0,0.0,0.0);
INSERT INTO "coord_tab" VALUES(8,1,4,'Cl',0.0,0.0,2.215);
INSERT INTO "coord_tab" VALUES(9,1,5,'Cr',0.0,0.0,0.0);
INSERT INTO "coord_tab" VALUES(10,1,5,'H',0.0,0.0,1.656);
INSERT INTO "coord_tab" VALUES(11,1,6,'Cr',0.0,0.0,0.0);
INSERT INTO "coord_tab" VALUES(12,1,6,'O',0.0,0.0,1.621);
INSERT INTO "coord_tab" VALUES(13,1,7,'Cr',0.0,0.0,0.0);
INSERT INTO "coord_tab" VALUES(14,1,7,'Cl',0.0,0.0,2.194);
INSERT INTO "coord_tab" VALUES(15,1,8,'Mn',0.0,0.0,0.0);
INSERT INTO "coord_tab" VALUES(16,1,8,'S',0.0,0.0,2.07);
INSERT INTO "coord_tab" VALUES(17,1,9,'Mn',0.0,0.0,0.0);
INSERT INTO "coord_tab" VALUES(18,1,9,'Cl',0.0,0.0,2.243);
INSERT INTO "coord_tab" VALUES(19,1,10,'Fe',0.0,0.0,0.0);
INSERT INTO "coord_tab" VALUES(20,1,10,'H',0.0,0.0,1.63);
INSERT INTO "coord_tab" VALUES(21,1,11,'Fe',0.0,0.0,0.0);
INSERT INTO "coord_tab" VALUES(22,1,11,'Cl',0.0,0.0,2.179);
INSERT INTO "coord_tab" VALUES(23,1,12,'Co',0.0,0.0,0.0);
INSERT INTO "coord_tab" VALUES(24,1,12,'H',0.0,0.0,1.53);
INSERT INTO "coord_tab" VALUES(25,1,13,'Co',0.0,0.0,0.0);
INSERT INTO "coord_tab" VALUES(26,1,13,'Cl',0.0,0.0,2.087);
INSERT INTO "coord_tab" VALUES(27,1,14,'Ni',0.0,0.0,0.0);
INSERT INTO "coord_tab" VALUES(28,1,14,'Cl',0.0,0.0,2.073);
INSERT INTO "coord_tab" VALUES(29,1,15,'Cu',0.0,0.0,0.0);
INSERT INTO "coord_tab" VALUES(30,1,15,'H',0.0,0.0,1.463);
INSERT INTO "coord_tab" VALUES(31,1,16,'Cu',0.0,0.0,0.0);
INSERT INTO "coord_tab" VALUES(32,1,16,'Cl',0.0,0.0,2.05);
INSERT INTO "coord_tab" VALUES(33,1,17,'Zn',0.0,0.0,0.0);
INSERT INTO "coord_tab" VALUES(34,1,17,'H',0.0,0.0,1.59);
INSERT INTO "coord_tab" VALUES(35,1,18,'Zn',0.0,0.0,0.0);
INSERT INTO "coord_tab" VALUES(36,1,18,'O',0.0,0.0,1.8);
INSERT INTO "coord_tab" VALUES(37,1,19,'Zn',0.0,0.0,0.0);
INSERT INTO "coord_tab" VALUES(38,1,19,'S',0.0,0.0,2.1);
INSERT INTO "coord_tab" VALUES(39,1,20,'Zn',0.0,0.0,0.0);
INSERT INTO "coord_tab" VALUES(40,1,20,'Cl',0.0,0.0,2.1);
INSERT INTO "coord_tab" VALUES(41,1,21,'Ti',0.0,0.0,0.0);
INSERT INTO "coord_tab" VALUES(42,1,22,'V',0.0,0.0,0.0);
INSERT INTO "coord_tab" VALUES(43,1,23,'Cr',0.0,0.0,0.0);
INSERT INTO "coord_tab" VALUES(44,1,24,'Mn',0.0,0.0,0.0);
INSERT INTO "coord_tab" VALUES(45,1,25,'Fe',0.0,0.0,0.0);
INSERT INTO "coord_tab" VALUES(46,1,26,'Co',0.0,0.0,0.0);
INSERT INTO "coord_tab" VALUES(47,1,27,'Ni',0.0,0.0,0.0);
INSERT INTO "coord_tab" VALUES(48,1,28,'Cu',0.0,0.0,0.0);
INSERT INTO "coord_tab" VALUES(49,1,29,'Zn',0.0,0.0,0.0);
INSERT INTO "coord_tab" VALUES(50,1,30,'H',0.0,0.0,0.0);
INSERT INTO "coord_tab" VALUES(51,1,31,'O',0.0,0.0,0.0);
INSERT INTO "coord_tab" VALUES(52,1,32,'S',0.0,0.0,0.0);
INSERT INTO "coord_tab" VALUES(53,1,33,'Cl',0.0,0.0,0.0);
CREATE TABLE so_tab(
                run_id INTEGER,
                mol_name INTEGER,
               energy DOUBLE PRECISION,
                  err DOUBLE PRECISION,
               FOREIGN KEY(mol_name) REFERENCES ele_tab(name),
               FOREIGN KEY(run_id) REFERENCES run_tab(run_id),
               PRIMARY KEY(run_id,mol_name)
);
INSERT INTO "so_tab" VALUES(66474780,'TiCl',-0.5,NULL);
INSERT INTO "so_tab" VALUES(66474780,'VH',-0.5,NULL);
INSERT INTO "so_tab" VALUES(66474780,'VO',0.0,NULL);
INSERT INTO "so_tab" VALUES(66474780,'VCl',-0.4,NULL);
INSERT INTO "so_tab" VALUES(66474780,'CrH',0.0,NULL);
INSERT INTO "so_tab" VALUES(66474780,'CrO',-0.4,NULL);
INSERT INTO "so_tab" VALUES(66474780,'CrCl',0.0,NULL);
INSERT INTO "so_tab" VALUES(66474780,'MnS',0.0,NULL);
INSERT INTO "so_tab" VALUES(66474780,'MnCl',0.0,NULL);
INSERT INTO "so_tab" VALUES(66474780,'FeH',-1.1,NULL);
INSERT INTO "so_tab" VALUES(66474780,'FeCl',-1.1,NULL);
INSERT INTO "so_tab" VALUES(66474780,'CoH',-2.1,NULL);
INSERT INTO "so_tab" VALUES(66474780,'CoCl',-2.1,NULL);
INSERT INTO "so_tab" VALUES(66474780,'NiCl',-1.5,NULL);
INSERT INTO "so_tab" VALUES(66474780,'CuH',0.0,NULL);
INSERT INTO "so_tab" VALUES(66474780,'CuCl',0.0,NULL);
INSERT INTO "so_tab" VALUES(66474780,'ZnH',0.0,NULL);
INSERT INTO "so_tab" VALUES(66474780,'ZnO',0.0,NULL);
INSERT INTO "so_tab" VALUES(66474780,'ZnS',0.0,NULL);
INSERT INTO "so_tab" VALUES(66474780,'ZnCl',0.0,NULL);
INSERT INTO "so_tab" VALUES(66474780,'Ti',-0.6,NULL);
INSERT INTO "so_tab" VALUES(66474780,'V',-0.9,NULL);
INSERT INTO "so_tab" VALUES(66474780,'Cr',0.0,NULL);
INSERT INTO "so_tab" VALUES(66474780,'Mn',0.0,NULL);
INSERT INTO "so_tab" VALUES(66474780,'Fe',-1.2,NULL);
INSERT INTO "so_tab" VALUES(66474780,'Co',-2.3,NULL);
INSERT INTO "so_tab" VALUES(66474780,'Ni',-2.8,NULL);
INSERT INTO "so_tab" VALUES(66474780,'Cu',0.0,NULL);
INSERT INTO "so_tab" VALUES(66474780,'Zn',0.0,NULL);
INSERT INTO "so_tab" VALUES(66474780,'H',0.0,NULL);
INSERT INTO "so_tab" VALUES(66474780,'O',-0.2,NULL);
INSERT INTO "so_tab" VALUES(66474780,'S',-0.6,NULL);
INSERT INTO "so_tab" VALUES(66474780,'Cl',-0.8,NULL);
CREATE TABLE ae_tab(
                run_id INTEGER,
                ele_name INTEGER,
               energy DOUBLE PRECISION,
                  err DOUBLE PRECISION,
               FOREIGN KEY(ele_name) REFERENCES ele_tab(name),
               FOREIGN KEY(run_id) REFERENCES run_tab(run_id),
               PRIMARY KEY(run_id,ele_name)
);
INSERT INTO "ae_tab" VALUES(66474780,'TiCl',101.7,2.0);
INSERT INTO "ae_tab" VALUES(66474780,'VH',51.8,1.6);
INSERT INTO "ae_tab" VALUES(66474780,'VO',152.1,2.0);
INSERT INTO "ae_tab" VALUES(66474780,'VCl',103.2,2.0);
INSERT INTO "ae_tab" VALUES(66474780,'CrH',46.8,1.6);
INSERT INTO "ae_tab" VALUES(66474780,'CrO',104.5,1.2);
INSERT INTO "ae_tab" VALUES(66474780,'CrCl',90.9,1.6);
INSERT INTO "ae_tab" VALUES(66474780,'MnS',71.1,2.0);
INSERT INTO "ae_tab" VALUES(66474780,'MnCl',81.5,1.6);
INSERT INTO "ae_tab" VALUES(66474780,'FeH',37.0,0.8);
INSERT INTO "ae_tab" VALUES(66474780,'FeCl',79.4,1.6);
INSERT INTO "ae_tab" VALUES(66474780,'CoH',45.7,1.2);
INSERT INTO "ae_tab" VALUES(66474780,'CoCl',81.5,1.6);
INSERT INTO "ae_tab" VALUES(66474780,'NiCl',90.1,1.0);
INSERT INTO "ae_tab" VALUES(66474780,'CuH',62.6,1.4);
INSERT INTO "ae_tab" VALUES(66474780,'CuCl',88.5,0.4);
INSERT INTO "ae_tab" VALUES(66474780,'ZnH',21.6,0.5);
INSERT INTO "ae_tab" VALUES(66474780,'ZnO',38.1,0.9);
INSERT INTO "ae_tab" VALUES(66474780,'ZnS',34.9,1.0);
INSERT INTO "ae_tab" VALUES(66474780,'ZnCl',54.3,1.0);
INSERT INTO "ae_tab" VALUES(43389242,'MnCl',76.0,NULL);
INSERT INTO "ae_tab" VALUES(43389242,'ZnCl',47.5,NULL);
INSERT INTO "ae_tab" VALUES(43389242,'FeCl',74.6,NULL);
INSERT INTO "ae_tab" VALUES(43389242,'CrCl',57.8,NULL);
INSERT INTO "ae_tab" VALUES(43389242,'ZnS',-1.4,NULL);
INSERT INTO "ae_tab" VALUES(43389242,'ZnH',17.8,NULL);
INSERT INTO "ae_tab" VALUES(43389242,'CuCl',61.5,NULL);
INSERT INTO "ae_tab" VALUES(43389242,'ZnO',-41.2,NULL);
INSERT INTO "ae_tab" VALUES(43389242,'NiCl',32.0,NULL);
INSERT INTO "ae_tab" VALUES(43389242,'TiCl',85.7,NULL);
INSERT INTO "ae_tab" VALUES(43389242,'CuH',30.2,NULL);
INSERT INTO "ae_tab" VALUES(43389242,'VO',34.2,NULL);
INSERT INTO "ae_tab" VALUES(43389242,'VCl',83.5,NULL);
INSERT INTO "ae_tab" VALUES(43389242,'MnS',10.3,NULL);
INSERT INTO "ae_tab" VALUES(43389242,'CrO',-22.6,NULL);
INSERT INTO "ae_tab" VALUES(43389242,'CoH',-9.3,NULL);
INSERT INTO "ae_tab" VALUES(43389242,'CoCl',24.3,NULL);
INSERT INTO "ae_tab" VALUES(43389242,'VH',40.6,NULL);
INSERT INTO "ae_tab" VALUES(43389242,'FeH',-15.4,NULL);
INSERT INTO "ae_tab" VALUES(43389242,'CrH',18.9,NULL);
INSERT INTO "ae_tab" VALUES(35180479,'MnCl',87.3,NULL);
INSERT INTO "ae_tab" VALUES(35180479,'ZnCl',56.6,NULL);
INSERT INTO "ae_tab" VALUES(35180479,'FeCl',86.5,NULL);
INSERT INTO "ae_tab" VALUES(35180479,'CrCl',85.9,NULL);
INSERT INTO "ae_tab" VALUES(35180479,'ZnS',36.3,NULL);
INSERT INTO "ae_tab" VALUES(35180479,'ZnH',20.2,NULL);
INSERT INTO "ae_tab" VALUES(35180479,'CuCl',89.1,NULL);
INSERT INTO "ae_tab" VALUES(35180479,'ZnO',42.8,NULL);
INSERT INTO "ae_tab" VALUES(35180479,'NiCl',105.3,NULL);
INSERT INTO "ae_tab" VALUES(35180479,'TiCl',99.3,NULL);
INSERT INTO "ae_tab" VALUES(35180479,'CuH',56.4,NULL);
INSERT INTO "ae_tab" VALUES(35180479,'VO',154.3,NULL);
INSERT INTO "ae_tab" VALUES(35180479,'VCl',98.3,NULL);
INSERT INTO "ae_tab" VALUES(35180479,'MnS',57.0,NULL);
INSERT INTO "ae_tab" VALUES(35180479,'CrO',97.6,NULL);
INSERT INTO "ae_tab" VALUES(35180479,'CoH',51.5,NULL);
INSERT INTO "ae_tab" VALUES(35180479,'CoCl',88.7,NULL);
INSERT INTO "ae_tab" VALUES(35180479,'VH',46.9,NULL);
INSERT INTO "ae_tab" VALUES(35180479,'FeH',34.6,NULL);
INSERT INTO "ae_tab" VALUES(35180479,'CrH',29.3,NULL);
INSERT INTO "ae_tab" VALUES(57408710,'MnCl',78.2,NULL);
INSERT INTO "ae_tab" VALUES(57408710,'ZnCl',48.5,NULL);
INSERT INTO "ae_tab" VALUES(57408710,'FeCl',77.8,NULL);
INSERT INTO "ae_tab" VALUES(57408710,'CrCl',83.1,NULL);
INSERT INTO "ae_tab" VALUES(57408710,'ZnS',24.7,NULL);
INSERT INTO "ae_tab" VALUES(57408710,'ZnH',21.3,NULL);
INSERT INTO "ae_tab" VALUES(57408710,'CuCl',81.9,NULL);
INSERT INTO "ae_tab" VALUES(57408710,'ZnO',21.2,NULL);
INSERT INTO "ae_tab" VALUES(57408710,'NiCl',78.7,NULL);
INSERT INTO "ae_tab" VALUES(57408710,'TiCl',91.7,NULL);
INSERT INTO "ae_tab" VALUES(57408710,'CuH',56.5,NULL);
INSERT INTO "ae_tab" VALUES(57408710,'VO',122.9,NULL);
INSERT INTO "ae_tab" VALUES(57408710,'VCl',91.6,NULL);
INSERT INTO "ae_tab" VALUES(57408710,'MnS',51.6,NULL);
INSERT INTO "ae_tab" VALUES(57408710,'CrO',78.5,NULL);
INSERT INTO "ae_tab" VALUES(57408710,'CoH',39.6,NULL);
INSERT INTO "ae_tab" VALUES(57408710,'CoCl',68.3,NULL);
INSERT INTO "ae_tab" VALUES(57408710,'VH',51.0,NULL);
INSERT INTO "ae_tab" VALUES(57408710,'FeH',32.6,NULL);
INSERT INTO "ae_tab" VALUES(57408710,'CrH',45.3,NULL);
INSERT INTO "ae_tab" VALUES(48323083,'MnCl',79.5,NULL);
INSERT INTO "ae_tab" VALUES(48323083,'ZnCl',49.6,NULL);
INSERT INTO "ae_tab" VALUES(48323083,'FeCl',79.3,NULL);
INSERT INTO "ae_tab" VALUES(48323083,'CrCl',85.7,NULL);
INSERT INTO "ae_tab" VALUES(48323083,'ZnS',30.3,NULL);
INSERT INTO "ae_tab" VALUES(48323083,'ZnH',21.0,NULL);
INSERT INTO "ae_tab" VALUES(48323083,'CuCl',84.0,NULL);
INSERT INTO "ae_tab" VALUES(48323083,'ZnO',31.0,NULL);
INSERT INTO "ae_tab" VALUES(48323083,'NiCl',83.8,NULL);
INSERT INTO "ae_tab" VALUES(48323083,'TiCl',93.8,NULL);
INSERT INTO "ae_tab" VALUES(48323083,'CuH',58.3,NULL);
INSERT INTO "ae_tab" VALUES(48323083,'VO',141.3,NULL);
INSERT INTO "ae_tab" VALUES(48323083,'VCl',93.6,NULL);
INSERT INTO "ae_tab" VALUES(48323083,'MnS',58.2,NULL);
INSERT INTO "ae_tab" VALUES(48323083,'CrO',96.1,NULL);
INSERT INTO "ae_tab" VALUES(48323083,'CoH',44.0,NULL);
INSERT INTO "ae_tab" VALUES(48323083,'CoCl',73.2,NULL);
INSERT INTO "ae_tab" VALUES(48323083,'VH',51.3,NULL);
INSERT INTO "ae_tab" VALUES(48323083,'FeH',35.4,NULL);
INSERT INTO "ae_tab" VALUES(48323083,'CrH',46.2,NULL);
INSERT INTO "ae_tab" VALUES(76777389,'MnCl',79.3,NULL);
INSERT INTO "ae_tab" VALUES(76777389,'ZnCl',49.6,NULL);
INSERT INTO "ae_tab" VALUES(76777389,'FeCl',79.2,NULL);
INSERT INTO "ae_tab" VALUES(76777389,'CrCl',85.7,NULL);
INSERT INTO "ae_tab" VALUES(76777389,'ZnS',30.1,NULL);
INSERT INTO "ae_tab" VALUES(76777389,'ZnH',21.2,NULL);
INSERT INTO "ae_tab" VALUES(76777389,'CuCl',84.0,NULL);
INSERT INTO "ae_tab" VALUES(76777389,'ZnO',31.1,NULL);
INSERT INTO "ae_tab" VALUES(76777389,'NiCl',84.0,NULL);
INSERT INTO "ae_tab" VALUES(76777389,'TiCl',94.3,NULL);
INSERT INTO "ae_tab" VALUES(76777389,'CuH',58.4,NULL);
INSERT INTO "ae_tab" VALUES(76777389,'VO',140.2,NULL);
INSERT INTO "ae_tab" VALUES(76777389,'VCl',93.4,NULL);
INSERT INTO "ae_tab" VALUES(76777389,'MnS',58.6,NULL);
INSERT INTO "ae_tab" VALUES(76777389,'CrO',96.1,NULL);
INSERT INTO "ae_tab" VALUES(76777389,'CoH',45.5,NULL);
INSERT INTO "ae_tab" VALUES(76777389,'CoCl',74.3,NULL);
INSERT INTO "ae_tab" VALUES(76777389,'VH',51.4,NULL);
INSERT INTO "ae_tab" VALUES(76777389,'FeH',36.5,NULL);
INSERT INTO "ae_tab" VALUES(76777389,'CrH',46.9,NULL);
INSERT INTO "ae_tab" VALUES(57872599,'MnCl',79.4,NULL);
INSERT INTO "ae_tab" VALUES(57872599,'ZnCl',49.7,NULL);
INSERT INTO "ae_tab" VALUES(57872599,'FeCl',79.3,NULL);
INSERT INTO "ae_tab" VALUES(57872599,'CrCl',85.8,NULL);
INSERT INTO "ae_tab" VALUES(57872599,'ZnS',30.6,NULL);
INSERT INTO "ae_tab" VALUES(57872599,'ZnH',21.2,NULL);
INSERT INTO "ae_tab" VALUES(57872599,'CuCl',84.1,NULL);
INSERT INTO "ae_tab" VALUES(57872599,'ZnO',32.2,NULL);
INSERT INTO "ae_tab" VALUES(57872599,'NiCl',84.2,NULL);
INSERT INTO "ae_tab" VALUES(57872599,'TiCl',94.5,NULL);
INSERT INTO "ae_tab" VALUES(57872599,'CuH',58.5,NULL);
INSERT INTO "ae_tab" VALUES(57872599,'VO',141.2,NULL);
INSERT INTO "ae_tab" VALUES(57872599,'VCl',93.4,NULL);
INSERT INTO "ae_tab" VALUES(57872599,'MnS',58.7,NULL);
INSERT INTO "ae_tab" VALUES(57872599,'CrO',96.7,NULL);
INSERT INTO "ae_tab" VALUES(57872599,'CoH',46.0,NULL);
INSERT INTO "ae_tab" VALUES(57872599,'CoCl',74.6,NULL);
INSERT INTO "ae_tab" VALUES(57872599,'VH',51.4,NULL);
INSERT INTO "ae_tab" VALUES(57872599,'FeH',36.6,NULL);
INSERT INTO "ae_tab" VALUES(57872599,'CrH',47.0,NULL);
INSERT INTO "ae_tab" VALUES(58995183,'MnCl',75.3,NULL);
INSERT INTO "ae_tab" VALUES(58995183,'ZnCl',48.6,NULL);
INSERT INTO "ae_tab" VALUES(58995183,'FeCl',77.8,NULL);
INSERT INTO "ae_tab" VALUES(58995183,'CrCl',92.1,NULL);
INSERT INTO "ae_tab" VALUES(58995183,'ZnS',34.5,NULL);
INSERT INTO "ae_tab" VALUES(58995183,'ZnH',19.4,NULL);
INSERT INTO "ae_tab" VALUES(58995183,'CuCl',86.7,NULL);
INSERT INTO "ae_tab" VALUES(58995183,'ZnO',29.9,NULL);
INSERT INTO "ae_tab" VALUES(58995183,'NiCl',89.7,NULL);
INSERT INTO "ae_tab" VALUES(58995183,'TiCl',101.4,NULL);
INSERT INTO "ae_tab" VALUES(58995183,'CuH',61.6,NULL);
INSERT INTO "ae_tab" VALUES(58995183,'VO',147.5,NULL);
INSERT INTO "ae_tab" VALUES(58995183,'VCl',100.2,NULL);
INSERT INTO "ae_tab" VALUES(58995183,'MnS',71.2,NULL);
INSERT INTO "ae_tab" VALUES(58995183,'CrO',102.5,NULL);
INSERT INTO "ae_tab" VALUES(58995183,'CoH',63.9,NULL);
INSERT INTO "ae_tab" VALUES(58995183,'CoCl',93.7,NULL);
INSERT INTO "ae_tab" VALUES(58995183,'VH',59.1,NULL);
INSERT INTO "ae_tab" VALUES(58995183,'FeH',51.7,NULL);
INSERT INTO "ae_tab" VALUES(58995183,'CrH',53.9,NULL);
CREATE TABLE e_tab(
               run_id INTEGER,
             ele_name INTEGER,
               energy DOUBLE PRECISION,
                  err DOUBLE PRECISION,
               FOREIGN KEY(ele_name) REFERENCES ele_tab(name),
               FOREIGN KEY(run_id) REFERENCES run_tab(run_id),
               PRIMARY KEY(run_id,ele_name)
);
INSERT INTO "e_tab" VALUES(10224142,'Cl',-459.481132,NULL);
INSERT INTO "e_tab" VALUES(10224142,'Co',-1381.401514,NULL);
INSERT INTO "e_tab" VALUES(10224142,'Cr',-1043.35596,NULL);
INSERT INTO "e_tab" VALUES(10224142,'Cu',-1638.962818,NULL);
INSERT INTO "e_tab" VALUES(10224142,'Fe',-1262.44743,NULL);
INSERT INTO "e_tab" VALUES(10224142,'H',-0.499944,NULL);
INSERT INTO "e_tab" VALUES(10224142,'Mn',-1149.865752,NULL);
INSERT INTO "e_tab" VALUES(10224142,'Ni',-1506.872955,NULL);
INSERT INTO "e_tab" VALUES(10224142,'O',-74.810879,NULL);
INSERT INTO "e_tab" VALUES(10224142,'S',-397.504578,NULL);
INSERT INTO "e_tab" VALUES(10224142,'Ti',-848.396533,NULL);
INSERT INTO "e_tab" VALUES(10224142,'V',-942.886035,NULL);
INSERT INTO "e_tab" VALUES(10224142,'Zn',-1777.847252,NULL);
INSERT INTO "e_tab" VALUES(10224142,'CoCl',-1840.93871,NULL);
INSERT INTO "e_tab" VALUES(10224142,'CoH',-1381.903849,NULL);
INSERT INTO "e_tab" VALUES(10224142,'CrCl',-1502.935772,NULL);
INSERT INTO "e_tab" VALUES(10224142,'CrH',-1043.889466,NULL);
INSERT INTO "e_tab" VALUES(10224142,'CrO',-1118.133189,NULL);
INSERT INTO "e_tab" VALUES(10224142,'CuCl',-2098.543766,NULL);
INSERT INTO "e_tab" VALUES(10224142,'CuH',-1639.51256,NULL);
INSERT INTO "e_tab" VALUES(10224142,'FeCl',-1722.050214,NULL);
INSERT INTO "e_tab" VALUES(10224142,'FeH',-1262.919982,NULL);
INSERT INTO "e_tab" VALUES(10224142,'MnCl',-1609.470844,NULL);
INSERT INTO "e_tab" VALUES(10224142,'MnS',-1547.389336,NULL);
INSERT INTO "e_tab" VALUES(10224142,'NiCl',-1966.406434,NULL);
INSERT INTO "e_tab" VALUES(10224142,'TiCl',-1308.002765,NULL);
INSERT INTO "e_tab" VALUES(10224142,'VCl',-1402.499302,NULL);
INSERT INTO "e_tab" VALUES(10224142,'VH',-943.454481,NULL);
INSERT INTO "e_tab" VALUES(10224142,'VO',-1017.751722,NULL);
INSERT INTO "e_tab" VALUES(10224142,'ZnCl',-2237.405996,NULL);
INSERT INTO "e_tab" VALUES(10224142,'ZnH',-1778.376485,NULL);
INSERT INTO "e_tab" VALUES(10224142,'ZnO',-1852.594536,NULL);
INSERT INTO "e_tab" VALUES(10224142,'ZnS',-2175.350565,NULL);
INSERT INTO "e_tab" VALUES(1478073,'Cl',-459.6400324299,NULL);
INSERT INTO "e_tab" VALUES(1478073,'Co',-1381.9422820286,NULL);
INSERT INTO "e_tab" VALUES(1478073,'Cr',-1043.738589273,NULL);
INSERT INTO "e_tab" VALUES(1478073,'Cu',-1639.6734876839,NULL);
INSERT INTO "e_tab" VALUES(1478073,'H',-0.4999401759,NULL);
INSERT INTO "e_tab" VALUES(1478073,'Mn',-1150.2738109856,NULL);
INSERT INTO "e_tab" VALUES(1478073,'Ni',-1507.4688583959,NULL);
INSERT INTO "e_tab" VALUES(1478073,'O',-74.9583372687,NULL);
INSERT INTO "e_tab" VALUES(1478073,'S',-397.6303517422,NULL);
INSERT INTO "e_tab" VALUES(1478073,'Ti',-848.7158116976,NULL);
INSERT INTO "e_tab" VALUES(1478073,'V',-943.2325236983,NULL);
INSERT INTO "e_tab" VALUES(1478073,'Zn',-1778.5500464634,NULL);
INSERT INTO "e_tab" VALUES(66232992,'Cl',-459.634373022535,NULL);
INSERT INTO "e_tab" VALUES(66232992,'Co',-1381.91425688086,NULL);
INSERT INTO "e_tab" VALUES(66232992,'Cr',-1043.71460160465,NULL);
INSERT INTO "e_tab" VALUES(66232992,'Cu',-1639.6215734758,NULL);
INSERT INTO "e_tab" VALUES(66232992,'Fe',-1262.89389898863,NULL);
INSERT INTO "e_tab" VALUES(66232992,'H',-0.499940175895297,NULL);
INSERT INTO "e_tab" VALUES(66232992,'Mn',-1150.25483800299,NULL);
INSERT INTO "e_tab" VALUES(66232992,'Ni',-1507.43563506652,NULL);
INSERT INTO "e_tab" VALUES(66232992,'O',-74.9531635366464,NULL);
INSERT INTO "e_tab" VALUES(66232992,'S',-397.62340625195,NULL);
INSERT INTO "e_tab" VALUES(66232992,'Ti',-848.705812853742,NULL);
INSERT INTO "e_tab" VALUES(66232992,'V',-943.216764715989,NULL);
INSERT INTO "e_tab" VALUES(66232992,'Zn',-1778.51036108264,NULL);
INSERT INTO "e_tab" VALUES(66232992,'CoCl',-1841.60347445406,NULL);
INSERT INTO "e_tab" VALUES(66232992,'CoH',-1382.47752884701,NULL);
INSERT INTO "e_tab" VALUES(66232992,'CrCl',-1503.44051041328,NULL);
INSERT INTO "e_tab" VALUES(66232992,'CrH',-1044.29027372995,NULL);
INSERT INTO "e_tab" VALUES(66232992,'CrO',-1118.77336822481,NULL);
INSERT INTO "e_tab" VALUES(66232992,'CuCl',-2099.33225926937,NULL);
INSERT INTO "e_tab" VALUES(66232992,'CuH',-1640.20933201638,NULL);
INSERT INTO "e_tab" VALUES(66232992,'FeCl',-1722.61098046943,NULL);
INSERT INTO "e_tab" VALUES(66232992,'FeH',-1263.42726417567,NULL);
INSERT INTO "e_tab" VALUES(66232992,'MnCl',-1609.97691285838,NULL);
INSERT INTO "e_tab" VALUES(66232992,'MnS',-1547.92001026081,NULL);
INSERT INTO "e_tab" VALUES(66232992,'NiCl',-1967.13893474399,NULL);
INSERT INTO "e_tab" VALUES(66232992,'TiCl',-1308.45031344616,NULL);
INSERT INTO "e_tab" VALUES(66232992,'VCl',-1402.95737847824,NULL);
INSERT INTO "e_tab" VALUES(66232992,'VH',-943.796678431199,NULL);
INSERT INTO "e_tab" VALUES(66232992,'VO',-1018.35386632067,NULL);
INSERT INTO "e_tab" VALUES(66232992,'ZnCl',-2238.17095009016,NULL);
INSERT INTO "e_tab" VALUES(66232992,'ZnH',-1779.03926156133,NULL);
INSERT INTO "e_tab" VALUES(66232992,'ZnO',-1853.46970559302,NULL);
INSERT INTO "e_tab" VALUES(66232992,'ZnS',-2176.1341597368,NULL);
INSERT INTO "e_tab" VALUES(14127839,'Cl',-459.634441841781,NULL);
INSERT INTO "e_tab" VALUES(14127839,'Co',-1381.92185622111,NULL);
INSERT INTO "e_tab" VALUES(14127839,'Cr',-1043.71460435621,NULL);
INSERT INTO "e_tab" VALUES(14127839,'Cu',-1639.62166639058,NULL);
INSERT INTO "e_tab" VALUES(14127839,'Fe',-1262.89477378184,NULL);
INSERT INTO "e_tab" VALUES(14127839,'H',-0.499940175895297,NULL);
INSERT INTO "e_tab" VALUES(14127839,'Mn',-1150.25936361356,NULL);
INSERT INTO "e_tab" VALUES(14127839,'Ni',-1507.44069418579,NULL);
INSERT INTO "e_tab" VALUES(14127839,'O',-74.9531841846063,NULL);
INSERT INTO "e_tab" VALUES(14127839,'S',-397.623453919225,NULL);
INSERT INTO "e_tab" VALUES(14127839,'Ti',-848.711562733901,NULL);
INSERT INTO "e_tab" VALUES(14127839,'V',-943.220692376675,NULL);
INSERT INTO "e_tab" VALUES(14127839,'Zn',-1778.5159682739,NULL);
INSERT INTO "e_tab" VALUES(14127839,'CoCl',-1841.61001791008,NULL);
INSERT INTO "e_tab" VALUES(14127839,'CoH',-1382.48618297095,NULL);
INSERT INTO "e_tab" VALUES(14127839,'CrCl',-1503.44518575109,NULL);
INSERT INTO "e_tab" VALUES(14127839,'CrH',-1044.29083116435,NULL);
INSERT INTO "e_tab" VALUES(14127839,'CrO',-1118.82709244646,NULL);
INSERT INTO "e_tab" VALUES(14127839,'CuCl',-2099.33515384136,NULL);
INSERT INTO "e_tab" VALUES(14127839,'CuH',-1640.21278317453,NULL);
INSERT INTO "e_tab" VALUES(14127839,'FeCl',-1722.61393123391,NULL);
INSERT INTO "e_tab" VALUES(14127839,'FeH',-1263.42726417567,NULL);
INSERT INTO "e_tab" VALUES(14127839,'MnCl',-1609.97927006981,NULL);
INSERT INTO "e_tab" VALUES(14127839,'MnS',-1547.95950642182,NULL);
INSERT INTO "e_tab" VALUES(14127839,'NiCl',-1967.14198159906,NULL);
INSERT INTO "e_tab" VALUES(14127839,'TiCl',-1308.46329231379,NULL);
INSERT INTO "e_tab" VALUES(14127839,'VCl',-1402.96468501068,NULL);
INSERT INTO "e_tab" VALUES(14127839,'VH',-943.8011123167,NULL);
INSERT INTO "e_tab" VALUES(14127839,'VO',-1018.39956221863,NULL);
INSERT INTO "e_tab" VALUES(14127839,'ZnCl',-2238.19864003531,NULL);
INSERT INTO "e_tab" VALUES(14127839,'ZnH',-1779.03927823229,NULL);
INSERT INTO "e_tab" VALUES(14127839,'ZnO',-1853.52049549844,NULL);
INSERT INTO "e_tab" VALUES(14127839,'ZnS',-2176.17467621557,NULL);
INSERT INTO "e_tab" VALUES(1478073,'Fe',-1262.91972573837,NULL);
INSERT INTO "e_tab" VALUES(605196,'Cl',-459.640032429929,NULL);
INSERT INTO "e_tab" VALUES(80264259,'Cl',-459.640379491002,NULL);
INSERT INTO "e_tab" VALUES(605196,'Co',-1381.92437486228,NULL);
INSERT INTO "e_tab" VALUES(80264259,'Co',-1381.95383560343,NULL);
INSERT INTO "e_tab" VALUES(605196,'Cr',-1043.72872658328,NULL);
INSERT INTO "e_tab" VALUES(80264259,'Cr',-1043.74684243925,NULL);
INSERT INTO "e_tab" VALUES(605196,'Cu',-1639.65222920837,NULL);
INSERT INTO "e_tab" VALUES(80264259,'Cu',-1639.7029356656,NULL);
INSERT INTO "e_tab" VALUES(605196,'Fe',-1262.90879488458,NULL);
INSERT INTO "e_tab" VALUES(80264259,'Fe',-1262.92730619088,NULL);
INSERT INTO "e_tab" VALUES(605196,'H',-0.499940175895297,NULL);
INSERT INTO "e_tab" VALUES(80264259,'H',-0.499940175895297,NULL);
INSERT INTO "e_tab" VALUES(605196,'Mn',-1150.26232906269,NULL);
INSERT INTO "e_tab" VALUES(80264259,'Mn',-1150.28326675851,NULL);
INSERT INTO "e_tab" VALUES(605196,'Ni',-1507.45354263016,NULL);
INSERT INTO "e_tab" VALUES(80264259,'Ni',-1507.48229637623,NULL);
INSERT INTO "e_tab" VALUES(605196,'O',-74.9583372687489,NULL);
INSERT INTO "e_tab" VALUES(80264259,'O',-74.9585344856552,NULL);
INSERT INTO "e_tab" VALUES(605196,'S',-397.630351742212,NULL);
INSERT INTO "e_tab" VALUES(80264259,'S',-397.630529647202,NULL);
INSERT INTO "e_tab" VALUES(605196,'Ti',-848.709518538343,NULL);
INSERT INTO "e_tab" VALUES(80264259,'Ti',-848.718267711348,NULL);
INSERT INTO "e_tab" VALUES(605196,'V',-943.225354233386,NULL);
INSERT INTO "e_tab" VALUES(80264259,'V',-943.236141753216,NULL);
INSERT INTO "e_tab" VALUES(605196,'Zn',-1778.52692414508,NULL);
INSERT INTO "e_tab" VALUES(80264259,'Zn',-1778.57876132577,NULL);
INSERT INTO "e_tab" VALUES(605196,'CoCl',-1841.61723583012,NULL);
INSERT INTO "e_tab" VALUES(80264259,'CoCl',-1841.71021991312,NULL);
INSERT INTO "e_tab" VALUES(605196,'CoH',-1382.48639508813,NULL);
INSERT INTO "e_tab" VALUES(80264259,'CoH',-1382.53833301092,NULL);
INSERT INTO "e_tab" VALUES(605196,'CrCl',-1503.45770821369,NULL);
INSERT INTO "e_tab" VALUES(80264259,'CrCl',-1503.51153911258,NULL);
INSERT INTO "e_tab" VALUES(605196,'CrH',-1044.30426692739,NULL);
INSERT INTO "e_tab" VALUES(80264259,'CrH',-1044.32948857972,NULL);
INSERT INTO "e_tab" VALUES(605196,'CrO',-1118.77539402028,NULL);
INSERT INTO "e_tab" VALUES(80264259,'CrO',-1118.8564341111,NULL);
INSERT INTO "e_tab" VALUES(605196,'CuCl',-2099.35328831438,NULL);
INSERT INTO "e_tab" VALUES(80264259,'CuCl',-2099.47085498081,NULL);
INSERT INTO "e_tab" VALUES(605196,'CuH',-1640.23589438676,NULL);
INSERT INTO "e_tab" VALUES(80264259,'CuH',-1640.2982016878,NULL);
INSERT INTO "e_tab" VALUES(605196,'FeCl',-1722.62867058086,NULL);
INSERT INTO "e_tab" VALUES(80264259,'FeCl',-1722.69134242182,NULL);
INSERT INTO "e_tab" VALUES(605196,'FeH',-1263.44085070166,NULL);
INSERT INTO "e_tab" VALUES(80264259,'FeH',-1263.48701986062,NULL);
INSERT INTO "e_tab" VALUES(605196,'MnCl',-1609.99701547918,NULL);
INSERT INTO "e_tab" VALUES(80264259,'MnCl',-1610.04630928697,NULL);
INSERT INTO "e_tab" VALUES(605196,'MnS',-1547.9267466343,NULL);
INSERT INTO "e_tab" VALUES(80264259,'MnS',-1547.99824212011,NULL);
INSERT INTO "e_tab" VALUES(605196,'NiCl',-1967.15698464291,NULL);
INSERT INTO "e_tab" VALUES(80264259,'NiCl',-1967.26545981564,NULL);
INSERT INTO "e_tab" VALUES(605196,'TiCl',-1308.45837764092,NULL);
INSERT INTO "e_tab" VALUES(80264259,'TiCl',-1308.50005174142,NULL);
INSERT INTO "e_tab" VALUES(605196,'VCl',-1402.96854943067,NULL);
INSERT INTO "e_tab" VALUES(80264259,'VCl',-1403.01624228123,NULL);
INSERT INTO "e_tab" VALUES(605196,'VH',-943.805981387601,NULL);
INSERT INTO "e_tab" VALUES(80264259,'VH',-943.825532157383,NULL);
INSERT INTO "e_tab" VALUES(605196,'VO',-1018.35638248702,NULL);
INSERT INTO "e_tab" VALUES(80264259,'VO',-1018.42057388976,NULL);
INSERT INTO "e_tab" VALUES(605196,'ZnCl',-2238.18518849044,NULL);
INSERT INTO "e_tab" VALUES(80264259,'ZnCl',-2238.29493925931,NULL);
INSERT INTO "e_tab" VALUES(605196,'ZnH',-1779.06324028515,NULL);
INSERT INTO "e_tab" VALUES(80264259,'ZnH',-1779.11614542764,NULL);
INSERT INTO "e_tab" VALUES(605196,'ZnO',-1853.48072842041,NULL);
INSERT INTO "e_tab" VALUES(80264259,'ZnO',-1853.58761316114,NULL);
INSERT INTO "e_tab" VALUES(605196,'ZnS',-2176.14768048759,NULL);
INSERT INTO "e_tab" VALUES(80264259,'ZnS',-2176.2554122319,NULL);
INSERT INTO "e_tab" VALUES(47614777,'H',-0.499940175895297,NULL);
INSERT INTO "e_tab" VALUES(2370421,'H',-0.499940175895297,NULL);
INSERT INTO "e_tab" VALUES(2370421,'CrO',-1118.84566038135,NULL);
INSERT INTO "e_tab" VALUES(2370421,'MnS',-1548.0051856523,NULL);
INSERT INTO "e_tab" VALUES(99802402,'Cl',-460.0981800662,0.0003351608);
INSERT INTO "e_tab" VALUES(99802402,'Co',-1382.6209174629,0.0008684096);
INSERT INTO "e_tab" VALUES(99802402,'Cr',-1044.332110428,0.0009925419);
INSERT INTO "e_tab" VALUES(99802402,'Cu',-1640.4254582394,0.0009882767);
INSERT INTO "e_tab" VALUES(99802402,'Fe',-1263.5615028074,0.0007932564);
INSERT INTO "e_tab" VALUES(99802402,'H',-0.5,0.0);
INSERT INTO "e_tab" VALUES(99802402,'Mn',-1150.8863874876,0.0007080474);
INSERT INTO "e_tab" VALUES(99802402,'Ni',-1508.1712320725,0.0009702613);
INSERT INTO "e_tab" VALUES(99802402,'O',-75.0506408807,8.16902e-05);
INSERT INTO "e_tab" VALUES(99802402,'S',-398.0649583014,0.00066492);
INSERT INTO "e_tab" VALUES(99802402,'Ti',-849.2487272044,0.0007259469);
INSERT INTO "e_tab" VALUES(99802402,'V',-943.7861481197,0.000807636);
INSERT INTO "e_tab" VALUES(99802402,'Zn',-1779.3414868999,0.0011086636);
INSERT INTO "e_tab" VALUES(99802402,'CoCl',-1842.8595920693,0.0013979521);
INSERT INTO "e_tab" VALUES(99802402,'CoH',-1383.2089135807,0.0009188232);
INSERT INTO "e_tab" VALUES(99802402,'CrCl',-1504.5476398746,0.0011219858);
INSERT INTO "e_tab" VALUES(99802402,'CrH',-1044.9005046412,0.0011179387);
INSERT INTO "e_tab" VALUES(99802402,'CrO',-1119.5067963494,0.0011569846);
INSERT INTO "e_tab" VALUES(99802402,'CuCl',-2100.6613144944,0.0013755602);
INSERT INTO "e_tab" VALUES(99802402,'CuH',-1641.0192723878,0.0007761236);
INSERT INTO "e_tab" VALUES(99802402,'FeCl',-1723.8003348775,0.0016676179);
INSERT INTO "e_tab" VALUES(99802402,'FeH',-1264.128483572,0.0010594018);
INSERT INTO "e_tab" VALUES(99802402,'MnCl',-1611.1246465837,0.0011031906);
INSERT INTO "e_tab" VALUES(99802402,'MnS',-1549.0491024828,0.0011657213);
INSERT INTO "e_tab" VALUES(99802402,'NiCl',-1968.4256197294,0.0012663027);
INSERT INTO "e_tab" VALUES(99802402,'TiCl',-1309.4990858736,0.0009814533);
INSERT INTO "e_tab" VALUES(99802402,'VCl',-1404.0404844561,0.0010595467);
INSERT INTO "e_tab" VALUES(99802402,'VH',-944.3815162139,0.0005216);
INSERT INTO "e_tab" VALUES(99802402,'VO',-1019.058421264,0.0014222966);
INSERT INTO "e_tab" VALUES(99802402,'ZnCl',-2239.5270212827,0.0015155145);
INSERT INTO "e_tab" VALUES(99802402,'ZnH',-1779.8795246472,0.0010148527);
INSERT INTO "e_tab" VALUES(99802402,'ZnO',-1854.4356414464,0.0011019707);
INSERT INTO "e_tab" VALUES(99802402,'ZnS',-2177.4540200784,0.0015999142);
INSERT INTO "e_tab" VALUES(88556624,'Cl',-460.0973967268,0.0003626615);
INSERT INTO "e_tab" VALUES(88556624,'Co',-1382.5959958457,0.0008297507);
INSERT INTO "e_tab" VALUES(88556624,'Cr',-1044.3291360641,0.0010461908);
INSERT INTO "e_tab" VALUES(88556624,'Cu',-1640.4212244814,0.0010457975);
INSERT INTO "e_tab" VALUES(88556624,'Fe',-1263.5581262224,0.0007951397);
INSERT INTO "e_tab" VALUES(88556624,'H',-0.5,0.0);
INSERT INTO "e_tab" VALUES(88556624,'Mn',-1150.8850898488,0.0007014388);
INSERT INTO "e_tab" VALUES(88556624,'Ni',-1508.1663040247,0.0009625108);
INSERT INTO "e_tab" VALUES(88556624,'O',-75.0501751602,0.0003247778);
INSERT INTO "e_tab" VALUES(88556624,'S',-398.066322936,0.0005231737);
INSERT INTO "e_tab" VALUES(88556624,'Ti',-849.2272295438,0.000478896);
INSERT INTO "e_tab" VALUES(88556624,'V',-943.7806427544,0.0005522076);
INSERT INTO "e_tab" VALUES(88556624,'Zn',-1779.333468317,0.0009006777);
INSERT INTO "e_tab" VALUES(88556624,'CoCl',-1842.8529076113,0.0012065536);
INSERT INTO "e_tab" VALUES(88556624,'CoH',-1383.2037016504,0.0006169904);
INSERT INTO "e_tab" VALUES(88556624,'CrCl',-1504.5370932752,0.000981596);
INSERT INTO "e_tab" VALUES(88556624,'CrH',-1044.8753252867,0.0004681616);
INSERT INTO "e_tab" VALUES(88556624,'CrO',-1119.4863515685,0.0006995768);
INSERT INTO "e_tab" VALUES(88556624,'CuCl',-2100.6574589557,0.0014579196);
INSERT INTO "e_tab" VALUES(88556624,'CuH',-1641.0143784978,0.000799516);
INSERT INTO "e_tab" VALUES(88556624,'FeCl',-1723.7948993513,0.0012507854);
INSERT INTO "e_tab" VALUES(88556624,'FeH',-1264.1232169828,0.0006460381);
INSERT INTO "e_tab" VALUES(88556624,'MnCl',-1611.1259043315,0.0012862201);
INSERT INTO "e_tab" VALUES(88556624,'MnS',-1549.0395979298,0.0013018378);
INSERT INTO "e_tab" VALUES(88556624,'NiCl',-1968.42539651,0.0017142723);
INSERT INTO "e_tab" VALUES(88556624,'TiCl',-1309.4856404583,0.0011487116);
INSERT INTO "e_tab" VALUES(88556624,'VCl',-1404.0365409898,0.0012356619);
INSERT INTO "e_tab" VALUES(88556624,'VH',-944.3700369614,0.0005560388);
INSERT INTO "e_tab" VALUES(88556624,'VO',-1019.0377539532,0.0008730346);
INSERT INTO "e_tab" VALUES(88556624,'ZnCl',-2239.5227505564,0.0020495761);
INSERT INTO "e_tab" VALUES(88556624,'ZnH',-1779.8738517877,0.0011206466);
INSERT INTO "e_tab" VALUES(88556624,'ZnO',-1854.4271791134,0.001532789);
INSERT INTO "e_tab" VALUES(88556624,'ZnS',-2177.4530508488,0.0019946701);
INSERT INTO "e_tab" VALUES(84283829,'Sc',-759.73572,NULL);
INSERT INTO "e_tab" VALUES(84283829,'Ti',-848.406,NULL);
INSERT INTO "e_tab" VALUES(84283829,'V',-942.88434,NULL);
INSERT INTO "e_tab" VALUES(84283829,'Cr',-1043.3564,NULL);
INSERT INTO "e_tab" VALUES(84283829,'Mn',-1149.8663,NULL);
INSERT INTO "e_tab" VALUES(84283829,'Fe',-1262.4437,NULL);
INSERT INTO "e_tab" VALUES(84283829,'Co',-1381.4146,NULL);
INSERT INTO "e_tab" VALUES(84283829,'Ni',-1506.8709,NULL);
INSERT INTO "e_tab" VALUES(84283829,'Cu',-1638.9637,NULL);
INSERT INTO "e_tab" VALUES(84283829,'Zn',-1777.8481,NULL);
INSERT INTO "e_tab" VALUES(77320446,'Sc',-759.73646559936,NULL);
INSERT INTO "e_tab" VALUES(77320446,'Ti',-848.39506520479,NULL);
INSERT INTO "e_tab" VALUES(77320446,'V',-942.88433076261,NULL);
INSERT INTO "e_tab" VALUES(77320446,'Cr',-1043.35636754091,NULL);
INSERT INTO "e_tab" VALUES(77320446,'Mn',-1149.86624288959,NULL);
INSERT INTO "e_tab" VALUES(77320446,'Fe',-1262.4466787713,NULL);
INSERT INTO "e_tab" VALUES(77320446,'Co',-1381.41607767692,NULL);
INSERT INTO "e_tab" VALUES(77320446,'Ni',-1506.86022346632,NULL);
INSERT INTO "e_tab" VALUES(77320446,'Cu',-1638.96372314725,NULL);
INSERT INTO "e_tab" VALUES(77320446,'Zn',-1777.84810153521,NULL);
INSERT INTO "e_tab" VALUES(25610813,'Sc',-759.7376162909,NULL);
INSERT INTO "e_tab" VALUES(25610813,'Ti',-848.39711298805,NULL);
INSERT INTO "e_tab" VALUES(25610813,'V',-942.88660737769,NULL);
INSERT INTO "e_tab" VALUES(25610813,'Cr',-1043.35631312144,NULL);
INSERT INTO "e_tab" VALUES(25610813,'Mn',-1149.8662428639,NULL);
INSERT INTO "e_tab" VALUES(25610813,'Fe',-1262.44850172572,NULL);
INSERT INTO "e_tab" VALUES(25610813,'Co',-1381.4030073906,NULL);
INSERT INTO "e_tab" VALUES(25610813,'Ni',-1506.86350244173,NULL);
INSERT INTO "e_tab" VALUES(25610813,'Cu',-1638.9612463555,NULL);
INSERT INTO "e_tab" VALUES(25610813,'Zn',-1777.84804578413,NULL);
INSERT INTO "e_tab" VALUES(40636632,'Sc',-760.4398572052,NULL);
INSERT INTO "e_tab" VALUES(40636632,'Ti',-849.1561413636,NULL);
INSERT INTO "e_tab" VALUES(40636632,'V',-943.687473303,NULL);
INSERT INTO "e_tab" VALUES(40636632,'Cr',-1044.2231556789,NULL);
INSERT INTO "e_tab" VALUES(40636632,'Mn',-1150.7714071437,NULL);
INSERT INTO "e_tab" VALUES(40636632,'Fe',-1263.43090788,NULL);
INSERT INTO "e_tab" VALUES(40636632,'Co',-1382.4677891311,NULL);
INSERT INTO "e_tab" VALUES(40636632,'Ni',-1507.9958420583,NULL);
INSERT INTO "e_tab" VALUES(40636632,'Cu',-1640.2100977122,NULL);
INSERT INTO "e_tab" VALUES(40636632,'Zn',-1779.1058313058,NULL);
INSERT INTO "e_tab" VALUES(77786834,'Sc',-760.5718,0.0016);
INSERT INTO "e_tab" VALUES(77786834,'Ti',-849.2841,0.0019);
INSERT INTO "e_tab" VALUES(77786834,'V',-943.8234,0.0016);
INSERT INTO "e_tab" VALUES(77786834,'Cr',-1044.3603,0.0017);
INSERT INTO "e_tab" VALUES(77786834,'Mn',-1150.9158,0.002);
INSERT INTO "e_tab" VALUES(77786834,'Fe',-1263.5868,0.0021);
INSERT INTO "e_tab" VALUES(77786834,'Co',-1382.6377,0.0024);
INSERT INTO "e_tab" VALUES(77786834,'Ni',-1508.1901,0.0025);
INSERT INTO "e_tab" VALUES(77786834,'Cu',-1640.4328,0.0029);
INSERT INTO "e_tab" VALUES(77786834,'Zn',-1779.3386,0.0031);
INSERT INTO "e_tab" VALUES(1478073,'CoCl',-1841.65469111083,NULL);
INSERT INTO "e_tab" VALUES(1478073,'CoH',-1382.5088190923,NULL);
INSERT INTO "e_tab" VALUES(1478073,'CrCl',-1503.48725741702,NULL);
INSERT INTO "e_tab" VALUES(1478073,'CrH',-1044.31834887762,NULL);
INSERT INTO "e_tab" VALUES(1478073,'CrO',-1118.81261432038,NULL);
INSERT INTO "e_tab" VALUES(1478073,'CuCl',-2099.39769385374,NULL);
INSERT INTO "e_tab" VALUES(1478073,'CuH',-1640.26122084633,NULL);
INSERT INTO "e_tab" VALUES(1478073,'FeCl',-1722.65711456732,NULL);
INSERT INTO "e_tab" VALUES(1478073,'FeH',-1263.46307316818,NULL);
INSERT INTO "e_tab" VALUES(1478073,'MnCl',-1610.02113045608,NULL);
INSERT INTO "e_tab" VALUES(1478073,'MnS',-1547.96027788119,NULL);
INSERT INTO "e_tab" VALUES(1478073,'NiCl',-1967.19845844284,NULL);
INSERT INTO "e_tab" VALUES(1478073,'TiCl',-1308.48372468847,NULL);
INSERT INTO "e_tab" VALUES(1478073,'VCl',-1402.99312868111,NULL);
INSERT INTO "e_tab" VALUES(1478073,'VH',-943.819967346508,NULL);
INSERT INTO "e_tab" VALUES(1478073,'VO',-1018.38761894803,NULL);
INSERT INTO "e_tab" VALUES(1478073,'ZnCl',-2238.22762368349,NULL);
INSERT INTO "e_tab" VALUES(1478073,'ZnH',-1779.08559580963,NULL);
INSERT INTO "e_tab" VALUES(1478073,'ZnO',-1853.52661121247,NULL);
INSERT INTO "e_tab" VALUES(1478073,'ZnS',-2176.19192969581,NULL);
INSERT INTO "e_tab" VALUES(33994575,'H',-0.5,0.0);
INSERT INTO "e_tab" VALUES(24410468,'Ti',-848.7098454731,NULL);
INSERT INTO "e_tab" VALUES(24410468,'Cl',-459.638073427,NULL);
INSERT INTO "e_tab" VALUES(24410468,'Co',-1381.935705291,NULL);
INSERT INTO "e_tab" VALUES(24410468,'Cr',-1043.7334215679,NULL);
INSERT INTO "e_tab" VALUES(24410468,'Cu',-1639.6689315032,NULL);
INSERT INTO "e_tab" VALUES(24410468,'Fe',-1262.917968428,NULL);
INSERT INTO "e_tab" VALUES(24410468,'Mn',-1150.2711927708,NULL);
INSERT INTO "e_tab" VALUES(24410468,'Ni',-1507.4638035056,NULL);
INSERT INTO "e_tab" VALUES(24410468,'O',-74.9556561659,NULL);
INSERT INTO "e_tab" VALUES(24410468,'S',-397.6267827001,NULL);
INSERT INTO "e_tab" VALUES(24410468,'V',-943.2286951132,NULL);
INSERT INTO "e_tab" VALUES(24410468,'Zn',-1778.5508182623,NULL);
INSERT INTO "e_tab" VALUES(47614777,'Ti',-848.7099991308,NULL);
INSERT INTO "e_tab" VALUES(47614777,'Cl',-459.6382007874,NULL);
INSERT INTO "e_tab" VALUES(47614777,'Co',-1381.9360556292,NULL);
INSERT INTO "e_tab" VALUES(47614777,'Cr',-1043.7346591273,NULL);
INSERT INTO "e_tab" VALUES(47614777,'Cu',-1639.6739682996,NULL);
INSERT INTO "e_tab" VALUES(47614777,'Fe',-1262.9181883475,NULL);
INSERT INTO "e_tab" VALUES(47614777,'Mn',-1150.271581674,NULL);
INSERT INTO "e_tab" VALUES(47614777,'Ni',-1507.464167803,NULL);
INSERT INTO "e_tab" VALUES(47614777,'O',-74.9557121561,NULL);
INSERT INTO "e_tab" VALUES(47614777,'S',-397.6268987219,NULL);
INSERT INTO "e_tab" VALUES(47614777,'V',-943.228707861,NULL);
INSERT INTO "e_tab" VALUES(47614777,'Zn',-1778.5514678511,NULL);
INSERT INTO "e_tab" VALUES(2370421,'Ti',-848.7180651661,NULL);
INSERT INTO "e_tab" VALUES(2370421,'Cl',-459.6427974922,NULL);
INSERT INTO "e_tab" VALUES(2370421,'Co',-1381.9651489414,NULL);
INSERT INTO "e_tab" VALUES(2370421,'Cr',-1043.7513588639,NULL);
INSERT INTO "e_tab" VALUES(2370421,'Cu',-1639.7301303715,NULL);
INSERT INTO "e_tab" VALUES(2370421,'Fe',-1262.9270469824,NULL);
INSERT INTO "e_tab" VALUES(2370421,'Mn',-1150.2913389955,NULL);
INSERT INTO "e_tab" VALUES(2370421,'Ni',-1507.5011885161,NULL);
INSERT INTO "e_tab" VALUES(2370421,'O',-74.9562032433,NULL);
INSERT INTO "e_tab" VALUES(2370421,'S',-397.6278121938,NULL);
INSERT INTO "e_tab" VALUES(2370421,'V',-943.2441285832,NULL);
INSERT INTO "e_tab" VALUES(2370421,'Zn',-1778.5929594377,NULL);
INSERT INTO "e_tab" VALUES(33994575,'O',-75.0615309517,0.0001271292);
INSERT INTO "e_tab" VALUES(33994575,'S',-398.0864338947,0.0008095382);
INSERT INTO "e_tab" VALUES(33994575,'Cl',-460.1226774055,0.0011195117);
INSERT INTO "e_tab" VALUES(33994575,'Co',-1382.666452011,0.0024760964);
INSERT INTO "e_tab" VALUES(33994575,'Cr',-1044.3725101739,0.0014983485);
INSERT INTO "e_tab" VALUES(33994575,'Cu',-1640.4559154767,0.0023189938);
INSERT INTO "e_tab" VALUES(33994575,'Fe',-1263.6077431618,0.0017669231);
INSERT INTO "e_tab" VALUES(33994575,'Mn',-1150.937236112,0.0016786328);
INSERT INTO "e_tab" VALUES(33994575,'Ni',-1508.219750028,0.0019034175);
INSERT INTO "e_tab" VALUES(33994575,'Ti',-849.3018629066,0.0011348128);
INSERT INTO "e_tab" VALUES(33994575,'V',-943.8394324708,0.0012235839);
INSERT INTO "e_tab" VALUES(33994575,'Zn',-1779.3765556373,0.0026283398);
INSERT INTO "e_tab" VALUES(33994575,'CoCl',-1842.9043435655,0.0021450615);
INSERT INTO "e_tab" VALUES(33994575,'CoH',-1383.2514457415,0.0016217925);
INSERT INTO "e_tab" VALUES(33994575,'CrCl',-1504.6276820164,0.001895521);
INSERT INTO "e_tab" VALUES(33994575,'CrH',-1044.9492026627,0.0010651231);
INSERT INTO "e_tab" VALUES(33994575,'CrO',-1119.5938954261,0.0018767123);
INSERT INTO "e_tab" VALUES(33994575,'CuCl',-2100.7221914233,0.0028777597);
INSERT INTO "e_tab" VALUES(33994575,'CuH',-1641.0552699592,0.0018151839);
INSERT INTO "e_tab" VALUES(33994575,'FeCl',-1723.8653071516,0.002262662);
INSERT INTO "e_tab" VALUES(33994575,'FeH',-1264.1763832375,0.0017951395);
INSERT INTO "e_tab" VALUES(33994575,'MnCl',-1611.158511096,0.0029626461);
INSERT INTO "e_tab" VALUES(33994575,'MnS',-1549.0966644878,0.0027502688);
INSERT INTO "e_tab" VALUES(33994575,'NiCl',-1968.4768911342,0.0024098341);
INSERT INTO "e_tab" VALUES(33994575,'TiCl',-1309.5456705407,0.0023068199);
INSERT INTO "e_tab" VALUES(33994575,'VCl',-1404.1002714366,0.0013710655);
INSERT INTO "e_tab" VALUES(33994575,'VH',-944.4299408288,0.0010401941);
INSERT INTO "e_tab" VALUES(33994575,'VO',-1019.1252936656,0.0014659253);
INSERT INTO "e_tab" VALUES(33994575,'ZnCl',-2239.5628528603,0.0030470247);
INSERT INTO "e_tab" VALUES(33994575,'ZnH',-1779.9025876494,0.0019789615);
INSERT INTO "e_tab" VALUES(33994575,'ZnO',-1854.4894592519,0.0026657096);
INSERT INTO "e_tab" VALUES(33994575,'ZnS',-2177.4881206729,0.0035502424);
INSERT INTO "e_tab" VALUES(97146129,'O',-75.05064088,8.169e-05);
INSERT INTO "e_tab" VALUES(97146129,'S',-398.0649583,0.00066492);
INSERT INTO "e_tab" VALUES(97146129,'Cr',-1044.33211043,0.00099254);
INSERT INTO "e_tab" VALUES(97146129,'Cl',-460.09818007,0.00033516);
INSERT INTO "e_tab" VALUES(97146129,'Cu',-1640.42545824,0.00098828);
INSERT INTO "e_tab" VALUES(97146129,'H',-0.5,0.0);
INSERT INTO "e_tab" VALUES(97146129,'MnCl',-1611.12464658,0.00110319);
INSERT INTO "e_tab" VALUES(97146129,'ZnCl',-2239.52702128,0.00151551);
INSERT INTO "e_tab" VALUES(97146129,'FeCl',-1723.80033488,0.00166762);
INSERT INTO "e_tab" VALUES(97146129,'ZnH',-1779.87952465,0.00101485);
INSERT INTO "e_tab" VALUES(97146129,'CuCl',-2100.66131449,0.00137556);
INSERT INTO "e_tab" VALUES(97146129,'NiCl',-1968.42561973,0.0012663);
INSERT INTO "e_tab" VALUES(97146129,'CuH',-1641.01927239,0.00077612);
INSERT INTO "e_tab" VALUES(97146129,'VCl',-1404.04048446,0.00105955);
INSERT INTO "e_tab" VALUES(97146129,'CoCl',-1842.85959207,0.00139795);
INSERT INTO "e_tab" VALUES(97146129,'Co',-1382.62511896,0.0012177031);
INSERT INTO "e_tab" VALUES(97146129,'Fe',-1263.5686618984,0.0010912881);
INSERT INTO "e_tab" VALUES(97146129,'Mn',-1150.8933226182,0.0009648043);
INSERT INTO "e_tab" VALUES(97146129,'Ni',-1508.176810941,0.001296062);
INSERT INTO "e_tab" VALUES(97146129,'Ti',-849.2506869104,0.0009709099);
INSERT INTO "e_tab" VALUES(97146129,'V',-943.788556699,0.0013843252);
INSERT INTO "e_tab" VALUES(97146129,'Zn',-1779.3450820556,0.0015230794);
INSERT INTO "e_tab" VALUES(97146129,'CoH',-1383.2098734216,0.0012529737);
INSERT INTO "e_tab" VALUES(97146129,'CrCl',-1504.5467813348,0.0009720918);
INSERT INTO "e_tab" VALUES(97146129,'CrH',-1044.9044602811,0.0011902182);
INSERT INTO "e_tab" VALUES(97146129,'CrO',-1119.5156649462,0.0013456903);
INSERT INTO "e_tab" VALUES(97146129,'FeH',-1264.1266413483,0.001127954);
INSERT INTO "e_tab" VALUES(97146129,'MnS',-1549.0506577608,0.0010196965);
INSERT INTO "e_tab" VALUES(97146129,'TiCl',-1309.5015606073,0.0008555983);
INSERT INTO "e_tab" VALUES(97146129,'VH',-944.3818380342,0.0011260464);
INSERT INTO "e_tab" VALUES(97146129,'VO',-1019.0686568046,0.0012197003);
INSERT INTO "e_tab" VALUES(97146129,'ZnO',-1854.4501616433,0.0010441036);
INSERT INTO "e_tab" VALUES(97146129,'ZnS',-2177.4618650972,0.0013757543);
INSERT INTO "e_tab" VALUES(24410468,'CoCl',-1841.6816317717,NULL);
INSERT INTO "e_tab" VALUES(24410468,'CoH',-1382.5152579518,NULL);
INSERT INTO "e_tab" VALUES(24410468,'ZnCl',-2238.2564424199,NULL);
INSERT INTO "e_tab" VALUES(24410468,'CrCl',-1503.4944375231,NULL);
INSERT INTO "e_tab" VALUES(24410468,'CuH',-1640.2646697209,NULL);
INSERT INTO "e_tab" VALUES(24410468,'FeCl',-1722.6736341675,NULL);
INSERT INTO "e_tab" VALUES(24410468,'ZnH',-1779.0844915453,NULL);
INSERT INTO "e_tab" VALUES(24410468,'CrO',-1118.8122187678,NULL);
INSERT INTO "e_tab" VALUES(24410468,'CuCl',-2099.4313472752,NULL);
INSERT INTO "e_tab" VALUES(24410468,'MnS',-1547.9678027341,NULL);
INSERT INTO "e_tab" VALUES(24410468,'NiCl',-1967.2301612447,NULL);
INSERT INTO "e_tab" VALUES(24410468,'VH',-943.8149609086,NULL);
INSERT INTO "e_tab" VALUES(24410468,'VO',-1018.3875828029,NULL);
INSERT INTO "e_tab" VALUES(24410468,'ZnO',-1853.5338769708,NULL);
INSERT INTO "e_tab" VALUES(24410468,'ZnS',-2176.2036163453,NULL);
INSERT INTO "e_tab" VALUES(24410468,'FeH',-1263.4658297521,NULL);
INSERT INTO "e_tab" VALUES(24410468,'CrH',-1044.3163260237,NULL);
INSERT INTO "e_tab" VALUES(24410468,'MnCl',-1610.0306617439,NULL);
INSERT INTO "e_tab" VALUES(24410468,'TiCl',-1308.4817144875,NULL);
INSERT INTO "e_tab" VALUES(24410468,'VCl',-1403.0006548216,NULL);
INSERT INTO "e_tab" VALUES(47614777,'CoCl',-1841.6835005284,NULL);
INSERT INTO "e_tab" VALUES(47614777,'CoH',-1382.5156330473,NULL);
INSERT INTO "e_tab" VALUES(47614777,'ZnCl',-2238.258665036,NULL);
INSERT INTO "e_tab" VALUES(47614777,'CrCl',-1503.4958279418,NULL);
INSERT INTO "e_tab" VALUES(47614777,'CuH',-1640.2652349723,NULL);
INSERT INTO "e_tab" VALUES(47614777,'FeCl',-1722.6751273816,NULL);
INSERT INTO "e_tab" VALUES(47614777,'ZnH',-1779.0845429582,NULL);
INSERT INTO "e_tab" VALUES(47614777,'CrO',-1118.81287914127,NULL);
INSERT INTO "e_tab" VALUES(47614777,'CuCl',-2099.4344353257,NULL);
INSERT INTO "e_tab" VALUES(47614777,'MnS',-1547.9691085224,NULL);
INSERT INTO "e_tab" VALUES(47614777,'NiCl',-1967.2321521471,NULL);
INSERT INTO "e_tab" VALUES(47614777,'VH',-943.815021157,NULL);
INSERT INTO "e_tab" VALUES(47614777,'VO',-1018.3880531539,NULL);
INSERT INTO "e_tab" VALUES(47614777,'ZnO',-1853.536293487,NULL);
INSERT INTO "e_tab" VALUES(47614777,'ZnS',-2176.204949496,NULL);
INSERT INTO "e_tab" VALUES(47614777,'FeH',-1263.4663900565,NULL);
INSERT INTO "e_tab" VALUES(47614777,'CrH',-1044.3164914827,NULL);
INSERT INTO "e_tab" VALUES(47614777,'MnCl',-1610.0316304592,NULL);
INSERT INTO "e_tab" VALUES(47614777,'TiCl',-1308.4822894234,NULL);
INSERT INTO "e_tab" VALUES(47614777,'VCl',-1403.0013232882,NULL);
INSERT INTO "e_tab" VALUES(2370421,'CoCl',-1841.7612632713,NULL);
INSERT INTO "e_tab" VALUES(2370421,'CoH',-1382.5685423888,NULL);
INSERT INTO "e_tab" VALUES(2370421,'ZnCl',-2238.3185596976,NULL);
INSERT INTO "e_tab" VALUES(2370421,'CrCl',-1503.5461417789,NULL);
INSERT INTO "e_tab" VALUES(2370421,'CuH',-1640.3532828022,NULL);
INSERT INTO "e_tab" VALUES(2370421,'FeCl',-1722.7326676716,NULL);
INSERT INTO "e_tab" VALUES(2370421,'ZnH',-1779.1234432316,NULL);
INSERT INTO "e_tab" VALUES(2370421,'CuCl',-2099.5138037779,NULL);
INSERT INTO "e_tab" VALUES(2370421,'NiCl',-1967.3065355213,NULL);
INSERT INTO "e_tab" VALUES(2370421,'VH',-943.8401715435,NULL);
INSERT INTO "e_tab" VALUES(2370421,'VO',-1018.4205488997,NULL);
INSERT INTO "e_tab" VALUES(2370421,'ZnO',-1853.5869891905,NULL);
INSERT INTO "e_tab" VALUES(2370421,'ZnS',-2176.2678940778,NULL);
INSERT INTO "e_tab" VALUES(2370421,'FeH',-1263.5225082849,NULL);
INSERT INTO "e_tab" VALUES(2370421,'CrH',-1044.3465741673,NULL);
INSERT INTO "e_tab" VALUES(2370421,'MnCl',-1610.0808963271,NULL);
INSERT INTO "e_tab" VALUES(2370421,'TiCl',-1308.52086007,NULL);
INSERT INTO "e_tab" VALUES(2370421,'VCl',-1403.0439965296,NULL);
INSERT INTO "e_tab" VALUES(44847366,'O',-75.0541216531,0.0002737141);
INSERT INTO "e_tab" VALUES(44847366,'S',-398.0803766074,0.0011077539);
INSERT INTO "e_tab" VALUES(44847366,'Cl',-460.1148505344,0.0013685113);
INSERT INTO "e_tab" VALUES(44847366,'Co',-1382.6213546214,0.0008609867);
INSERT INTO "e_tab" VALUES(44847366,'Cr',-1044.3213080184,0.0084887246);
INSERT INTO "e_tab" VALUES(44847366,'Cu',-1640.4158787577,0.0010392173);
INSERT INTO "e_tab" VALUES(44847366,'Fe',-1263.5649381784,0.0007982973);
INSERT INTO "e_tab" VALUES(44847366,'Mn',-1150.8942160787,0.0006907212);
INSERT INTO "e_tab" VALUES(44847366,'Ni',-1508.1704015442,0.000936219);
INSERT INTO "e_tab" VALUES(44847366,'Ti',-849.2637022023,0.0011304518);
INSERT INTO "e_tab" VALUES(44847366,'V',-943.7977098598,0.0012359336);
INSERT INTO "e_tab" VALUES(44847366,'Zn',-1779.3360689905,0.0011023792);
INSERT INTO "e_tab" VALUES(44847366,'H',-0.5,0.0);
INSERT INTO "e_tab" VALUES(44847366,'CoCl',-1842.8607770619,0.0011254918);
INSERT INTO "e_tab" VALUES(44847366,'CoH',-1383.2062474615,0.0008065037);
INSERT INTO "e_tab" VALUES(44847366,'CrCl',-1504.5612698898,0.0009865502);
INSERT INTO "e_tab" VALUES(44847366,'CrH',-1044.9013491322,0.0007079449);
INSERT INTO "e_tab" VALUES(44847366,'CrO',-1119.5278025885,0.0008865793);
INSERT INTO "e_tab" VALUES(44847366,'CuCl',-2100.657590662,0.0014319177);
INSERT INTO "e_tab" VALUES(44847366,'CuH',-1641.0125910295,0.0011001855);
INSERT INTO "e_tab" VALUES(44847366,'FeCl',-1723.8082656046,0.0011920311);
INSERT INTO "e_tab" VALUES(44847366,'FeH',-1264.1278942604,0.0011574486);
INSERT INTO "e_tab" VALUES(44847366,'MnCl',-1611.1346994455,0.0010656085);
INSERT INTO "e_tab" VALUES(44847366,'MnS',-1549.0634719387,0.0009906997);
INSERT INTO "e_tab" VALUES(44847366,'NiCl',-1968.4232165679,0.001438152);
INSERT INTO "e_tab" VALUES(44847366,'TiCl',-1309.5135503394,0.0009444248);
INSERT INTO "e_tab" VALUES(44847366,'VCl',-1404.0485043925,0.0009161134);
INSERT INTO "e_tab" VALUES(44847366,'VH',-944.3898186565,0.0005921659);
INSERT INTO "e_tab" VALUES(44847366,'VO',-1019.077837159,0.0008741726);
INSERT INTO "e_tab" VALUES(44847366,'ZnCl',-2239.5263737253,0.0013976818);
INSERT INTO "e_tab" VALUES(44847366,'ZnH',-1779.87079946,0.0011986498);
INSERT INTO "e_tab" VALUES(44847366,'ZnO',-1854.4396244817,0.0011050567);
INSERT INTO "e_tab" VALUES(44847366,'ZnS',-2177.46683213,0.0013778438);
INSERT INTO "e_tab" VALUES(90431327,'H',-0.5,0.0);
INSERT INTO "e_tab" VALUES(90431327,'O',-75.05064088,8.169e-05);
INSERT INTO "e_tab" VALUES(90431327,'S',-398.0649583,0.00066492);
INSERT INTO "e_tab" VALUES(90431327,'Cr',-1044.33211043,0.00099254);
INSERT INTO "e_tab" VALUES(90431327,'CuCl',-2100.66131449,0.00137556);
INSERT INTO "e_tab" VALUES(90431327,'Cl',-460.1016372124,0.0003215126);
INSERT INTO "e_tab" VALUES(90431327,'Co',-1382.6285372963,0.001131227);
INSERT INTO "e_tab" VALUES(90431327,'Cu',-1640.4272902561,0.0013466894);
INSERT INTO "e_tab" VALUES(90431327,'Fe',-1263.5705068389,0.0010261433);
INSERT INTO "e_tab" VALUES(90431327,'Mn',-1150.8955730479,0.0011871011);
INSERT INTO "e_tab" VALUES(90431327,'Ni',-1508.182677454,0.0012776987);
INSERT INTO "e_tab" VALUES(90431327,'Ti',-849.2653976378,0.001230443);
INSERT INTO "e_tab" VALUES(90431327,'V',-943.7946117603,0.0011224904);
INSERT INTO "e_tab" VALUES(90431327,'Zn',-1779.3481365234,0.0011752239);
INSERT INTO "e_tab" VALUES(90431327,'CoCl',-1842.8616165591,0.0013650802);
INSERT INTO "e_tab" VALUES(90431327,'CoH',-1383.2080927494,0.0014994048);
INSERT INTO "e_tab" VALUES(90431327,'CrCl',-1504.5457783492,0.0018655503);
INSERT INTO "e_tab" VALUES(90431327,'CrH',-1044.9040232605,0.0006709431);
INSERT INTO "e_tab" VALUES(90431327,'CrO',-1119.5293013481,0.0009793159);
INSERT INTO "e_tab" VALUES(90431327,'CuH',-1641.0185549842,0.0013003346);
INSERT INTO "e_tab" VALUES(90431327,'FeCl',-1723.7997103507,0.0013622323);
INSERT INTO "e_tab" VALUES(90431327,'FeH',-1264.1301430003,0.0008806214);
INSERT INTO "e_tab" VALUES(90431327,'MnCl',-1611.1274064093,0.0010974183);
INSERT INTO "e_tab" VALUES(90431327,'MnS',-1549.0637555816,0.0016520467);
INSERT INTO "e_tab" VALUES(90431327,'NiCl',-1968.429533975,0.001478486);
INSERT INTO "e_tab" VALUES(90431327,'TiCl',-1309.5097653492,0.0013776482);
INSERT INTO "e_tab" VALUES(90431327,'VCl',-1404.0463872345,0.0011578705);
INSERT INTO "e_tab" VALUES(90431327,'VH',-944.388781528,0.0006360234);
INSERT INTO "e_tab" VALUES(90431327,'VO',-1019.0812488553,0.0015665566);
INSERT INTO "e_tab" VALUES(90431327,'ZnCl',-2239.5308939854,0.0015541131);
INSERT INTO "e_tab" VALUES(90431327,'ZnH',-1779.8845325341,0.0011760549);
INSERT INTO "e_tab" VALUES(90431327,'ZnO',-1854.4511987979,0.0011746947);
INSERT INTO "e_tab" VALUES(90431327,'ZnS',-2177.4696440375,0.0014346331);
INSERT INTO "e_tab" VALUES(86244274,'Cl',-459.514127179895,NULL);
INSERT INTO "e_tab" VALUES(86244274,'Co',-1381.45963253433,NULL);
INSERT INTO "e_tab" VALUES(86244274,'Cr',-1043.3534651333,NULL);
INSERT INTO "e_tab" VALUES(86244274,'Cu',-1638.95791327955,NULL);
INSERT INTO "e_tab" VALUES(86244274,'Fe',-1262.47875423474,NULL);
INSERT INTO "e_tab" VALUES(86244274,'H',-0.499940175895297,NULL);
INSERT INTO "e_tab" VALUES(86244274,'Mn',-1149.89616663383,NULL);
INSERT INTO "e_tab" VALUES(86244274,'Ni',-1506.90583226673,NULL);
INSERT INTO "e_tab" VALUES(86244274,'O',-74.8101755180176,NULL);
INSERT INTO "e_tab" VALUES(86244274,'S',-397.504206920624,NULL);
INSERT INTO "e_tab" VALUES(86244274,'Ti',-848.485828688531,NULL);
INSERT INTO "e_tab" VALUES(86244274,'V',-942.926260293055,NULL);
INSERT INTO "e_tab" VALUES(86244274,'Zn',-1777.87048158513,NULL);
INSERT INTO "e_tab" VALUES(86244274,'CoCl',-1840.94517988328,NULL);
INSERT INTO "e_tab" VALUES(86244274,'CoH',-1381.95126760736,NULL);
INSERT INTO "e_tab" VALUES(86244274,'CrCl',-1502.9401492663,NULL);
INSERT INTO "e_tab" VALUES(86244274,'CrH',-1043.89965723623,NULL);
INSERT INTO "e_tab" VALUES(86244274,'CrO',-1118.28861540212,NULL);
INSERT INTO "e_tab" VALUES(86244274,'CuCl',-2098.53625414443,NULL);
INSERT INTO "e_tab" VALUES(86244274,'CuH',-1639.52041923383,NULL);
INSERT INTO "e_tab" VALUES(86244274,'FeCl',-1722.04850292294,NULL);
INSERT INTO "e_tab" VALUES(86244274,'FeH',-1262.93565710242,NULL);
INSERT INTO "e_tab" VALUES(86244274,'MnCl',-1609.46709210512,NULL);
INSERT INTO "e_tab" VALUES(86244274,'MnS',-1547.45112678027,NULL);
INSERT INTO "e_tab" VALUES(86244274,'NiCl',-1966.40652914734,NULL);
INSERT INTO "e_tab" VALUES(86244274,'TiCl',-1308.07709175608,NULL);
INSERT INTO "e_tab" VALUES(86244274,'VCl',-1402.51402424261,NULL);
INSERT INTO "e_tab" VALUES(86244274,'VH',-943.47516826151,NULL);
INSERT INTO "e_tab" VALUES(86244274,'VO',-1017.90796098522,NULL);
INSERT INTO "e_tab" VALUES(86244274,'ZnCl',-2237.40287778703,NULL);
INSERT INTO "e_tab" VALUES(86244274,'ZnH',-1778.37272364049,NULL);
INSERT INTO "e_tab" VALUES(86244274,'ZnO',-1852.72416646587,NULL);
INSERT INTO "e_tab" VALUES(86244274,'ZnS',-2175.41099523692,NULL);
INSERT INTO "e_tab" VALUES(60898009,'Cl',-460.1007744093,0.0002143552);
INSERT INTO "e_tab" VALUES(60898009,'Co',-1382.6325619862,0.0016313633);
INSERT INTO "e_tab" VALUES(60898009,'Cu',-1640.4261939834,0.0009390505);
INSERT INTO "e_tab" VALUES(60898009,'Fe',-1263.5681373807,0.000771557);
INSERT INTO "e_tab" VALUES(60898009,'Mn',-1150.8951529116,0.0006778224);
INSERT INTO "e_tab" VALUES(60898009,'Ni',-1508.1820674222,0.001186048);
INSERT INTO "e_tab" VALUES(60898009,'Ti',-849.2621587556,0.0008430268);
INSERT INTO "e_tab" VALUES(60898009,'V',-943.7934664951,0.0007587815);
INSERT INTO "e_tab" VALUES(60898009,'Zn',-1779.3463634333,0.0010271087);
INSERT INTO "e_tab" VALUES(60898009,'Cr',-1044.33211,0.000993);
INSERT INTO "e_tab" VALUES(60898009,'S',-398.064958,0.000665);
INSERT INTO "e_tab" VALUES(60898009,'O',-75.050641,8.2e-05);
INSERT INTO "e_tab" VALUES(60898009,'H',-0.5,0.0);
INSERT INTO "e_tab" VALUES(60898009,'CoCl',-1842.8556898239,0.0016730801);
INSERT INTO "e_tab" VALUES(60898009,'CoH',-1383.2009023804,0.0010045628);
INSERT INTO "e_tab" VALUES(60898009,'CrCl',-1504.5478396431,0.001418719);
INSERT INTO "e_tab" VALUES(60898009,'CrH',-1044.9053179444,0.0009831475);
INSERT INTO "e_tab" VALUES(60898009,'CrO',-1119.5224066921,0.0011894379);
INSERT INTO "e_tab" VALUES(60898009,'CuCl',-2100.662279496,0.0012870766);
INSERT INTO "e_tab" VALUES(60898009,'CuH',-1641.0162887167,0.0013298076);
INSERT INTO "e_tab" VALUES(60898009,'FeCl',-1723.7980128746,0.0012477042);
INSERT INTO "e_tab" VALUES(60898009,'FeH',-1264.1303693892,0.0012918552);
INSERT INTO "e_tab" VALUES(60898009,'MnCl',-1611.1267952338,0.0013540954);
INSERT INTO "e_tab" VALUES(60898009,'MnS',-1549.0633729872,0.0013635731);
INSERT INTO "e_tab" VALUES(60898009,'NiCl',-1968.4293439856,0.0016354435);
INSERT INTO "e_tab" VALUES(60898009,'TiCl',-1309.516591367,0.0012655903);
INSERT INTO "e_tab" VALUES(60898009,'VCl',-1404.0412571007,0.0016765994);
INSERT INTO "e_tab" VALUES(60898009,'VH',-944.3855231805,0.0006536374);
INSERT INTO "e_tab" VALUES(60898009,'VO',-1019.0724407757,0.0015958754);
INSERT INTO "e_tab" VALUES(60898009,'ZnCl',-2239.5297252275,0.0017503347);
INSERT INTO "e_tab" VALUES(60898009,'ZnH',-1779.8804340508,0.0010687799);
INSERT INTO "e_tab" VALUES(60898009,'ZnO',-1854.4474986931,0.0011409713);
INSERT INTO "e_tab" VALUES(60898009,'ZnS',-2177.4667668632,0.0015826452);
INSERT INTO "e_tab" VALUES(99494534,'Cr',-1044.33211,0.000993);
INSERT INTO "e_tab" VALUES(99494534,'S',-398.064958,0.000665);
INSERT INTO "e_tab" VALUES(99494534,'O',-75.050641,8.2e-05);
INSERT INTO "e_tab" VALUES(99494534,'Cu',-1640.425458,0.000988);
INSERT INTO "e_tab" VALUES(99494534,'H',-0.5,0.0);
INSERT INTO "e_tab" VALUES(99494534,'Cl',-460.1007344234,0.00075365);
INSERT INTO "e_tab" VALUES(99494534,'Co',-1382.6308648373,0.0010209454);
INSERT INTO "e_tab" VALUES(99494534,'Fe',-1263.5700291342,0.0008880172);
INSERT INTO "e_tab" VALUES(99494534,'Mn',-1150.8963745121,0.0012284838);
INSERT INTO "e_tab" VALUES(99494534,'Ni',-1508.1789585098,0.0011649308);
INSERT INTO "e_tab" VALUES(99494534,'Ti',-849.2638681493,0.0008252542);
INSERT INTO "e_tab" VALUES(99494534,'V',-943.7959868039,0.0012684952);
INSERT INTO "e_tab" VALUES(99494534,'Zn',-1779.3475382231,0.0010246669);
INSERT INTO "e_tab" VALUES(99494534,'CoCl',-1842.8585560814,0.0018399366);
INSERT INTO "e_tab" VALUES(99494534,'CoH',-1383.2082413862,0.0007231822);
INSERT INTO "e_tab" VALUES(99494534,'CrCl',-1504.5652933994,0.0012355324);
INSERT INTO "e_tab" VALUES(99494534,'CrH',-1044.904927809,0.0006632547);
INSERT INTO "e_tab" VALUES(99494534,'CrO',-1119.5311958029,0.0008076782);
INSERT INTO "e_tab" VALUES(99494534,'CuCl',-2100.6638548794,0.0013299559);
INSERT INTO "e_tab" VALUES(99494534,'CuH',-1641.0185996699,0.0010937384);
INSERT INTO "e_tab" VALUES(99494534,'FeCl',-1723.800628604,0.001047034);
INSERT INTO "e_tab" VALUES(99494534,'FeH',-1264.130869341,0.0006102198);
INSERT INTO "e_tab" VALUES(99494534,'MnCl',-1611.1291707455,0.0016249824);
INSERT INTO "e_tab" VALUES(99494534,'MnS',-1549.0649828415,0.0012364684);
INSERT INTO "e_tab" VALUES(99494534,'NiCl',-1968.4256157154,0.0012930312);
INSERT INTO "e_tab" VALUES(99494534,'TiCl',-1309.5209656183,0.0011543204);
INSERT INTO "e_tab" VALUES(99494534,'VCl',-1404.039869977,0.0011084902);
INSERT INTO "e_tab" VALUES(99494534,'VH',-944.3869400195,0.0004588414);
INSERT INTO "e_tab" VALUES(99494534,'VO',-1019.0785181614,0.0007714639);
INSERT INTO "e_tab" VALUES(99494534,'ZnCl',-2239.5269740621,0.0012571655);
INSERT INTO "e_tab" VALUES(99494534,'ZnH',-1779.8818692802,0.0010655237);
INSERT INTO "e_tab" VALUES(99494534,'ZnO',-1854.4523609863,0.0011552239);
INSERT INTO "e_tab" VALUES(99494534,'ZnS',-2177.4679768876,0.0013116261);
INSERT INTO "e_tab" VALUES(73543575,'H',-0.5,0.0);
INSERT INTO "e_tab" VALUES(73543575,'O',-75.0506544627,5.06489e-05);
INSERT INTO "e_tab" VALUES(73543575,'S',-398.0663146932,0.0002007172);
INSERT INTO "e_tab" VALUES(73543575,'Cl',-460.097699317,0.0001582946);
INSERT INTO "e_tab" VALUES(73543575,'Cr',-1044.3280701227,0.0004912444);
INSERT INTO "e_tab" VALUES(73543575,'Cu',-1640.4237320179,0.0008835752);
INSERT INTO "e_tab" VALUES(73543575,'Fe',-1263.5564075527,0.0006576371);
INSERT INTO "e_tab" VALUES(73543575,'Mn',-1150.8854014799,0.0006297866);
INSERT INTO "e_tab" VALUES(73543575,'Ni',-1508.1667396794,0.0007931681);
INSERT INTO "e_tab" VALUES(73543575,'Ti',-849.2468892589,0.0004685406);
INSERT INTO "e_tab" VALUES(73543575,'V',-943.7827979884,0.0005561339);
INSERT INTO "e_tab" VALUES(73543575,'Zn',-1779.3357294942,0.0012048024);
INSERT INTO "e_tab" VALUES(73543575,'CoCl',-1842.8557028698,0.0009107301);
INSERT INTO "e_tab" VALUES(73543575,'CoH',-1383.2047573547,0.0004800271);
INSERT INTO "e_tab" VALUES(73543575,'CrCl',-1504.5393756862,0.0007310076);
INSERT INTO "e_tab" VALUES(73543575,'CrH',-1044.8740011128,0.0003495437);
INSERT INTO "e_tab" VALUES(73543575,'CrO',-1119.4881486676,0.0005068976);
INSERT INTO "e_tab" VALUES(73543575,'CuCl',-2100.662123723,0.0010183817);
INSERT INTO "e_tab" VALUES(73543575,'CuH',-1641.0149620868,0.0005754518);
INSERT INTO "e_tab" VALUES(73543575,'FeCl',-1723.7962451022,0.0008393177);
INSERT INTO "e_tab" VALUES(73543575,'FeH',-1264.1264983342,0.0004381919);
INSERT INTO "e_tab" VALUES(73543575,'MnCl',-1611.1236474338,0.0007679624);
INSERT INTO "e_tab" VALUES(73543575,'MnS',-1549.038302546,0.0007513097);
INSERT INTO "e_tab" VALUES(73543575,'NiCl',-1968.4234076576,0.0009660822);
INSERT INTO "e_tab" VALUES(73543575,'TiCl',-1309.5067110961,0.0006370905);
INSERT INTO "e_tab" VALUES(73543575,'VCl',-1404.0392950124,0.0006837643);
INSERT INTO "e_tab" VALUES(73543575,'VH',-944.3595746694,0.000309097);
INSERT INTO "e_tab" VALUES(73543575,'VO',-1019.0404761373,0.0004675378);
INSERT INTO "e_tab" VALUES(73543575,'ZnCl',-2239.5276941672,0.0010566484);
INSERT INTO "e_tab" VALUES(73543575,'ZnH',-1779.8764522479,0.0006053309);
INSERT INTO "e_tab" VALUES(73543575,'ZnO',-1854.4279437728,0.0007328129);
INSERT INTO "e_tab" VALUES(73543575,'ZnS',-2177.4528913947,0.0009725913);
INSERT INTO "e_tab" VALUES(79141737,'H',-0.4999439301,NULL);
INSERT INTO "e_tab" VALUES(79141737,'Cl',-459.6418306593,NULL);
INSERT INTO "e_tab" VALUES(79141737,'Co',-1381.9443661003,NULL);
INSERT INTO "e_tab" VALUES(79141737,'CoCl',-1841.6869243927,NULL);
INSERT INTO "e_tab" VALUES(79141737,'CoH',-1382.5251874494,NULL);
INSERT INTO "e_tab" VALUES(79141737,'Cr',-1043.7367596251,NULL);
INSERT INTO "e_tab" VALUES(79141737,'CrCl',-1503.507176232,NULL);
INSERT INTO "e_tab" VALUES(79141737,'CrH',-1044.3260413377,NULL);
INSERT INTO "e_tab" VALUES(79141737,'Cu',-1639.6653456147,NULL);
INSERT INTO "e_tab" VALUES(79141737,'CuCl',-2099.4345857854,NULL);
INSERT INTO "e_tab" VALUES(79141737,'CuH',-1640.2601968095,NULL);
INSERT INTO "e_tab" VALUES(79141737,'Fe',-1262.9370098359,NULL);
INSERT INTO "e_tab" VALUES(79141737,'FeCl',-1722.6829982159,NULL);
INSERT INTO "e_tab" VALUES(79141737,'FeH',-1263.4758117162,NULL);
INSERT INTO "e_tab" VALUES(79141737,'Mn',-1150.2771038519,NULL);
INSERT INTO "e_tab" VALUES(79141737,'MnCl',-1610.0399288403,NULL);
INSERT INTO "e_tab" VALUES(79141737,'MnS',-1547.9776175046,NULL);
INSERT INTO "e_tab" VALUES(79141737,'Ni',-1507.4656345891,NULL);
INSERT INTO "e_tab" VALUES(79141737,'NiCl',-1967.2346382463,NULL);
INSERT INTO "e_tab" VALUES(79141737,'O',-74.9586668137,NULL);
INSERT INTO "e_tab" VALUES(79141737,'S',-397.6313817725,NULL);
INSERT INTO "e_tab" VALUES(79141737,'Ti',-848.7169527173,NULL);
INSERT INTO "e_tab" VALUES(79141737,'TiCl',-1308.5087905069,NULL);
INSERT INTO "e_tab" VALUES(79141737,'V',-943.2370188282,NULL);
INSERT INTO "e_tab" VALUES(79141737,'VCl',-1403.0150309515,NULL);
INSERT INTO "e_tab" VALUES(79141737,'VH',-943.8210705907,NULL);
INSERT INTO "e_tab" VALUES(79141737,'VO',-1018.4094393881,NULL);
INSERT INTO "e_tab" VALUES(79141737,'Zn',-1778.5503576985,NULL);
INSERT INTO "e_tab" VALUES(79141737,'ZnCl',-2238.2600878295,NULL);
INSERT INTO "e_tab" VALUES(79141737,'ZnH',-1779.0835549704,NULL);
INSERT INTO "e_tab" VALUES(79141737,'ZnO',-1853.5262897102,NULL);
INSERT INTO "e_tab" VALUES(79141737,'ZnS',-2176.2069323371,NULL);
INSERT INTO "e_tab" VALUES(39670825,'Cl',-459.482533648431,NULL);
INSERT INTO "e_tab" VALUES(39670825,'Co',-1381.40264697033,NULL);
INSERT INTO "e_tab" VALUES(39670825,'Cr',-1043.35595657046,NULL);
INSERT INTO "e_tab" VALUES(39670825,'Cu',-1638.96293360212,NULL);
INSERT INTO "e_tab" VALUES(39670825,'Fe',-1262.44815888508,NULL);
INSERT INTO "e_tab" VALUES(39670825,'H',-0.499972819628243,NULL);
INSERT INTO "e_tab" VALUES(39670825,'Mn',-1149.86579987753,NULL);
INSERT INTO "e_tab" VALUES(39670825,'Ni',-1506.87342083259,NULL);
INSERT INTO "e_tab" VALUES(39670825,'O',-74.812110223288,NULL);
INSERT INTO "e_tab" VALUES(39670825,'S',-397.506058752002,NULL);
INSERT INTO "e_tab" VALUES(39670825,'Ti',-848.40807215331,NULL);
INSERT INTO "e_tab" VALUES(39670825,'V',-942.886249189776,NULL);
INSERT INTO "e_tab" VALUES(39670825,'Zn',-1777.84727634732,NULL);
INSERT INTO "e_tab" VALUES(39670825,'CoCl',-1840.94037274771,NULL);
INSERT INTO "e_tab" VALUES(39670825,'CoH',-1381.90441155613,NULL);
INSERT INTO "e_tab" VALUES(39670825,'CrCl',-1502.93752649031,NULL);
INSERT INTO "e_tab" VALUES(39670825,'CrH',-1043.88993469821,NULL);
INSERT INTO "e_tab" VALUES(39670825,'CrO',-1118.13632824108,NULL);
INSERT INTO "e_tab" VALUES(39670825,'CuCl',-2098.54533007181,NULL);
INSERT INTO "e_tab" VALUES(39670825,'CuH',-1639.51311730594,NULL);
INSERT INTO "e_tab" VALUES(39670825,'FeCl',-1722.05244666392,NULL);
INSERT INTO "e_tab" VALUES(39670825,'FeH',-1262.92478381267,NULL);
INSERT INTO "e_tab" VALUES(39670825,'MnCl',-1609.47221426565,NULL);
INSERT INTO "e_tab" VALUES(39670825,'MnS',-1547.39131519273,NULL);
INSERT INTO "e_tab" VALUES(39670825,'NiCl',-1966.40755882784,NULL);
INSERT INTO "e_tab" VALUES(39670825,'TiCl',-1308.02904979726,NULL);
INSERT INTO "e_tab" VALUES(39670825,'VCl',-1402.50398178576,NULL);
INSERT INTO "e_tab" VALUES(39670825,'VH',-943.446757339676,NULL);
INSERT INTO "e_tab" VALUES(39670825,'VO',-1017.75593689557,NULL);
INSERT INTO "e_tab" VALUES(39670825,'ZnCl',-2237.4078387099,NULL);
INSERT INTO "e_tab" VALUES(39670825,'ZnH',-1778.37679603685,NULL);
INSERT INTO "e_tab" VALUES(39670825,'ZnO',-1852.59746864049,NULL);
INSERT INTO "e_tab" VALUES(39670825,'ZnS',-2175.35342993013,NULL);
INSERT INTO "e_tab" VALUES(9250849,'Cl',-459.683858088856,NULL);
INSERT INTO "e_tab" VALUES(9250849,'Co',-1382.07634723605,NULL);
INSERT INTO "e_tab" VALUES(9250849,'Cr',-1043.82730088252,NULL);
INSERT INTO "e_tab" VALUES(9250849,'Cu',-1639.82353610752,NULL);
INSERT INTO "e_tab" VALUES(9250849,'Fe',-1263.03967414619,NULL);
INSERT INTO "e_tab" VALUES(9250849,'H',-0.5,NULL);
INSERT INTO "e_tab" VALUES(9250849,'Mn',-1150.38419235227,NULL);
INSERT INTO "e_tab" VALUES(9250849,'Ni',-1507.60457997575,NULL);
INSERT INTO "e_tab" VALUES(9250849,'O',-74.9893055744116,NULL);
INSERT INTO "e_tab" VALUES(9250849,'S',-397.661967021273,NULL);
INSERT INTO "e_tab" VALUES(9250849,'Ti',-848.790660556004,NULL);
INSERT INTO "e_tab" VALUES(9250849,'V',-943.314337087747,NULL);
INSERT INTO "e_tab" VALUES(9250849,'Zn',-1778.71331133511,NULL);
INSERT INTO "e_tab" VALUES(9250849,'CoCl',-1841.81195512778,NULL);
INSERT INTO "e_tab" VALUES(9250849,'CoH',-1382.63659559701,NULL);
INSERT INTO "e_tab" VALUES(9250849,'CrCl',-1503.58672844033,NULL);
INSERT INTO "e_tab" VALUES(9250849,'CrO',-1118.91193152968,NULL);
INSERT INTO "e_tab" VALUES(9250849,'CuCl',-2099.5569567118,NULL);
INSERT INTO "e_tab" VALUES(9250849,'CuH',-1640.40186205445,NULL);
INSERT INTO "e_tab" VALUES(9250849,'FeCl',-1722.80155384772,NULL);
INSERT INTO "e_tab" VALUES(9250849,'FeH',-1263.58678984114,NULL);
INSERT INTO "e_tab" VALUES(9250849,'MnCl',-1610.14862560943,NULL);
INSERT INTO "e_tab" VALUES(9250849,'MnS',-1548.08123521327,NULL);
INSERT INTO "e_tab" VALUES(9250849,'NiCl',-1967.35261271709,NULL);
INSERT INTO "e_tab" VALUES(9250849,'TiCl',-1308.59156441123,NULL);
INSERT INTO "e_tab" VALUES(9250849,'VCl',-1403.11372877626,NULL);
INSERT INTO "e_tab" VALUES(9250849,'VO',-1018.47442767148,NULL);
INSERT INTO "e_tab" VALUES(9250849,'ZnCl',-2238.4226727872,NULL);
INSERT INTO "e_tab" VALUES(9250849,'ZnH',-1779.24764788468,NULL);
INSERT INTO "e_tab" VALUES(9250849,'ZnO',-1853.68966790352,NULL);
INSERT INTO "e_tab" VALUES(9250849,'ZnS',-2176.35990416738,NULL);
INSERT INTO "e_tab" VALUES(73543575,'Co',-1382.6047313001,0.00059456);
INSERT INTO "e_tab" VALUES(9250849,'CrH',-1044.39321720231,NULL);
INSERT INTO "e_tab" VALUES(32568470,'H',-0.499972819628243,NULL);
INSERT INTO "e_tab" VALUES(4074420,'H',-0.499972819628243,NULL);
INSERT INTO "e_tab" VALUES(32568470,'Cl',-459.683416098461,NULL);
INSERT INTO "e_tab" VALUES(4074420,'Cl',-459.684471222345,NULL);
INSERT INTO "e_tab" VALUES(32568470,'Co',-1382.04211169106,NULL);
INSERT INTO "e_tab" VALUES(4074420,'Co',-1382.09296867752,NULL);
INSERT INTO "e_tab" VALUES(32568470,'Cr',-1043.81853053686,NULL);
INSERT INTO "e_tab" VALUES(4074420,'Cr',-1043.84147587845,NULL);
INSERT INTO "e_tab" VALUES(32568470,'Cu',-1639.79836142574,NULL);
INSERT INTO "e_tab" VALUES(4074420,'Cu',-1639.85964457949,NULL);
INSERT INTO "e_tab" VALUES(32568470,'Fe',-1263.02180669138,NULL);
INSERT INTO "e_tab" VALUES(4074420,'Fe',-1263.05715064612,NULL);
INSERT INTO "e_tab" VALUES(32568470,'Mn',-1150.37033544781,NULL);
INSERT INTO "e_tab" VALUES(4074420,'Mn',-1150.39701674727,NULL);
INSERT INTO "e_tab" VALUES(32568470,'Ni',-1507.58131059192,NULL);
INSERT INTO "e_tab" VALUES(4074420,'Ni',-1507.63148961656,NULL);
INSERT INTO "e_tab" VALUES(32568470,'O',-74.9893055744111,NULL);
INSERT INTO "e_tab" VALUES(4074420,'O',-74.9896784932426,NULL);
INSERT INTO "e_tab" VALUES(32568470,'S',-397.661914184295,NULL);
INSERT INTO "e_tab" VALUES(4074420,'S',-397.662320623451,NULL);
INSERT INTO "e_tab" VALUES(32568470,'Ti',-848.77975745675,NULL);
INSERT INTO "e_tab" VALUES(4074420,'Ti',-848.798201353061,NULL);
INSERT INTO "e_tab" VALUES(32568470,'V',-943.299636419773,NULL);
INSERT INTO "e_tab" VALUES(4074420,'V',-943.32662619192,NULL);
INSERT INTO "e_tab" VALUES(32568470,'Zn',-1778.67208949275,NULL);
INSERT INTO "e_tab" VALUES(4074420,'Zn',-1778.76278046551,NULL);
INSERT INTO "e_tab" VALUES(32568470,'CoH',-1382.60297877785,NULL);
INSERT INTO "e_tab" VALUES(4074420,'CoH',-1382.68616974093,NULL);
INSERT INTO "e_tab" VALUES(32568470,'CuH',-1640.36216881983,NULL);
INSERT INTO "e_tab" VALUES(4074420,'CuH',-1640.45972993552,NULL);
INSERT INTO "e_tab" VALUES(32568470,'FeH',-1263.55730555497,NULL);
INSERT INTO "e_tab" VALUES(4074420,'FeH',-1263.62502889479,NULL);
INSERT INTO "e_tab" VALUES(32568470,'ZnH',-1779.21211273905,NULL);
INSERT INTO "e_tab" VALUES(4074420,'ZnH',-1779.29797357578,NULL);
INSERT INTO "e_tab" VALUES(32568470,'ZnS',-2176.28692863212,NULL);
INSERT INTO "e_tab" VALUES(4074420,'ZnS',-2176.4697154533,NULL);
INSERT INTO "e_tab" VALUES(32568470,'VH',-943.871655594674,NULL);
INSERT INTO "e_tab" VALUES(4074420,'VH',-943.904997393517,NULL);
INSERT INTO "e_tab" VALUES(32568470,'VCl',-1403.07778620891,NULL);
INSERT INTO "e_tab" VALUES(4074420,'VCl',-1403.15556821916,NULL);
INSERT INTO "e_tab" VALUES(32568470,'CrO',-1118.85635870515,NULL);
INSERT INTO "e_tab" VALUES(4074420,'CrO',-1118.98057740256,NULL);
INSERT INTO "e_tab" VALUES(32568470,'CrH',-1044.3712768566,NULL);
INSERT INTO "e_tab" VALUES(4074420,'CrH',-1044.41586084607,NULL);
INSERT INTO "e_tab" VALUES(32568470,'ZnO',-1853.60021900054,NULL);
INSERT INTO "e_tab" VALUES(4074420,'ZnO',-1853.80572824959,NULL);
INSERT INTO "e_tab" VALUES(32568470,'ZnCl',-2238.35618103913,NULL);
INSERT INTO "e_tab" VALUES(4074420,'ZnCl',-2238.52241301733,NULL);
INSERT INTO "e_tab" VALUES(32568470,'CuCl',-2099.48241854201,NULL);
INSERT INTO "e_tab" VALUES(4074420,'CuCl',-2099.67615325874,NULL);
INSERT INTO "e_tab" VALUES(32568470,'CrCl',-1503.54411815664,NULL);
INSERT INTO "e_tab" VALUES(4074420,'CrCl',-1503.64288817647,NULL);
INSERT INTO "e_tab" VALUES(32568470,'CoCl',-1841.75121324711,NULL);
INSERT INTO "e_tab" VALUES(4074420,'CoCl',-1841.90437469413,NULL);
INSERT INTO "e_tab" VALUES(32568470,'NiCl',-1967.28669168871,NULL);
INSERT INTO "e_tab" VALUES(4074420,'NiCl',-1967.45526621828,NULL);
INSERT INTO "e_tab" VALUES(32568470,'TiCl',-1308.55919391906,NULL);
INSERT INTO "e_tab" VALUES(4074420,'TiCl',-1308.6273196547,NULL);
INSERT INTO "e_tab" VALUES(32568470,'VO',-1018.41801233135,NULL);
INSERT INTO "e_tab" VALUES(4074420,'VO',-1018.54331185337,NULL);
INSERT INTO "e_tab" VALUES(32568470,'FeCl',-1722.75566021373,NULL);
INSERT INTO "e_tab" VALUES(4074420,'FeCl',-1722.86253392412,NULL);
INSERT INTO "e_tab" VALUES(32568470,'MnCl',-1610.10669454445,NULL);
INSERT INTO "e_tab" VALUES(4074420,'MnCl',-1610.20238635147,NULL);
INSERT INTO "e_tab" VALUES(32568470,'MnS',-1548.03234619192,NULL);
INSERT INTO "e_tab" VALUES(4074420,'MnS',-1548.14691580918,NULL);
INSERT INTO "e_tab" VALUES(30422066,'H',-0.499972819628243,NULL);
INSERT INTO "e_tab" VALUES(23625153,'H',-0.499972819628243,NULL);
INSERT INTO "e_tab" VALUES(30422066,'Cl',-459.674920402601,NULL);
INSERT INTO "e_tab" VALUES(23625153,'Cl',-459.675005552523,NULL);
INSERT INTO "e_tab" VALUES(30422066,'Co',-1382.04007539388,NULL);
INSERT INTO "e_tab" VALUES(23625153,'Co',-1382.04670016705,NULL);
INSERT INTO "e_tab" VALUES(30422066,'Cr',-1043.79988827332,NULL);
INSERT INTO "e_tab" VALUES(23625153,'Cr',-1043.79991920822,NULL);
INSERT INTO "e_tab" VALUES(30422066,'Cu',-1639.76361644165,NULL);
INSERT INTO "e_tab" VALUES(23625153,'Cu',-1639.76364257445,NULL);
INSERT INTO "e_tab" VALUES(30422066,'Fe',-1263.01148647452,NULL);
INSERT INTO "e_tab" VALUES(23625153,'Fe',-1263.01310414189,NULL);
INSERT INTO "e_tab" VALUES(30422066,'Mn',-1150.35940650212,NULL);
INSERT INTO "e_tab" VALUES(23625153,'Mn',-1150.36020432451,NULL);
INSERT INTO "e_tab" VALUES(30422066,'Ni',-1507.56961798226,NULL);
INSERT INTO "e_tab" VALUES(23625153,'Ni',-1507.57282671967,NULL);
INSERT INTO "e_tab" VALUES(30422066,'O',-74.9821917660949,NULL);
INSERT INTO "e_tab" VALUES(23625153,'O',-74.9822017923737,NULL);
INSERT INTO "e_tab" VALUES(30422066,'S',-397.659559463045,NULL);
INSERT INTO "e_tab" VALUES(23625153,'S',-397.659571355497,NULL);
INSERT INTO "e_tab" VALUES(30422066,'Ti',-848.772692792419,NULL);
INSERT INTO "e_tab" VALUES(23625153,'Ti',-848.774333000806,NULL);
INSERT INTO "e_tab" VALUES(30422066,'V',-943.297515290454,NULL);
INSERT INTO "e_tab" VALUES(23625153,'V',-943.301688039497,NULL);
INSERT INTO "e_tab" VALUES(30422066,'Zn',-1778.67208724902,NULL);
INSERT INTO "e_tab" VALUES(23625153,'Zn',-1778.67960089639,NULL);
INSERT INTO "e_tab" VALUES(30422066,'CoCl',-1841.75592959557,NULL);
INSERT INTO "e_tab" VALUES(23625153,'CoCl',-1841.76330690436,NULL);
INSERT INTO "e_tab" VALUES(30422066,'CoH',-1382.59951659577,NULL);
INSERT INTO "e_tab" VALUES(23625153,'CoH',-1382.60407763106,NULL);
INSERT INTO "e_tab" VALUES(30422066,'CrCl',-1503.54608260795,NULL);
INSERT INTO "e_tab" VALUES(23625153,'CrCl',-1503.55475101698,NULL);
INSERT INTO "e_tab" VALUES(30422066,'CrH',-1044.36555841377,NULL);
INSERT INTO "e_tab" VALUES(23625153,'CrH',-1044.36779207264,NULL);
INSERT INTO "e_tab" VALUES(30422066,'CuCl',-2099.49079869514,NULL);
INSERT INTO "e_tab" VALUES(23625153,'CuCl',-2099.50598662002,NULL);
INSERT INTO "e_tab" VALUES(30422066,'CuH',-1640.35098931571,NULL);
INSERT INTO "e_tab" VALUES(23625153,'CuH',-1640.35524030715,NULL);
INSERT INTO "e_tab" VALUES(30422066,'FeCl',-1722.75266424384,NULL);
INSERT INTO "e_tab" VALUES(23625153,'FeCl',-1722.75718039197,NULL);
INSERT INTO "e_tab" VALUES(30422066,'FeH',-1263.55197202928,NULL);
INSERT INTO "e_tab" VALUES(23625153,'FeH',-1263.55559110366,NULL);
INSERT INTO "e_tab" VALUES(30422066,'MnCl',-1610.10562100071,NULL);
INSERT INTO "e_tab" VALUES(23625153,'MnCl',-1610.11096013211,NULL);
INSERT INTO "e_tab" VALUES(30422066,'MnS',-1548.03621068221,NULL);
INSERT INTO "e_tab" VALUES(23625153,'MnS',-1548.04935496659,NULL);
INSERT INTO "e_tab" VALUES(30422066,'NiCl',-1967.28930465094,NULL);
INSERT INTO "e_tab" VALUES(23625153,'NiCl',-1967.29882830748,NULL);
INSERT INTO "e_tab" VALUES(30422066,'TiCl',-1308.54910064499,NULL);
INSERT INTO "e_tab" VALUES(23625153,'TiCl',-1308.5507542546,NULL);
INSERT INTO "e_tab" VALUES(30422066,'VCl',-1403.07395933089,NULL);
INSERT INTO "e_tab" VALUES(23625153,'VCl',-1403.08063226388,NULL);
INSERT INTO "e_tab" VALUES(30422066,'VH',-943.86832942822,NULL);
INSERT INTO "e_tab" VALUES(23625153,'VH',-943.871370290593,NULL);
INSERT INTO "e_tab" VALUES(30422066,'VO',-1018.43748464881,NULL);
INSERT INTO "e_tab" VALUES(23625153,'VO',-1018.48730160845,NULL);
INSERT INTO "e_tab" VALUES(30422066,'ZnCl',-2238.35894207516,NULL);
INSERT INTO "e_tab" VALUES(23625153,'ZnCl',-2238.36927557243,NULL);
INSERT INTO "e_tab" VALUES(30422066,'ZnH',-1779.20255594306,NULL);
INSERT INTO "e_tab" VALUES(23625153,'ZnH',-1779.20383387462,NULL);
INSERT INTO "e_tab" VALUES(30422066,'ZnS',-2176.29543204101,NULL);
INSERT INTO "e_tab" VALUES(23625153,'ZnS',-2176.31208669948,NULL);
INSERT INTO "e_tab" VALUES(30422066,'CrO',-1118.87078470648,NULL);
INSERT INTO "e_tab" VALUES(23625153,'CrO',-1118.90030184203,NULL);
INSERT INTO "e_tab" VALUES(30422066,'ZnO',-1853.61764333827,NULL);
INSERT INTO "e_tab" VALUES(23625153,'ZnO',-1853.6519349825,NULL);
INSERT INTO "e_tab" VALUES(27936280,'Cl',-459.687761407715,NULL);
INSERT INTO "e_tab" VALUES(27936280,'Cr',-1043.84114364915,NULL);
INSERT INTO "e_tab" VALUES(27936280,'Cu',-1639.89745803145,NULL);
INSERT INTO "e_tab" VALUES(27936280,'O',-74.9862984717484,NULL);
INSERT INTO "e_tab" VALUES(27936280,'S',-397.662938937643,NULL);
INSERT INTO "e_tab" VALUES(27936280,'Mn',-1150.40529352547,NULL);
INSERT INTO "e_tab" VALUES(27936280,'Fe',-1263.0706992767,NULL);
INSERT INTO "e_tab" VALUES(27936280,'Ni',-1507.65369795463,NULL);
INSERT INTO "e_tab" VALUES(27936280,'Zn',-1778.77053066876,NULL);
INSERT INTO "e_tab" VALUES(27936280,'Co',-1382.10668939817,NULL);
INSERT INTO "e_tab" VALUES(27936280,'Ti',-848.807240742191,NULL);
INSERT INTO "e_tab" VALUES(27936280,'FeH',-1263.6474586659,NULL);
INSERT INTO "e_tab" VALUES(27936280,'CrH',-1044.42433552784,NULL);
INSERT INTO "e_tab" VALUES(27936280,'CuCl',-2099.67787739759,NULL);
INSERT INTO "e_tab" VALUES(27936280,'NiCl',-1967.46307884666,NULL);
INSERT INTO "e_tab" VALUES(27936280,'VH',-943.918301185376,NULL);
INSERT INTO "e_tab" VALUES(27936280,'ZnH',-1779.31515991935,NULL);
INSERT INTO "e_tab" VALUES(45761390,'H',-0.499972819628243,NULL);
INSERT INTO "e_tab" VALUES(45761390,'Cl',-459.680175935854,NULL);
INSERT INTO "e_tab" VALUES(45761390,'Co',-1382.0666201996,NULL);
INSERT INTO "e_tab" VALUES(45761390,'Cr',-1043.82416578551,NULL);
INSERT INTO "e_tab" VALUES(45761390,'Cu',-1639.82389314329,NULL);
INSERT INTO "e_tab" VALUES(45761390,'Fe',-1263.03625622249,NULL);
INSERT INTO "e_tab" VALUES(45761390,'Mn',-1150.38061665198,NULL);
INSERT INTO "e_tab" VALUES(45761390,'Ni',-1507.60567919011,NULL);
INSERT INTO "e_tab" VALUES(45761390,'O',-74.9851246285866,NULL);
INSERT INTO "e_tab" VALUES(45761390,'S',-397.66108071892,NULL);
INSERT INTO "e_tab" VALUES(45761390,'Ti',-848.78673576877,NULL);
INSERT INTO "e_tab" VALUES(45761390,'V',-943.313555830125,NULL);
INSERT INTO "e_tab" VALUES(45761390,'Zn',-1778.71805050645,NULL);
INSERT INTO "e_tab" VALUES(45761390,'CoCl',-1841.85183783941,NULL);
INSERT INTO "e_tab" VALUES(45761390,'CoH',-1382.64850760512,NULL);
INSERT INTO "e_tab" VALUES(45761390,'CrCl',-1503.60924230793,NULL);
INSERT INTO "e_tab" VALUES(45761390,'CrH',-1044.39083531509,NULL);
INSERT INTO "e_tab" VALUES(45761390,'CrO',-1118.87673364592,NULL);
INSERT INTO "e_tab" VALUES(45761390,'CuCl',-2099.60078759307,NULL);
INSERT INTO "e_tab" VALUES(45761390,'CuH',-1640.40774393952,NULL);
INSERT INTO "e_tab" VALUES(45761390,'FeCl',-1722.8248202859,NULL);
INSERT INTO "e_tab" VALUES(45761390,'FeH',-1263.59079688178,NULL);
INSERT INTO "e_tab" VALUES(45761390,'MnCl',-1610.16940494756,NULL);
INSERT INTO "e_tab" VALUES(45761390,'MnS',-1548.10958981511,NULL);
INSERT INTO "e_tab" VALUES(45761390,'NiCl',-1967.39201177057,NULL);
INSERT INTO "e_tab" VALUES(45761390,'TiCl',-1308.60375291984,NULL);
INSERT INTO "e_tab" VALUES(45761390,'VCl',-1403.12825652263,NULL);
INSERT INTO "e_tab" VALUES(45761390,'VH',-943.887203487895,NULL);
INSERT INTO "e_tab" VALUES(45761390,'VO',-1019.33286581476,NULL);
INSERT INTO "e_tab" VALUES(45761390,'ZnCl',-2238.46500243029,NULL);
INSERT INTO "e_tab" VALUES(45761390,'ZnH',-1779.25575924924,NULL);
INSERT INTO "e_tab" VALUES(45761390,'ZnO',-1853.61776976434,NULL);
INSERT INTO "e_tab" VALUES(45761390,'ZnS',-2176.41333566792,NULL);
INSERT INTO "e_tab" VALUES(24191951,'oNiCl',-1968.4242227835,0.0014396958);
INSERT INTO "e_tab" VALUES(24191951,'H',-0.5,0.0);
INSERT INTO "e_tab" VALUES(24191951,'O',-75.0503855354,0.0002936427);
INSERT INTO "e_tab" VALUES(24191951,'S',-398.0671237852,0.0004383322);
INSERT INTO "e_tab" VALUES(24191951,'Cl',-460.0976341145,0.0004902417);
INSERT INTO "e_tab" VALUES(24191951,'Co',-1382.6081121575,0.0006693565);
INSERT INTO "e_tab" VALUES(24191951,'Cr',-1044.3326541374,0.0009979854);
INSERT INTO "e_tab" VALUES(24191951,'Cu',-1640.4246022194,0.0008072814);
INSERT INTO "e_tab" VALUES(24191951,'Fe',-1263.5597123109,0.0011449069);
INSERT INTO "e_tab" VALUES(24191951,'Mn',-1150.8869753151,0.0010988369);
INSERT INTO "e_tab" VALUES(24191951,'Ni',-1508.1705470121,0.0008310233);
INSERT INTO "e_tab" VALUES(24191951,'Ti',-849.2483654108,0.0008182505);
INSERT INTO "e_tab" VALUES(24191951,'V',-943.7835687988,0.0009354151);
INSERT INTO "e_tab" VALUES(24191951,'Zn',-1779.3404455025,0.0011081198);
INSERT INTO "e_tab" VALUES(24191951,'CoCl',-1842.8583321527,0.0013716525);
INSERT INTO "e_tab" VALUES(24191951,'CoH',-1383.208398243,0.000980846);
INSERT INTO "e_tab" VALUES(24191951,'CrCl',-1504.5481106232,0.0011524339);
INSERT INTO "e_tab" VALUES(24191951,'CrH',-1044.8874196439,0.0005305207);
INSERT INTO "e_tab" VALUES(24191951,'CrO',-1119.5007912738,0.0008018217);
INSERT INTO "e_tab" VALUES(24191951,'CuCl',-2100.6622287626,0.001549392);
INSERT INTO "e_tab" VALUES(24191951,'CuH',-1641.018977076,0.0008565767);
INSERT INTO "e_tab" VALUES(24191951,'FeCl',-1723.799582329,0.0012832599);
INSERT INTO "e_tab" VALUES(24191951,'FeH',-1264.1311780706,0.0006945127);
INSERT INTO "e_tab" VALUES(24191951,'MnCl',-1611.1268825115,0.0011863129);
INSERT INTO "e_tab" VALUES(24191951,'MnS',-1549.0485828324,0.0012041436);
INSERT INTO "e_tab" VALUES(24191951,'NiCl',-1968.4242227835,0.0014396958);
INSERT INTO "e_tab" VALUES(24191951,'TiCl',-1309.5084820461,0.0011255648);
INSERT INTO "e_tab" VALUES(24191951,'VCl',-1404.0429740403,0.0011888241);
INSERT INTO "e_tab" VALUES(24191951,'VH',-944.3652538807,0.0005507564);
INSERT INTO "e_tab" VALUES(24191951,'VO',-1019.0523996118,0.0008602287);
INSERT INTO "e_tab" VALUES(24191951,'ZnCl',-2239.5254766616,0.0016151974);
INSERT INTO "e_tab" VALUES(24191951,'ZnH',-1779.8774578673,0.0009712863);
INSERT INTO "e_tab" VALUES(24191951,'ZnO',-1854.4327156472,0.0013886175);
INSERT INTO "e_tab" VALUES(24191951,'ZnS',-2177.4604282363,0.0015582659);
INSERT INTO "e_tab" VALUES(21618745,'NiCl',-1968.4242227835,0.0014396958);
INSERT INTO "e_tab" VALUES(21618745,'CuCl',-2100.6622287626,0.001549392);
INSERT INTO "e_tab" VALUES(21618745,'H',-0.5,0.0);
INSERT INTO "e_tab" VALUES(21618745,'Cl',-460.101870546,0.0001724148);
INSERT INTO "e_tab" VALUES(21618745,'Co',-1382.6275490031,0.0007824516);
INSERT INTO "e_tab" VALUES(21618745,'Cr',-1044.3326541374,0.0009979854);
INSERT INTO "e_tab" VALUES(21618745,'Cu',-1640.4249451876,0.0008228177);
INSERT INTO "e_tab" VALUES(21618745,'Fe',-1263.5698722827,0.0007043183);
INSERT INTO "e_tab" VALUES(21618745,'Mn',-1150.894696799,0.0006194342);
INSERT INTO "e_tab" VALUES(21618745,'Ni',-1508.1820368159,0.0008197856);
INSERT INTO "e_tab" VALUES(21618745,'O',-75.0503855354,0.0002936427);
INSERT INTO "e_tab" VALUES(21618745,'S',-398.0721509704,0.0001592102);
INSERT INTO "e_tab" VALUES(21618745,'Ti',-849.2559247638,0.0004439535);
INSERT INTO "e_tab" VALUES(21618745,'V',-943.7938891088,0.000508641);
INSERT INTO "e_tab" VALUES(21618745,'Zn',-1779.3478799677,0.0009321969);
INSERT INTO "e_tab" VALUES(21618745,'CoCl',-1842.8568117945,0.0014143566);
INSERT INTO "e_tab" VALUES(21618745,'CoH',-1383.208139283,0.000779322);
INSERT INTO "e_tab" VALUES(21618745,'CrCl',-1504.5474101422,0.0011747451);
INSERT INTO "e_tab" VALUES(21618745,'CrH',-1044.892933615,0.0008030418);
INSERT INTO "e_tab" VALUES(21618745,'CrO',-1119.5169367653,0.001205004);
INSERT INTO "e_tab" VALUES(21618745,'CuH',-1641.0180727961,0.0013482614);
INSERT INTO "e_tab" VALUES(21618745,'FeCl',-1723.7983640281,0.0013189333);
INSERT INTO "e_tab" VALUES(21618745,'FeH',-1264.1329056469,0.0010301476);
INSERT INTO "e_tab" VALUES(21618745,'MnCl',-1611.1260375452,0.0012180126);
INSERT INTO "e_tab" VALUES(21618745,'MnS',-1549.0557488552,0.0012157631);
INSERT INTO "e_tab" VALUES(21618745,'TiCl',-1309.5079682687,0.0010098315);
INSERT INTO "e_tab" VALUES(21618745,'VCl',-1404.047145555,0.0011338592);
INSERT INTO "e_tab" VALUES(21618745,'VH',-944.3729164062,0.0007758027);
INSERT INTO "e_tab" VALUES(21618745,'VO',-1019.0723713029,0.0008042078);
INSERT INTO "e_tab" VALUES(21618745,'ZnCl',-2239.5300671006,0.0016768594);
INSERT INTO "e_tab" VALUES(21618745,'ZnH',-1779.8819933531,0.0009670574);
INSERT INTO "e_tab" VALUES(21618745,'ZnO',-1854.4436607489,0.0012495536);
INSERT INTO "e_tab" VALUES(21618745,'ZnS',-2177.4613043974,0.0016341017);
DELETE FROM sqlite_sequence;
INSERT INTO "sqlite_sequence" VALUES('basis_tab',1);
INSERT INTO "sqlite_sequence" VALUES('method_tab',7);
INSERT INTO "sqlite_sequence" VALUES('geo_tab',1);
INSERT INTO "sqlite_sequence" VALUES('run_tab',36);
INSERT INTO "sqlite_sequence" VALUES('coord_tab',53);
CREATE VIEW run_tab_expended as
            SELECT  run_tab.run_id run_id,
                   method_tab.name method,
                    basis_tab.name basis,
                      geo_tab.name geo,
                  run_tab.comments comments
            FROM run_tab
            LEFT JOIN method_tab
                 ON run_tab.method_id = method_tab.method_id
            LEFT JOIN basis_tab
                 ON run_tab.basis_id = basis_tab.basis_id
            LEFT JOIN geo_tab
                 ON run_tab.geo_id = geo_tab.geo_id;
CREATE VIEW run_tab_ele AS 
    SELECT run_id, ele_name 
    FROM e_tab 
  UNION 
    SELECT run_id, ele_name 
    FROM ae_tab;
COMMIT;
