PRAGMA foreign_keys=OFF;
BEGIN TRANSACTION;
CREATE TABLE units_tab(
    property  CHARACTER(32),
       units  CHARACTER(32),
  to_hartree  DOUBLE PRECISION
);
INSERT INTO "units_tab" VALUES('energy','Hartree',1.0);
INSERT INTO "units_tab" VALUES('so','kcal/mol',0.00159362);
INSERT INTO "units_tab" VALUES('atomization','kcal/mol',0.00159362);
CREATE TABLE ele_tab(
             id INTEGER UNIQUE,
           name CHARACTER(32) PRIMARY KEY,
        formula CHARACTER(32),
         charge INTEGER,
   multiplicity INTEGER,
      num_atoms INTEGER,
       num_elec INTEGER,
       symmetry CHARACTER(16)
);
INSERT INTO "ele_tab" VALUES(1,'TiCl','[(''Ti'', 1),(''Cl'', 1)]',0,4,2,39,'psi');
INSERT INTO "ele_tab" VALUES(2,'VH','[(''V'', 1),(''H'', 1)]',0,5,2,24,'delta');
INSERT INTO "ele_tab" VALUES(3,'VO','[(''O'', 1),(''V'', 1)]',0,4,2,31,'A2');
INSERT INTO "ele_tab" VALUES(4,'VCl','[(''V'', 1),(''Cl'', 1)]',0,5,2,40,'delta');
INSERT INTO "ele_tab" VALUES(5,'CrH','[(''Cr'', 1),(''H'', 1)]',0,6,2,25,'A1');
INSERT INTO "ele_tab" VALUES(6,'CrO','[(''O'', 1),(''Cr'', 1)]',0,5,2,32,'pi');
INSERT INTO "ele_tab" VALUES(7,'CrCl','[(''Cr'', 1),(''Cl'', 1)]',0,6,2,41,'A1');
INSERT INTO "ele_tab" VALUES(8,'MnS','[(''Mn'', 1),(''S'', 1)]',0,6,2,41,'A1');
INSERT INTO "ele_tab" VALUES(9,'MnCl','[(''Mn'', 1),(''Cl'', 1)]',0,7,2,42,'A1');
INSERT INTO "ele_tab" VALUES(10,'FeH','[(''Fe'', 1),(''H'', 1)]',0,4,2,27,'delta');
INSERT INTO "ele_tab" VALUES(11,'FeCl','[(''Fe'', 1),(''Cl'', 1)]',0,6,2,43,'delta');
INSERT INTO "ele_tab" VALUES(12,'CoH','[(''Co'', 1),(''H'', 1)]',0,3,2,28,'psi');
INSERT INTO "ele_tab" VALUES(13,'CoCl','[(''Co'', 1),(''Cl'', 1)]',0,3,2,44,'psi');
INSERT INTO "ele_tab" VALUES(14,'NiCl','[(''Ni'', 1),(''Cl'', 1)]',0,2,2,45,'pi');
INSERT INTO "ele_tab" VALUES(15,'CuH','[(''Cu'', 1),(''H'', 1)]',0,1,2,30,'A1');
INSERT INTO "ele_tab" VALUES(16,'CuCl','[(''Cu'', 1),(''Cl'', 1)]',0,1,2,46,'sigma');
INSERT INTO "ele_tab" VALUES(17,'ZnH','[(''Zn'', 1),(''H'', 1)]',0,2,2,31,'A1');
INSERT INTO "ele_tab" VALUES(18,'ZnO','[(''O'', 1),(''Zn'', 1)]',0,1,2,38,'sigma');
INSERT INTO "ele_tab" VALUES(19,'ZnS','[(''Zn'', 1),(''S'', 1)]',0,1,2,46,'sigma');
INSERT INTO "ele_tab" VALUES(20,'ZnCl','[(''Zn'', 1),(''Cl'', 1)]',0,2,2,47,'sigma');
INSERT INTO "ele_tab" VALUES(21,'Ti','[(''Ti'', 1)]',0,3,1,22,'F');
INSERT INTO "ele_tab" VALUES(22,'V','[(''V'', 1)]',0,4,1,23,'F');
INSERT INTO "ele_tab" VALUES(23,'Cr','[(''Cr'', 1)]',0,7,1,24,'S');
INSERT INTO "ele_tab" VALUES(24,'Mn','[(''Mn'', 1)]',0,6,1,25,'S');
INSERT INTO "ele_tab" VALUES(25,'Fe','[(''Fe'', 1)]',0,5,1,26,'D');
INSERT INTO "ele_tab" VALUES(26,'Co','[(''Co'', 1)]',0,4,1,27,'F');
INSERT INTO "ele_tab" VALUES(27,'Ni','[(''Ni'', 1)]',0,3,1,28,'F');
INSERT INTO "ele_tab" VALUES(28,'Cu','[(''Cu'', 1)]',0,2,1,29,'S');
INSERT INTO "ele_tab" VALUES(29,'Zn','[(''Zn'', 1)]',0,1,1,30,'S');
INSERT INTO "ele_tab" VALUES(30,'H','[(''H'', 1)]',0,2,1,1,'S');
INSERT INTO "ele_tab" VALUES(31,'O','[(''O'', 1)]',0,3,1,8,'P');
INSERT INTO "ele_tab" VALUES(32,'S','[(''S'', 1)]',0,3,1,16,'P');
INSERT INTO "ele_tab" VALUES(33,'Cl','[(''Cl'', 1)]',0,2,1,17,'P');
CREATE TABLE basis_tab(
    basis_id INTEGER PRIMARY KEY AUTOINCREMENT,
        name CHARACTER(32),
    comments STRING
);
INSERT INTO "basis_tab" VALUES(1,'ma(L)-TZVP',NULL);
INSERT INTO "basis_tab" VALUES(2,'cc-pVDZ',NULL);
INSERT INTO "basis_tab" VALUES(3,'ANO_DZ',NULL);
INSERT INTO "basis_tab" VALUES(4,'ANO_TZ',NULL);
CREATE TABLE method_tab(
                     method_id INTEGER PRIMARY KEY AUTOINCREMENT,
                          name CHARACTER(32),
                      comments STRING);
INSERT INTO "method_tab" VALUES(1,'ROHF',NULL);
INSERT INTO "method_tab" VALUES(2,'MP2',NULL);
INSERT INTO "method_tab" VALUES(3,'CCSD',NULL);
INSERT INTO "method_tab" VALUES(4,'CCSD(T)',NULL);
INSERT INTO "method_tab" VALUES(5,'CCSDT',NULL);
INSERT INTO "method_tab" VALUES(6,'CCSDT(2)Q',NULL);
INSERT INTO "method_tab" VALUES(7,'B97-1',NULL);
INSERT INTO "method_tab" VALUES(8,'CIPSI',NULL);
INSERT INTO "method_tab" VALUES(9,'DMC',NULL);
CREATE TABLE geo_tab(
            geo_id INTEGER PRIMARY KEY AUTOINCREMENT,
         method_id INTEGER,
          basis_id INTEGER,
            name CHARACTER(32),
            comments STRING,
          FOREIGN KEY(method_id) REFERENCES method_tab(method_id),
          FOREIGN KEY(basis_id) REFERENCES basis_tab(basis_id)
            );
INSERT INTO "geo_tab" VALUES(1,NULL,NULL,'Experiment',NULL);
CREATE TABLE run_tab(
         run_id INTEGER PRIMARY KEY AUTOINCREMENT,
         geo_id INTEGER,
      method_id INTEGER,
       basis_id INTEGER,
       comments STRING,
          FOREIGN KEY(geo_id) REFERENCES geo_tab(geo_id),
          FOREIGN KEY(method_id) REFERENCES method_tab(method_id),
          FOREIGN KEY(basis_id) REFERENCES basis_tab(basis_id),
         UNIQUE(geo_id,method_id,basis_id,comments));
INSERT INTO "run_tab" VALUES(1,1,NULL,NULL,'Experiment');
INSERT INTO "run_tab" VALUES(2,1,1,1,'Truhlar');
INSERT INTO "run_tab" VALUES(3,1,2,1,'Truhlar');
INSERT INTO "run_tab" VALUES(4,1,3,1,'Truhlar');
INSERT INTO "run_tab" VALUES(5,1,4,1,'Truhlar');
INSERT INTO "run_tab" VALUES(6,1,5,1,'Truhlar');
INSERT INTO "run_tab" VALUES(7,1,6,1,'Truhlar');
INSERT INTO "run_tab" VALUES(8,1,7,1,'Truhlar');
INSERT INTO "run_tab" VALUES(14,1,1,3,'');
INSERT INTO "run_tab" VALUES(15,1,8,3,'1M dets');
CREATE TABLE coord_tab(
                    coord_id INTEGER PRIMARY KEY AUTOINCREMENT,
                     geo_id INTEGER,
                      mol_id INTEGER,
                        atom CHARACTER(2),
                           x DOUBLE PRECISION,
                           y DOUBLE PRECISION,
                           z DOUBLE PRECISION,
                    FOREIGN KEY(geo_id) REFERENCES geo_tab(geo_id),
                    FOREIGN KEY(atom) REFERENCES ele_tab(name),
                    UNIQUE(x,y,z,mol_id,geo_id)
                );
INSERT INTO "coord_tab" VALUES(1,1,1,'Ti',0.0,0.0,0.0);
INSERT INTO "coord_tab" VALUES(2,1,1,'Cl',0.0,0.0,2.265);
INSERT INTO "coord_tab" VALUES(3,1,2,'V',0.0,0.0,0.0);
INSERT INTO "coord_tab" VALUES(4,1,2,'H',0.0,0.0,1.73);
INSERT INTO "coord_tab" VALUES(5,1,3,'V',0.0,0.0,0.0);
INSERT INTO "coord_tab" VALUES(6,1,3,'O',0.0,0.0,1.589);
INSERT INTO "coord_tab" VALUES(7,1,4,'V',0.0,0.0,0.0);
INSERT INTO "coord_tab" VALUES(8,1,4,'Cl',0.0,0.0,2.215);
INSERT INTO "coord_tab" VALUES(9,1,5,'Cr',0.0,0.0,0.0);
INSERT INTO "coord_tab" VALUES(10,1,5,'H',0.0,0.0,1.656);
INSERT INTO "coord_tab" VALUES(11,1,6,'Cr',0.0,0.0,0.0);
INSERT INTO "coord_tab" VALUES(12,1,6,'O',0.0,0.0,1.621);
INSERT INTO "coord_tab" VALUES(13,1,7,'Cr',0.0,0.0,0.0);
INSERT INTO "coord_tab" VALUES(14,1,7,'Cl',0.0,0.0,2.194);
INSERT INTO "coord_tab" VALUES(15,1,8,'Mn',0.0,0.0,0.0);
INSERT INTO "coord_tab" VALUES(16,1,8,'S',0.0,0.0,2.07);
INSERT INTO "coord_tab" VALUES(17,1,9,'Mn',0.0,0.0,0.0);
INSERT INTO "coord_tab" VALUES(18,1,9,'Cl',0.0,0.0,2.243);
INSERT INTO "coord_tab" VALUES(19,1,10,'Fe',0.0,0.0,0.0);
INSERT INTO "coord_tab" VALUES(20,1,10,'H',0.0,0.0,1.63);
INSERT INTO "coord_tab" VALUES(21,1,11,'Fe',0.0,0.0,0.0);
INSERT INTO "coord_tab" VALUES(22,1,11,'Cl',0.0,0.0,2.179);
INSERT INTO "coord_tab" VALUES(23,1,12,'Co',0.0,0.0,0.0);
INSERT INTO "coord_tab" VALUES(24,1,12,'H',0.0,0.0,1.53);
INSERT INTO "coord_tab" VALUES(25,1,13,'Co',0.0,0.0,0.0);
INSERT INTO "coord_tab" VALUES(26,1,13,'Cl',0.0,0.0,2.087);
INSERT INTO "coord_tab" VALUES(27,1,14,'Ni',0.0,0.0,0.0);
INSERT INTO "coord_tab" VALUES(28,1,14,'Cl',0.0,0.0,2.073);
INSERT INTO "coord_tab" VALUES(29,1,15,'Cu',0.0,0.0,0.0);
INSERT INTO "coord_tab" VALUES(30,1,15,'H',0.0,0.0,1.463);
INSERT INTO "coord_tab" VALUES(31,1,16,'Cu',0.0,0.0,0.0);
INSERT INTO "coord_tab" VALUES(32,1,16,'Cl',0.0,0.0,2.05);
INSERT INTO "coord_tab" VALUES(33,1,17,'Zn',0.0,0.0,0.0);
INSERT INTO "coord_tab" VALUES(34,1,17,'H',0.0,0.0,1.59);
INSERT INTO "coord_tab" VALUES(35,1,18,'Zn',0.0,0.0,0.0);
INSERT INTO "coord_tab" VALUES(36,1,18,'O',0.0,0.0,1.8);
INSERT INTO "coord_tab" VALUES(37,1,19,'Zn',0.0,0.0,0.0);
INSERT INTO "coord_tab" VALUES(38,1,19,'S',0.0,0.0,2.1);
INSERT INTO "coord_tab" VALUES(39,1,20,'Zn',0.0,0.0,0.0);
INSERT INTO "coord_tab" VALUES(40,1,20,'Cl',0.0,0.0,2.1);
INSERT INTO "coord_tab" VALUES(41,1,21,'Ti',0.0,0.0,0.0);
INSERT INTO "coord_tab" VALUES(42,1,22,'V',0.0,0.0,0.0);
INSERT INTO "coord_tab" VALUES(43,1,23,'Cr',0.0,0.0,0.0);
INSERT INTO "coord_tab" VALUES(44,1,24,'Mn',0.0,0.0,0.0);
INSERT INTO "coord_tab" VALUES(45,1,25,'Fe',0.0,0.0,0.0);
INSERT INTO "coord_tab" VALUES(46,1,26,'Co',0.0,0.0,0.0);
INSERT INTO "coord_tab" VALUES(47,1,27,'Ni',0.0,0.0,0.0);
INSERT INTO "coord_tab" VALUES(48,1,28,'Cu',0.0,0.0,0.0);
INSERT INTO "coord_tab" VALUES(49,1,29,'Zn',0.0,0.0,0.0);
INSERT INTO "coord_tab" VALUES(50,1,30,'H',0.0,0.0,0.0);
INSERT INTO "coord_tab" VALUES(51,1,31,'O',0.0,0.0,0.0);
INSERT INTO "coord_tab" VALUES(52,1,32,'S',0.0,0.0,0.0);
INSERT INTO "coord_tab" VALUES(53,1,33,'Cl',0.0,0.0,0.0);
CREATE TABLE so_tab(
                run_id INTEGER,
                mol_name INTEGER,
               energy DOUBLE PRECISION,
                  err DOUBLE PRECISION,
               FOREIGN KEY(mol_name) REFERENCES ele_tab(name),
               FOREIGN KEY(run_id) REFERENCES run_tab(run_id),
               PRIMARY KEY(run_id,mol_name)
);
INSERT INTO "so_tab" VALUES(1,'TiCl',-0.5,NULL);
INSERT INTO "so_tab" VALUES(1,'VH',-0.5,NULL);
INSERT INTO "so_tab" VALUES(1,'VO',0.0,NULL);
INSERT INTO "so_tab" VALUES(1,'VCl',-0.4,NULL);
INSERT INTO "so_tab" VALUES(1,'CrH',0.0,NULL);
INSERT INTO "so_tab" VALUES(1,'CrO',-0.4,NULL);
INSERT INTO "so_tab" VALUES(1,'CrCl',0.0,NULL);
INSERT INTO "so_tab" VALUES(1,'MnS',0.0,NULL);
INSERT INTO "so_tab" VALUES(1,'MnCl',0.0,NULL);
INSERT INTO "so_tab" VALUES(1,'FeH',-1.1,NULL);
INSERT INTO "so_tab" VALUES(1,'FeCl',-1.1,NULL);
INSERT INTO "so_tab" VALUES(1,'CoH',-2.1,NULL);
INSERT INTO "so_tab" VALUES(1,'CoCl',-2.1,NULL);
INSERT INTO "so_tab" VALUES(1,'NiCl',-1.5,NULL);
INSERT INTO "so_tab" VALUES(1,'CuH',0.0,NULL);
INSERT INTO "so_tab" VALUES(1,'CuCl',0.0,NULL);
INSERT INTO "so_tab" VALUES(1,'ZnH',0.0,NULL);
INSERT INTO "so_tab" VALUES(1,'ZnO',0.0,NULL);
INSERT INTO "so_tab" VALUES(1,'ZnS',0.0,NULL);
INSERT INTO "so_tab" VALUES(1,'ZnCl',0.0,NULL);
INSERT INTO "so_tab" VALUES(1,'Ti',-0.6,NULL);
INSERT INTO "so_tab" VALUES(1,'V',-0.9,NULL);
INSERT INTO "so_tab" VALUES(1,'Cr',0.0,NULL);
INSERT INTO "so_tab" VALUES(1,'Mn',0.0,NULL);
INSERT INTO "so_tab" VALUES(1,'Fe',-1.2,NULL);
INSERT INTO "so_tab" VALUES(1,'Co',-2.3,NULL);
INSERT INTO "so_tab" VALUES(1,'Ni',-2.8,NULL);
INSERT INTO "so_tab" VALUES(1,'Cu',0.0,NULL);
INSERT INTO "so_tab" VALUES(1,'Zn',0.0,NULL);
INSERT INTO "so_tab" VALUES(1,'H',0.0,NULL);
INSERT INTO "so_tab" VALUES(1,'O',-0.2,NULL);
INSERT INTO "so_tab" VALUES(1,'S',-0.6,NULL);
INSERT INTO "so_tab" VALUES(1,'Cl',-0.8,NULL);
CREATE TABLE ae_tab(
                run_id INTEGER,
                ele_name INTEGER,
               energy DOUBLE PRECISION,
                  err DOUBLE PRECISION,
               FOREIGN KEY(ele_name) REFERENCES ele_tab(name),
               FOREIGN KEY(run_id) REFERENCES run_tab(run_id),
               PRIMARY KEY(run_id,ele_name)
);
INSERT INTO "ae_tab" VALUES(1,'TiCl',101.7,2.0);
INSERT INTO "ae_tab" VALUES(1,'VH',51.8,1.6);
INSERT INTO "ae_tab" VALUES(1,'VO',152.1,2.0);
INSERT INTO "ae_tab" VALUES(1,'VCl',103.2,2.0);
INSERT INTO "ae_tab" VALUES(1,'CrH',46.8,1.6);
INSERT INTO "ae_tab" VALUES(1,'CrO',104.5,1.2);
INSERT INTO "ae_tab" VALUES(1,'CrCl',90.9,1.6);
INSERT INTO "ae_tab" VALUES(1,'MnS',71.1,2.0);
INSERT INTO "ae_tab" VALUES(1,'MnCl',81.5,1.6);
INSERT INTO "ae_tab" VALUES(1,'FeH',37.0,0.8);
INSERT INTO "ae_tab" VALUES(1,'FeCl',79.4,1.6);
INSERT INTO "ae_tab" VALUES(1,'CoH',45.7,1.2);
INSERT INTO "ae_tab" VALUES(1,'CoCl',81.5,1.6);
INSERT INTO "ae_tab" VALUES(1,'NiCl',90.1,1.0);
INSERT INTO "ae_tab" VALUES(1,'CuH',62.6,1.4);
INSERT INTO "ae_tab" VALUES(1,'CuCl',88.5,0.4);
INSERT INTO "ae_tab" VALUES(1,'ZnH',21.6,0.5);
INSERT INTO "ae_tab" VALUES(1,'ZnO',38.1,0.9);
INSERT INTO "ae_tab" VALUES(1,'ZnS',34.9,1.0);
INSERT INTO "ae_tab" VALUES(1,'ZnCl',54.3,1.0);
INSERT INTO "ae_tab" VALUES(2,'MnCl',76.0,NULL);
INSERT INTO "ae_tab" VALUES(2,'ZnCl',47.5,NULL);
INSERT INTO "ae_tab" VALUES(2,'FeCl',74.6,NULL);
INSERT INTO "ae_tab" VALUES(2,'CrCl',57.8,NULL);
INSERT INTO "ae_tab" VALUES(2,'ZnS',-1.4,NULL);
INSERT INTO "ae_tab" VALUES(2,'ZnH',17.8,NULL);
INSERT INTO "ae_tab" VALUES(2,'CuCl',61.5,NULL);
INSERT INTO "ae_tab" VALUES(2,'ZnO',-41.2,NULL);
INSERT INTO "ae_tab" VALUES(2,'NiCl',32.0,NULL);
INSERT INTO "ae_tab" VALUES(2,'TiCl',85.7,NULL);
INSERT INTO "ae_tab" VALUES(2,'CuH',30.2,NULL);
INSERT INTO "ae_tab" VALUES(2,'VO',34.2,NULL);
INSERT INTO "ae_tab" VALUES(2,'VCl',83.5,NULL);
INSERT INTO "ae_tab" VALUES(2,'MnS',10.3,NULL);
INSERT INTO "ae_tab" VALUES(2,'CrO',-22.6,NULL);
INSERT INTO "ae_tab" VALUES(2,'CoH',-9.3,NULL);
INSERT INTO "ae_tab" VALUES(2,'CoCl',24.3,NULL);
INSERT INTO "ae_tab" VALUES(2,'VH',40.6,NULL);
INSERT INTO "ae_tab" VALUES(2,'FeH',-15.4,NULL);
INSERT INTO "ae_tab" VALUES(2,'CrH',18.9,NULL);
INSERT INTO "ae_tab" VALUES(3,'MnCl',87.3,NULL);
INSERT INTO "ae_tab" VALUES(3,'ZnCl',56.6,NULL);
INSERT INTO "ae_tab" VALUES(3,'FeCl',86.5,NULL);
INSERT INTO "ae_tab" VALUES(3,'CrCl',85.9,NULL);
INSERT INTO "ae_tab" VALUES(3,'ZnS',36.3,NULL);
INSERT INTO "ae_tab" VALUES(3,'ZnH',20.2,NULL);
INSERT INTO "ae_tab" VALUES(3,'CuCl',89.1,NULL);
INSERT INTO "ae_tab" VALUES(3,'ZnO',42.8,NULL);
INSERT INTO "ae_tab" VALUES(3,'NiCl',105.3,NULL);
INSERT INTO "ae_tab" VALUES(3,'TiCl',99.3,NULL);
INSERT INTO "ae_tab" VALUES(3,'CuH',56.4,NULL);
INSERT INTO "ae_tab" VALUES(3,'VO',154.3,NULL);
INSERT INTO "ae_tab" VALUES(3,'VCl',98.3,NULL);
INSERT INTO "ae_tab" VALUES(3,'MnS',57.0,NULL);
INSERT INTO "ae_tab" VALUES(3,'CrO',97.6,NULL);
INSERT INTO "ae_tab" VALUES(3,'CoH',51.5,NULL);
INSERT INTO "ae_tab" VALUES(3,'CoCl',88.7,NULL);
INSERT INTO "ae_tab" VALUES(3,'VH',46.9,NULL);
INSERT INTO "ae_tab" VALUES(3,'FeH',34.6,NULL);
INSERT INTO "ae_tab" VALUES(3,'CrH',29.3,NULL);
INSERT INTO "ae_tab" VALUES(4,'MnCl',78.2,NULL);
INSERT INTO "ae_tab" VALUES(4,'ZnCl',48.5,NULL);
INSERT INTO "ae_tab" VALUES(4,'FeCl',77.8,NULL);
INSERT INTO "ae_tab" VALUES(4,'CrCl',83.1,NULL);
INSERT INTO "ae_tab" VALUES(4,'ZnS',24.7,NULL);
INSERT INTO "ae_tab" VALUES(4,'ZnH',21.3,NULL);
INSERT INTO "ae_tab" VALUES(4,'CuCl',81.9,NULL);
INSERT INTO "ae_tab" VALUES(4,'ZnO',21.2,NULL);
INSERT INTO "ae_tab" VALUES(4,'NiCl',78.7,NULL);
INSERT INTO "ae_tab" VALUES(4,'TiCl',91.7,NULL);
INSERT INTO "ae_tab" VALUES(4,'CuH',56.5,NULL);
INSERT INTO "ae_tab" VALUES(4,'VO',122.9,NULL);
INSERT INTO "ae_tab" VALUES(4,'VCl',91.6,NULL);
INSERT INTO "ae_tab" VALUES(4,'MnS',51.6,NULL);
INSERT INTO "ae_tab" VALUES(4,'CrO',78.5,NULL);
INSERT INTO "ae_tab" VALUES(4,'CoH',39.6,NULL);
INSERT INTO "ae_tab" VALUES(4,'CoCl',68.3,NULL);
INSERT INTO "ae_tab" VALUES(4,'VH',51.0,NULL);
INSERT INTO "ae_tab" VALUES(4,'FeH',32.6,NULL);
INSERT INTO "ae_tab" VALUES(4,'CrH',45.3,NULL);
INSERT INTO "ae_tab" VALUES(5,'MnCl',79.5,NULL);
INSERT INTO "ae_tab" VALUES(5,'ZnCl',49.6,NULL);
INSERT INTO "ae_tab" VALUES(5,'FeCl',79.3,NULL);
INSERT INTO "ae_tab" VALUES(5,'CrCl',85.7,NULL);
INSERT INTO "ae_tab" VALUES(5,'ZnS',30.3,NULL);
INSERT INTO "ae_tab" VALUES(5,'ZnH',21.0,NULL);
INSERT INTO "ae_tab" VALUES(5,'CuCl',84.0,NULL);
INSERT INTO "ae_tab" VALUES(5,'ZnO',31.0,NULL);
INSERT INTO "ae_tab" VALUES(5,'NiCl',83.8,NULL);
INSERT INTO "ae_tab" VALUES(5,'TiCl',93.8,NULL);
INSERT INTO "ae_tab" VALUES(5,'CuH',58.3,NULL);
INSERT INTO "ae_tab" VALUES(5,'VO',141.3,NULL);
INSERT INTO "ae_tab" VALUES(5,'VCl',93.6,NULL);
INSERT INTO "ae_tab" VALUES(5,'MnS',58.2,NULL);
INSERT INTO "ae_tab" VALUES(5,'CrO',96.1,NULL);
INSERT INTO "ae_tab" VALUES(5,'CoH',44.0,NULL);
INSERT INTO "ae_tab" VALUES(5,'CoCl',73.2,NULL);
INSERT INTO "ae_tab" VALUES(5,'VH',51.3,NULL);
INSERT INTO "ae_tab" VALUES(5,'FeH',35.4,NULL);
INSERT INTO "ae_tab" VALUES(5,'CrH',46.2,NULL);
INSERT INTO "ae_tab" VALUES(6,'MnCl',79.3,NULL);
INSERT INTO "ae_tab" VALUES(6,'ZnCl',49.6,NULL);
INSERT INTO "ae_tab" VALUES(6,'FeCl',79.2,NULL);
INSERT INTO "ae_tab" VALUES(6,'CrCl',85.7,NULL);
INSERT INTO "ae_tab" VALUES(6,'ZnS',30.1,NULL);
INSERT INTO "ae_tab" VALUES(6,'ZnH',21.2,NULL);
INSERT INTO "ae_tab" VALUES(6,'CuCl',84.0,NULL);
INSERT INTO "ae_tab" VALUES(6,'ZnO',31.1,NULL);
INSERT INTO "ae_tab" VALUES(6,'NiCl',84.0,NULL);
INSERT INTO "ae_tab" VALUES(6,'TiCl',94.3,NULL);
INSERT INTO "ae_tab" VALUES(6,'CuH',58.4,NULL);
INSERT INTO "ae_tab" VALUES(6,'VO',140.2,NULL);
INSERT INTO "ae_tab" VALUES(6,'VCl',93.4,NULL);
INSERT INTO "ae_tab" VALUES(6,'MnS',58.6,NULL);
INSERT INTO "ae_tab" VALUES(6,'CrO',96.1,NULL);
INSERT INTO "ae_tab" VALUES(6,'CoH',45.5,NULL);
INSERT INTO "ae_tab" VALUES(6,'CoCl',74.3,NULL);
INSERT INTO "ae_tab" VALUES(6,'VH',51.4,NULL);
INSERT INTO "ae_tab" VALUES(6,'FeH',36.5,NULL);
INSERT INTO "ae_tab" VALUES(6,'CrH',46.9,NULL);
INSERT INTO "ae_tab" VALUES(7,'MnCl',79.4,NULL);
INSERT INTO "ae_tab" VALUES(7,'ZnCl',49.7,NULL);
INSERT INTO "ae_tab" VALUES(7,'FeCl',79.3,NULL);
INSERT INTO "ae_tab" VALUES(7,'CrCl',85.8,NULL);
INSERT INTO "ae_tab" VALUES(7,'ZnS',30.6,NULL);
INSERT INTO "ae_tab" VALUES(7,'ZnH',21.2,NULL);
INSERT INTO "ae_tab" VALUES(7,'CuCl',84.1,NULL);
INSERT INTO "ae_tab" VALUES(7,'ZnO',32.2,NULL);
INSERT INTO "ae_tab" VALUES(7,'NiCl',84.2,NULL);
INSERT INTO "ae_tab" VALUES(7,'TiCl',94.5,NULL);
INSERT INTO "ae_tab" VALUES(7,'CuH',58.5,NULL);
INSERT INTO "ae_tab" VALUES(7,'VO',141.2,NULL);
INSERT INTO "ae_tab" VALUES(7,'VCl',93.4,NULL);
INSERT INTO "ae_tab" VALUES(7,'MnS',58.7,NULL);
INSERT INTO "ae_tab" VALUES(7,'CrO',96.7,NULL);
INSERT INTO "ae_tab" VALUES(7,'CoH',46.0,NULL);
INSERT INTO "ae_tab" VALUES(7,'CoCl',74.6,NULL);
INSERT INTO "ae_tab" VALUES(7,'VH',51.4,NULL);
INSERT INTO "ae_tab" VALUES(7,'FeH',36.6,NULL);
INSERT INTO "ae_tab" VALUES(7,'CrH',47.0,NULL);
INSERT INTO "ae_tab" VALUES(8,'MnCl',75.3,NULL);
INSERT INTO "ae_tab" VALUES(8,'ZnCl',48.6,NULL);
INSERT INTO "ae_tab" VALUES(8,'FeCl',77.8,NULL);
INSERT INTO "ae_tab" VALUES(8,'CrCl',92.1,NULL);
INSERT INTO "ae_tab" VALUES(8,'ZnS',34.5,NULL);
INSERT INTO "ae_tab" VALUES(8,'ZnH',19.4,NULL);
INSERT INTO "ae_tab" VALUES(8,'CuCl',86.7,NULL);
INSERT INTO "ae_tab" VALUES(8,'ZnO',29.9,NULL);
INSERT INTO "ae_tab" VALUES(8,'NiCl',89.7,NULL);
INSERT INTO "ae_tab" VALUES(8,'TiCl',101.4,NULL);
INSERT INTO "ae_tab" VALUES(8,'CuH',61.6,NULL);
INSERT INTO "ae_tab" VALUES(8,'VO',147.5,NULL);
INSERT INTO "ae_tab" VALUES(8,'VCl',100.2,NULL);
INSERT INTO "ae_tab" VALUES(8,'MnS',71.2,NULL);
INSERT INTO "ae_tab" VALUES(8,'CrO',102.5,NULL);
INSERT INTO "ae_tab" VALUES(8,'CoH',63.9,NULL);
INSERT INTO "ae_tab" VALUES(8,'CoCl',93.7,NULL);
INSERT INTO "ae_tab" VALUES(8,'VH',59.1,NULL);
INSERT INTO "ae_tab" VALUES(8,'FeH',51.7,NULL);
INSERT INTO "ae_tab" VALUES(8,'CrH',53.9,NULL);
CREATE TABLE e_tab(
               run_id INTEGER,
             ele_name INTEGER,
               energy DOUBLE PRECISION,
                  err DOUBLE PRECISION,
               FOREIGN KEY(ele_name) REFERENCES ele_tab(name),
               FOREIGN KEY(run_id) REFERENCES run_tab(run_id),
               PRIMARY KEY(run_id,ele_name)
);
INSERT INTO "e_tab" VALUES(14,'Cl',-459.481132,NULL);
INSERT INTO "e_tab" VALUES(14,'Co',-1381.401514,NULL);
INSERT INTO "e_tab" VALUES(14,'Cr',-1043.35596,NULL);
INSERT INTO "e_tab" VALUES(14,'Cu',-1638.962818,NULL);
INSERT INTO "e_tab" VALUES(14,'Fe',-1262.44743,NULL);
INSERT INTO "e_tab" VALUES(14,'H',-0.499944,NULL);
INSERT INTO "e_tab" VALUES(14,'Mn',-1149.865752,NULL);
INSERT INTO "e_tab" VALUES(14,'Ni',-1506.872955,NULL);
INSERT INTO "e_tab" VALUES(14,'O',-74.810879,NULL);
INSERT INTO "e_tab" VALUES(14,'S',-397.504578,NULL);
INSERT INTO "e_tab" VALUES(14,'Ti',-848.396533,NULL);
INSERT INTO "e_tab" VALUES(14,'V',-942.886035,NULL);
INSERT INTO "e_tab" VALUES(14,'Zn',-1777.847252,NULL);
INSERT INTO "e_tab" VALUES(14,'CoCl',-1840.93871,NULL);
INSERT INTO "e_tab" VALUES(14,'CoH',-1381.903849,NULL);
INSERT INTO "e_tab" VALUES(14,'CrCl',-1502.935772,NULL);
INSERT INTO "e_tab" VALUES(14,'CrH',-1043.889466,NULL);
INSERT INTO "e_tab" VALUES(14,'CrO',-1118.133189,NULL);
INSERT INTO "e_tab" VALUES(14,'CuCl',-2098.543766,NULL);
INSERT INTO "e_tab" VALUES(14,'CuH',-1639.51256,NULL);
INSERT INTO "e_tab" VALUES(14,'FeCl',-1722.050214,NULL);
INSERT INTO "e_tab" VALUES(14,'FeH',-1262.919982,NULL);
INSERT INTO "e_tab" VALUES(14,'MnCl',-1609.470844,NULL);
INSERT INTO "e_tab" VALUES(14,'MnS',-1547.389336,NULL);
INSERT INTO "e_tab" VALUES(14,'NiCl',-1966.406434,NULL);
INSERT INTO "e_tab" VALUES(14,'TiCl',-1308.002765,NULL);
INSERT INTO "e_tab" VALUES(14,'VCl',-1402.499302,NULL);
INSERT INTO "e_tab" VALUES(14,'VH',-943.454481,NULL);
INSERT INTO "e_tab" VALUES(14,'VO',-1017.751722,NULL);
INSERT INTO "e_tab" VALUES(14,'ZnCl',-2237.405996,NULL);
INSERT INTO "e_tab" VALUES(14,'ZnH',-1778.376485,NULL);
INSERT INTO "e_tab" VALUES(14,'ZnO',-1852.594536,NULL);
INSERT INTO "e_tab" VALUES(14,'ZnS',-2175.350565,NULL);
INSERT INTO "e_tab" VALUES(15,'Cl',-459.64003,NULL);
INSERT INTO "e_tab" VALUES(15,'Co',-1381.942282,NULL);
INSERT INTO "e_tab" VALUES(15,'Cr',-1043.736345,NULL);
INSERT INTO "e_tab" VALUES(15,'Cu',-1639.673488,NULL);
INSERT INTO "e_tab" VALUES(15,'H',-0.499944,NULL);
INSERT INTO "e_tab" VALUES(15,'Mn',-1150.273811,NULL);
INSERT INTO "e_tab" VALUES(15,'Ni',-1507.468858,NULL);
INSERT INTO "e_tab" VALUES(15,'O',-74.958337,NULL);
INSERT INTO "e_tab" VALUES(15,'S',-397.630352,NULL);
INSERT INTO "e_tab" VALUES(15,'Ti',-848.715812,NULL);
INSERT INTO "e_tab" VALUES(15,'V',-943.232524,NULL);
INSERT INTO "e_tab" VALUES(15,'Zn',-1778.550046,NULL);
INSERT INTO "e_tab" VALUES(15,'CoCl',-1841.654691,NULL);
INSERT INTO "e_tab" VALUES(15,'CoH',-1382.508873,NULL);
INSERT INTO "e_tab" VALUES(15,'CrCl',-1503.502192,NULL);
INSERT INTO "e_tab" VALUES(15,'CrH',-1044.318349,NULL);
INSERT INTO "e_tab" VALUES(15,'CrO',-1118.812651,NULL);
INSERT INTO "e_tab" VALUES(15,'CuCl',-2099.397697,NULL);
INSERT INTO "e_tab" VALUES(15,'CuH',-1640.261218,NULL);
INSERT INTO "e_tab" VALUES(15,'FeCl',-1722.657114,NULL);
INSERT INTO "e_tab" VALUES(15,'MnS',-1547.96027,NULL);
INSERT INTO "e_tab" VALUES(15,'NiCl',-1967.198453,NULL);
INSERT INTO "e_tab" VALUES(15,'VH',-943.81767,NULL);
INSERT INTO "e_tab" VALUES(15,'VO',-1018.387612,NULL);
INSERT INTO "e_tab" VALUES(15,'ZnCl',-2238.227624,NULL);
INSERT INTO "e_tab" VALUES(15,'ZnH',-1779.085596,NULL);
INSERT INTO "e_tab" VALUES(15,'ZnO',-1853.526605,NULL);
INSERT INTO "e_tab" VALUES(15,'ZnS',-2176.191928,NULL);
DELETE FROM sqlite_sequence;
INSERT INTO "sqlite_sequence" VALUES('basis_tab',1);
INSERT INTO "sqlite_sequence" VALUES('method_tab',7);
INSERT INTO "sqlite_sequence" VALUES('geo_tab',1);
INSERT INTO "sqlite_sequence" VALUES('run_tab',15);
INSERT INTO "sqlite_sequence" VALUES('coord_tab',53);
CREATE VIEW run_tab_expended as
            SELECT  run_tab.run_id run_id,
                   method_tab.name method,
                    basis_tab.name basis,
                      geo_tab.name geo,
                  run_tab.comments comments
            FROM run_tab
            LEFT JOIN method_tab
                 ON run_tab.method_id = method_tab.method_id
            LEFT JOIN basis_tab
                 ON run_tab.basis_id = basis_tab.basis_id
            LEFT JOIN geo_tab
                 ON run_tab.geo_id = geo_tab.geo_id;
CREATE VIEW run_tab_ele AS 
    SELECT run_id, ele_name 
    FROM e_tab 
  UNION 
    SELECT run_id, ele_name 
    FROM ae_tab;
COMMIT;
